# Blender 5.1.2
# www.blender.org
mtllib Untitled.mtl
o BaseHuman
v 1.203565 -0.060339 -3.859313
v 0.282891 0.231434 -2.811507
v 0.392141 0.029481 -2.821651
v 0.412803 -0.141877 -2.832347
v 0.410450 -0.004487 -2.373374
v 0.443589 -0.173259 -2.419781
v 0.101658 -0.289836 -2.334859
v 0.270605 0.278622 -2.342594
v 0.229099 -0.270563 -2.835167
v 0.170732 0.191558 -1.644595
v 0.430754 0.022779 -1.666696
v 0.455777 -0.070112 -1.675928
v 0.193198 -0.114637 -1.647922
v 0.070444 -0.010035 -2.232827
v 0.123034 0.054871 -1.643762
v 0.230438 -0.105084 -1.362409
v 0.408419 -0.071553 -1.350181
v 0.153574 0.082320 -1.255876
v 0.196233 0.196049 -1.253204
v 0.441176 0.044577 -1.252491
v 0.220321 0.199169 0.017379
v 0.452048 0.156878 0.009173
v 0.427718 0.016927 -0.017985
v 0.433069 -0.092918 -0.039301
v 0.255595 -0.135037 -0.047474
v 0.235347 0.017255 -0.017922
v 0.328272 0.235543 0.024438
v 0.337768 -0.155856 -0.051514
v 0.325983 -0.127355 -1.368716
v 0.330951 -0.274131 -2.405156
v 0.319950 -0.125209 -1.661378
v 0.189247 0.173104 -1.443898
v 0.434198 0.039465 -1.441440
v 0.143896 0.078808 -1.406334
v 0.273930 -0.093708 -0.201116
v 0.234060 0.006516 -0.169194
v 0.431763 0.038210 -0.161125
v 0.255255 0.082913 -0.155208
v 0.412003 -0.070559 -0.192152
v 0.331688 0.136566 -0.146832
v 0.338114 -0.104998 -0.204562
v 0.119762 -0.092431 -4.065961
v 0.077010 0.009125 -4.052772
v 0.123900 -0.185975 -4.075297
v 0.098715 -0.251598 -4.078450
v 0.146430 -0.098403 -4.226533
v 0.104212 -0.007758 -4.175075
v 0.111842 -0.194503 -4.266700
v 0.069590 -0.267497 -4.246372
v 0.215045 -0.165731 -4.386983
v 0.119455 -0.315116 -4.389309
v 0.236897 -0.068677 -4.381857
v 0.234741 0.126146 -4.360066
v 0.239835 -0.169169 -4.507013
v 0.246501 -0.105768 -4.515247
v 0.245443 0.136063 -4.449146
v 0.206752 -0.074094 -4.271578
v 0.103017 0.212259 -4.471599
v 0.115630 0.218722 -4.348800
v 0.258743 0.140873 -4.502548
v 0.104203 0.297866 -2.258833
v 0.419913 -0.184233 -2.550898
v 0.401001 0.012142 -2.553099
v 0.280393 0.258009 -2.534122
v 0.121564 0.310369 -2.342295
v 0.321164 -0.318990 -2.585175
v 0.054095 -0.324920 -4.386209
v 0.220826 -0.379801 -2.628493
v 0.142925 0.213044 -4.516192
v 0.107214 -0.035621 -4.062411
v 0.140480 -0.036841 -4.203178
v 0.253350 0.058255 -4.369757
v 0.260439 0.052024 -4.498073
v 0.183088 0.056298 -4.179937
v 1.320498 0.128995 -3.775781
v 1.256433 0.078828 -3.853701
v 1.223610 0.038567 -3.900588
v 1.362348 -0.134406 -3.774207
v 1.374079 -0.115476 -3.752923
v 1.387228 0.072431 -3.732236
v 1.407751 -0.052089 -3.716329
v 1.285836 -0.056470 -3.853533
v 1.585109 -0.030830 -4.096371
v 1.603197 0.028701 -4.085163
v 1.728767 -0.049645 -3.921498
v 1.687477 0.024782 -3.987808
v 1.881448 -0.056079 -4.057969
v 1.959675 -0.096265 -4.060105
v 1.810004 0.033290 -4.243629
v 1.775605 -0.044195 -4.250072
v 1.860264 -0.102043 -4.151195
v 1.928600 -0.151395 -4.074036
v 1.842401 0.016839 -4.207685
v 1.885544 0.049578 -4.290176
v 1.901981 -0.014966 -4.139421
v 1.765136 -0.010707 -4.343770
v 1.957455 -0.035208 -4.191601
v 1.832991 -0.057798 -4.297226
v 1.922080 -0.104626 -4.199380
v 2.012111 -0.169151 -4.091555
v 2.041487 -0.091841 -4.095522
v 1.804766 0.068002 -4.337478
v 1.829360 0.068537 -4.435984
v 1.795881 0.000436 -4.441477
v 2.037803 -0.043280 -4.256583
v 1.922354 0.031205 -4.396798
v 2.127840 -0.101061 -4.149863
v 1.888286 -0.041032 -4.400723
v 2.002198 -0.110901 -4.263290
v 2.101157 -0.170943 -4.145566
v 1.889258 0.017321 -4.528466
v 1.892774 0.066879 -4.502800
v 1.932612 0.056196 -4.477270
v 2.147383 -0.034688 -4.335432
v 2.061410 0.025575 -4.432407
v 2.233510 -0.088883 -4.231763
v 2.059430 -0.019265 -4.452733
v 2.144847 -0.080896 -4.356550
v 1.929163 0.006937 -4.502689
v 2.228553 -0.148584 -4.249306
v 1.949936 0.034337 -4.553912
v 1.956099 0.074335 -4.536518
v 1.979971 0.065926 -4.518588
v 2.273052 -0.001630 -4.414287
v 2.206907 0.042471 -4.485793
v 2.335021 -0.050172 -4.334969
v 2.353455 -0.082107 -4.364653
v 2.223957 0.013636 -4.516671
v 2.291489 -0.032471 -4.443653
v 1.972693 0.029543 -4.534196
v 1.855832 -0.122813 -4.071141
v 1.790041 0.005487 -4.185259
v 1.810929 -0.091757 -4.123728
v 1.769101 -0.052984 -4.193788
v 1.850865 -0.005820 -4.111527
v 1.725094 -0.071213 -3.923080
v 1.810989 0.009905 -4.160832
v 1.873580 -0.073702 -4.056033
v 1.636807 0.060811 -4.044661
v 1.650432 -0.086540 -4.013387
v 1.706560 -0.125380 -3.941381
v 0.470164 0.073881 -3.668897
v 0.303115 0.201685 -3.640080
v 0.469822 -0.177441 -3.650995
v 0.290972 -0.312881 -3.501792
v 0.260869 0.230032 -3.238785
v 0.547781 0.026980 -3.988114
v 0.549777 0.144611 -3.938828
v 0.539591 -0.281640 -3.885724
v 0.556646 -0.125139 -3.978516
v 0.527499 -0.291404 -3.751131
v 0.381281 -0.000055 -4.024287
v 0.372959 -0.245348 -4.000911
v 0.404334 -0.127117 -4.024053
v 0.302402 -0.320934 -3.986581
v 0.680526 -0.232516 -3.894730
v 0.554915 0.179765 -3.824814
v 0.679425 0.160205 -3.837163
v 0.678271 -0.227842 -3.776788
v 0.670405 0.004473 -3.950323
v 0.681002 0.116377 -3.919628
v 0.670347 -0.111718 -3.947291
v 0.365754 -0.344121 -3.717194
v 0.352217 -0.335513 -3.879318
v 0.284252 -0.277307 -3.307144
v 0.331485 -0.118169 -3.034251
v 0.242218 -0.211898 -3.014217
v 0.276643 0.216710 -3.029594
v 0.341126 0.024691 -3.030515
v 0.349587 0.043409 -3.265243
v 0.338274 -0.137413 -3.281735
v 0.532973 0.170319 -3.722131
v 0.677432 0.144076 -3.732914
v 0.423027 0.038997 -0.216761
v 0.230393 0.006920 -0.222986
v 0.271773 -0.061224 -0.239768
v 0.340305 -0.071402 -0.241743
v 0.327449 0.095572 -0.210073
v 0.415950 -0.035644 -0.234804
v 0.258705 0.074086 -0.211382
v 0.246487 -0.096234 -0.986068
v 0.175682 0.072553 -0.986068
v 0.434873 0.043498 -0.986068
v 0.222123 0.138267 -0.986068
v 0.410463 -0.055404 -0.986068
v 0.328436 -0.110130 -0.986068
v 0.241028 0.206147 -0.083912
v 0.416721 -0.078144 -0.144637
v 0.329481 0.231087 -0.080650
v 0.338037 -0.118966 -0.157003
v 0.269823 -0.105542 -0.153423
v 0.234348 0.006345 -0.122032
v 0.430857 0.038114 -0.114379
v 0.443061 0.176663 -0.087604
v 0.329568 0.471428 0.070212
v 0.433069 0.391866 0.054773
v 0.256198 0.445537 0.004793
v 0.239299 0.434639 0.063073
v 0.331213 0.470478 0.008053
v 0.416841 0.416054 0.001100
v 0.862845 0.006733 -3.674229
v 0.862845 0.093196 -3.894903
v 0.862845 -0.192863 -3.879331
v 0.862845 0.113363 -3.809287
v 0.862845 -0.029590 -3.908218
v 0.862845 -0.100756 -3.909518
v 0.862845 -0.188495 -3.803851
v 0.862845 -0.168860 -3.698941
v 0.862845 0.091377 -3.706822
v 0.151942 0.187177 -4.244421
v 0.133577 0.202290 -4.240763
v 0.166817 0.183384 -4.289135
v 0.139005 0.208410 -4.291844
v 0.132953 0.200577 -4.204544
v 0.224261 -0.051436 -4.321261
v 0.151791 0.194441 -4.140939
v 0.202195 0.071618 -4.198619
v 0.147982 0.188187 -4.278439
v 0.147355 0.188347 -4.271348
v 0.123348 0.204290 -4.281736
v 0.128168 0.212347 -4.259009
v 0.143634 -0.330378 -4.433993
v 0.223911 -0.163578 -4.427854
v 0.128784 0.221125 -4.279187
v 0.145562 0.195624 -4.278819
v 0.244970 -0.084058 -4.434156
v 0.242399 0.135053 -4.405804
v 0.104280 0.211529 -4.407527
v 0.259934 0.050517 -4.420977
v 0.109318 0.248059 -4.400562
v 0.192483 0.147343 -4.226044
v 0.226137 0.071961 -4.272503
v 0.211690 0.137265 -4.268363
v 0.131402 0.140071 -4.135967
v 0.117539 0.268856 -4.358634
v 0.118467 0.264445 -4.348673
v 0.286251 0.067315 -3.948087
v 0.297140 0.148546 -3.890136
v 0.316375 0.205377 -3.772384
v 0.329084 0.223627 -1.257229
v 0.300555 0.217053 -1.668318
v 0.324347 0.178384 -0.986068
v 0.310315 0.199755 -1.453459
v 1.211788 -0.179940 -3.774757
v 1.260208 -0.062246 -3.664895
v 1.197070 -0.181723 -3.828016
v 1.225747 -0.169819 -3.676507
v 0.252674 0.035569 -4.661899
v 0.136436 0.187337 -4.673547
v 0.241532 0.110913 -4.675877
v 0.209229 0.177251 -4.516617
v 0.164718 0.099031 -4.158923
v 0.182992 0.132548 -4.177181
v 0.170826 0.180912 -4.353308
v 0.173978 0.179704 -4.409706
v 0.182141 0.170151 -4.458637
v 0.244906 0.135648 -0.694190
v 0.399528 -0.091307 -0.766281
v 0.332476 -0.130829 -0.739711
v 0.259156 -0.120410 -0.742427
v 0.195604 0.042910 -0.711866
v 0.421210 0.039740 -0.714819
v 0.319703 0.173843 -0.690677
v 0.176774 -0.184012 -1.979280
v 0.125268 0.248118 -1.947202
v 0.433469 0.028564 -2.033192
v 0.465167 -0.096212 -2.048538
v 0.080874 0.043030 -1.936383
v 0.342795 -0.172357 -2.036187
v 0.292219 0.269033 -2.005780
v 0.213831 -0.017838 -4.043349
v 0.218014 -0.215662 -4.038104
v 0.170007 -0.294769 -4.034506
v 0.231632 -0.109774 -4.045007
v 0.151215 0.041794 -4.000430
v 0.245123 -0.005211 -4.375807
v 0.253470 -0.026872 -4.506660
v 0.252734 -0.015665 -4.427566
v 0.226355 0.015943 -4.297195
v 0.117080 0.242085 -4.348735
v 0.110075 0.215202 -4.377542
v 0.114727 0.234952 -4.370049
v 0.128321 0.225276 -4.350961
v 0.122945 0.208511 -4.351026
v 0.119702 0.206526 -4.372875
v 0.124963 0.220904 -4.367367
v 0.056923 -0.329837 -4.387802
v 0.246082 -0.171219 -4.510830
v 0.252872 -0.106652 -4.519216
v 0.123487 -0.319854 -4.390959
v 0.259969 -0.026303 -4.510471
v 0.254466 -0.032454 -4.670177
v 0.259159 0.037288 -4.668568
v 0.247003 0.040708 -4.751684
v 0.247811 0.114018 -4.682802
v 0.267067 0.054045 -4.501725
v 0.148110 -0.335396 -4.436466
v 0.249773 -0.102196 -4.671787
v 0.054148 -0.357307 -4.435951
v 0.140780 0.191850 -4.680430
v 0.123330 0.123129 -4.759457
v 0.229036 -0.177031 -4.659543
v 0.133329 -0.351197 -4.519287
v 0.202655 -0.182611 -4.729230
v 0.112237 -0.332593 -4.684229
v 0.051913 -0.379434 -4.518401
v 0.242312 -0.027847 -4.742398
v 0.237621 -0.096402 -4.733111
v 0.083855 -0.045200 -4.838831
v 0.057781 -0.154408 -4.835548
v 0.153006 -0.069330 -4.815916
v 0.124857 -0.171662 -4.804537
v 0.111772 0.073554 -4.799747
v 0.126647 -0.350774 -4.641950
v 0.040257 -0.296992 -4.786715
v 0.033363 -0.359331 -4.678419
v 0.036712 -0.367593 -4.640555
v 0.323893 -0.333541 -2.648685
v 0.435605 -0.190671 -2.615567
v 0.316001 0.274454 -2.599973
v 0.415348 0.016311 -2.618079
v 0.225023 -0.394048 -2.690615
v -1.430182 0.208065 -3.341827
v -0.282891 0.231434 -2.811507
v -0.392141 0.029481 -2.821651
v -0.412803 -0.141877 -2.832347
v -0.410450 -0.004487 -2.373374
v -0.443589 -0.173259 -2.419781
v -0.077557 -0.289836 -2.334859
v -0.270605 0.278622 -2.342594
v -0.229099 -0.270563 -2.835167
v -0.207625 0.191558 -1.634601
v -0.465924 0.022779 -1.671774
v -0.490369 -0.070112 -1.682445
v -0.229860 -0.114637 -1.639228
v -0.046343 -0.010035 -2.232827
v -0.160056 0.054871 -1.630998
v -0.283628 -0.105084 -1.356361
v -0.462019 -0.071553 -1.354496
v -0.213085 0.082320 -1.245541
v -0.255827 0.196049 -1.245353
v -0.500397 0.044577 -1.258874
v -0.352500 0.198342 0.021639
v -0.583836 0.158616 0.000214
v -0.559547 0.018397 -0.025556
v -0.564889 -0.091389 -0.047177
v -0.387715 -0.135473 -0.045227
v -0.367501 0.016594 -0.014519
v -0.460270 0.235912 0.022540
v -0.469750 -0.155382 -0.053954
v -0.378645 -0.127355 -1.368209
v -0.330951 -0.274131 -2.405156
v -0.355616 -0.125209 -1.660027
v -0.237772 0.173104 -1.435319
v -0.482452 0.039465 -1.447098
v -0.194680 0.078808 -1.395183
v -0.396797 -0.093992 -0.199651
v -0.357706 0.005795 -0.165475
v -0.555184 0.039677 -0.168687
v -0.378818 0.082426 -0.152697
v -0.534892 -0.069313 -0.198570
v -0.455005 0.136924 -0.148677
v -0.460801 -0.104572 -0.206756
v -0.119762 -0.092431 -4.065961
v -0.077010 0.009125 -4.052772
v -0.123900 -0.185975 -4.075297
v -0.098715 -0.251598 -4.078450
v -0.130468 -0.027782 -4.226533
v -0.049994 0.031571 -4.175075
v -0.146131 -0.128709 -4.266700
v -0.143998 -0.213023 -4.246372
v -0.222948 -0.054024 -4.386983
v -0.210580 -0.230943 -4.389309
v -0.195648 0.041641 -4.381857
v -0.100448 0.211633 -4.360066
v -0.246355 -0.045169 -4.507013
v -0.221843 0.013680 -4.515247
v -0.105093 0.225465 -4.449146
v -0.171779 0.022448 -4.271578
v 0.056429 0.224141 -4.471599
v 0.048452 0.235855 -4.348800
v -0.114465 0.236057 -4.502548
v -0.080102 0.297866 -2.258833
v -0.419913 -0.184233 -2.550898
v -0.401001 0.012142 -2.553099
v -0.280393 0.258009 -2.534122
v -0.121564 0.310369 -2.342295
v -0.321164 -0.318990 -2.585175
v -0.157898 -0.270852 -4.386209
v -0.220826 -0.379801 -2.628493
v 0.021771 0.243944 -4.516192
v -0.107214 -0.035621 -4.062411
v -0.095761 0.023411 -4.203178
v -0.149299 0.160948 -4.369757
v -0.158507 0.158873 -4.498073
v -0.088557 0.125579 -4.179937
v -1.367981 0.132044 -3.145911
v -1.419027 0.223484 -3.187452
v -1.457951 0.272783 -3.218292
v -1.530550 0.064168 -3.346157
v -1.511026 0.044306 -3.332992
v -1.400278 0.046050 -3.179235
v -1.466990 0.003874 -3.278984
v -1.506710 0.182957 -3.286646
v -1.718196 0.212721 -2.904267
v -1.693949 0.155847 -2.891067
v -1.787455 0.082640 -3.077050
v -1.731948 0.076015 -2.984766
v -1.946635 0.026836 -2.960755
v -2.030049 0.004870 -2.978036
v -1.894149 0.063363 -2.752256
v -1.915109 0.142125 -2.776467
v -1.984408 0.099580 -2.893419
v -2.042665 0.067867 -2.986475
v -1.917901 0.043620 -2.792977
v -1.955466 0.016059 -2.705987
v -1.961859 0.007785 -2.870469
v -1.914809 0.152098 -2.676913
v -2.030890 0.000856 -2.833097
v -1.980261 0.127844 -2.741068
v -2.046792 0.074953 -2.852782
v -2.121466 0.031063 -2.980816
v -2.099816 -0.041336 -2.946978
v -1.897147 0.069117 -2.652267
v -1.944065 0.080862 -2.562996
v -1.959975 0.152147 -2.584306
v -2.115409 -0.027162 -2.780041
v -2.025034 0.035489 -2.617425
v -2.186475 -0.075489 -2.904332
v -2.042454 0.109622 -2.641821
v -2.129778 0.045514 -2.799966
v -2.205741 -0.010164 -2.935564
v -2.046206 0.104366 -2.501527
v -2.012526 0.059863 -2.505025
v -2.041581 0.034192 -2.534177
v -2.216412 -0.081963 -2.708667
v -2.144156 -0.040808 -2.592423
v -2.283304 -0.129402 -2.828571
v -2.174701 -0.002149 -2.591949
v -2.247562 -0.041754 -2.708002
v -2.075064 0.078370 -2.530785
v -2.319451 -0.079138 -2.836547
v -2.089702 0.060190 -2.473677
v -2.066004 0.023058 -2.473594
v -2.083823 0.008338 -2.494279
v -2.315354 -0.164451 -2.627982
v -2.260181 -0.132079 -2.542301
v -2.367681 -0.193210 -2.722442
v -2.408902 -0.174241 -2.708960
v -2.298892 -0.114053 -2.526420
v -2.355848 -0.146345 -2.614348
v -2.104048 0.043141 -2.494487
v -1.969941 0.094236 -2.974794
v -1.878288 0.079261 -2.816087
v -1.933009 0.116580 -2.912480
v -1.898976 0.136478 -2.831196
v -1.909650 0.026624 -2.890315
v -1.797705 0.100664 -3.084205
v -1.884522 0.055556 -2.837400
v -1.950382 0.043808 -2.969367
v -1.688976 0.099824 -2.916324
v -1.776186 0.185781 -3.005105
v -1.820542 0.156077 -3.088735
v -0.470164 0.073881 -3.668897
v -0.303115 0.201685 -3.640080
v -0.469822 -0.177441 -3.650995
v -0.290972 -0.312881 -3.501792
v -0.260869 0.230032 -3.238785
v -0.622542 0.078574 -3.893582
v -0.618033 0.190868 -3.833251
v -0.600946 -0.238352 -3.823663
v -0.630066 -0.073863 -3.897751
v -0.571242 -0.260895 -3.693408
v -0.381281 -0.000055 -4.024287
v -0.372959 -0.245348 -4.000911
v -0.404334 -0.127117 -4.024053
v -0.302402 -0.320934 -3.986581
v -0.768446 -0.143112 -3.792230
v -0.608118 0.214794 -3.716672
v -0.751069 0.229417 -3.656343
v -0.732845 -0.162083 -3.681279
v -0.774501 0.100388 -3.797557
v -0.775961 0.203022 -3.742409
v -0.773586 -0.013835 -3.819052
v -0.365754 -0.344121 -3.717194
v -0.352217 -0.335513 -3.879318
v -0.284252 -0.277307 -3.307144
v -0.331485 -0.118169 -3.034251
v -0.242218 -0.211898 -3.014217
v -0.276643 0.216710 -3.029594
v -0.341126 0.024691 -3.030515
v -0.349587 0.043409 -3.265243
v -0.338274 -0.137413 -3.281735
v -0.572850 0.195770 -3.619159
v -0.719602 0.192837 -3.562515
v -0.543281 0.040350 -0.223734
v -0.350972 0.006141 -0.218970
v -0.392079 -0.061547 -0.238107
v -0.460495 -0.070966 -0.243991
v -0.447619 0.095865 -0.211586
v -0.536013 -0.034370 -0.241367
v -0.379155 0.073620 -0.208979
v -0.321519 -0.096234 -0.981589
v -0.250833 0.072553 -0.977475
v -0.509586 0.043498 -0.992536
v -0.297196 0.138267 -0.980173
v -0.485218 -0.055404 -0.991117
v -0.403329 -0.110130 -0.986351
v -0.367317 0.205517 -0.080666
v -0.542397 -0.076830 -0.151404
v -0.455531 0.231436 -0.082448
v -0.463591 -0.118525 -0.159275
v -0.395549 -0.105856 -0.151805
v -0.360686 0.005641 -0.118406
v -0.556947 0.039586 -0.121965
v -0.569125 0.178270 -0.095887
v -0.461563 0.471811 0.068240
v -0.564889 0.393394 0.046897
v -0.384872 0.445089 0.007104
v -0.371447 0.434023 0.066250
v -0.459670 0.470859 0.006089
v -0.545359 0.417384 -0.005756
v -0.880769 0.035752 -3.484833
v -0.943333 0.164599 -3.673665
v -0.938918 -0.118248 -3.718944
v -0.919060 0.167131 -3.589159
v -0.947108 0.047206 -3.711854
v -0.947477 -0.022123 -3.727970
v -0.917519 -0.129129 -3.647250
v -0.887775 -0.130990 -3.544764
v -0.890010 0.125064 -3.497678
v 0.001468 0.225555 -4.244421
v 0.024827 0.230026 -4.240763
v -0.013407 0.229349 -4.289135
v 0.022993 0.237998 -4.291844
v 0.024555 0.228223 -4.204544
v -0.176297 0.050724 -4.321261
v 0.005079 0.231859 -4.140939
v -0.097993 0.148179 -4.198619
v 0.005428 0.224545 -4.278439
v 0.006054 0.224385 -4.271348
v 0.034764 0.226883 -4.281736
v 0.034392 0.236264 -4.259009
v -0.239114 -0.232760 -4.433993
v -0.229700 -0.047888 -4.427854
v 0.038056 0.244265 -4.279187
v 0.011114 0.229914 -4.278819
v -0.210101 0.032005 -4.434156
v -0.102904 0.223121 -4.405804
v 0.054971 0.224105 -4.407527
v -0.158785 0.157309 -4.420977
v 0.068043 0.258586 -4.400562
v -0.053199 0.210003 -4.226044
v -0.118845 0.159947 -4.272503
v -0.074887 0.210355 -4.268363
v -0.003062 0.174365 -4.135967
v 0.070787 0.280779 -4.358634
v 0.067860 0.277352 -4.348673
v 0.082273 0.228198 -4.236408
v -0.286251 0.067315 -3.948087
v -0.297140 0.148545 -3.890136
v -0.316375 0.205377 -3.772384
v -0.388220 0.223627 -1.257091
v -0.335850 0.217053 -1.665828
v -0.399247 0.178384 -0.986113
v -0.358080 0.199755 -1.451899
v -1.394810 0.074468 -3.391043
v -1.300629 0.006067 -3.311421
v -1.426175 0.109770 -3.419788
v -1.297738 -0.064588 -3.400269
v -0.000000 0.304580 -2.772656
v -0.000000 0.122489 -3.932932
v 0.000000 -0.320350 -2.839819
v -0.000000 0.321770 -2.344022
v 0.000000 -0.303673 -2.340657
v 0.000000 -0.025952 -2.249228
v -0.000000 0.052478 -4.022410
v 0.000000 -0.280312 -4.074867
v 0.031275 0.028242 -4.160408
v -0.045983 -0.274679 -4.229931
v -0.060663 -0.332239 -4.380025
v 0.083979 0.234888 -4.340439
v 0.081890 0.226695 -4.473411
v 0.084110 0.235402 -4.512652
v -0.000000 0.278844 -2.241946
v -0.000000 0.332587 -2.484494
v 0.000000 -0.387943 -2.652871
v 0.000000 -0.359122 -3.976538
v 0.000000 -0.393009 -3.896440
v 0.000000 -0.373925 -3.717194
v 0.000000 -0.347568 -3.500947
v 0.000000 -0.319437 -3.307144
v 0.000000 -0.249577 -3.011765
v 0.083184 0.231771 -4.288185
v 0.080964 0.223068 -4.197864
v 0.081753 0.226161 -4.133437
v 0.080668 0.221906 -4.280955
v 0.083196 0.231816 -4.258664
v 0.084987 0.238841 -4.279616
v 0.090643 0.261018 -4.398766
v 0.069996 0.180063 -4.118153
v 0.094631 0.276654 -4.342538
v 0.095795 0.281216 -4.354403
v -0.000000 0.165949 -3.866921
v -0.000000 0.302510 -3.012482
v -0.000000 0.298879 -3.229421
v -0.000000 0.232020 -3.626495
v -0.000000 0.210405 -3.742501
v -0.159571 0.140710 -4.661899
v 0.015156 0.218269 -4.673547
v 0.077986 0.211390 -4.671070
v -0.113705 0.201513 -4.675877
v -0.053576 0.244278 -4.516617
v -0.051964 0.154294 -4.158923
v -0.051953 0.192469 -4.177181
v -0.018111 0.229100 -4.353308
v -0.021457 0.229548 -4.409706
v -0.033197 0.225072 -4.458637
v -0.336901 0.135648 -0.690112
v -0.487072 -0.091307 -0.771066
v -0.421678 -0.130829 -0.740645
v -0.348324 -0.120410 -0.739095
v -0.286655 0.042910 -0.704893
v -0.511708 0.039740 -0.720951
v -0.411775 0.173843 -0.690951
v -0.194209 -0.184012 -1.969071
v -0.144655 0.248118 -1.934055
v -0.447338 0.028564 -2.037809
v -0.478091 -0.096212 -2.054970
v -0.100964 0.043030 -1.920674
v -0.356643 -0.172357 -2.035529
v -0.307920 0.269033 -2.002235
v -0.213831 -0.017838 -4.043349
v -0.000000 0.088879 -3.965077
v -0.218014 -0.215662 -4.038104
v -0.170007 -0.294769 -4.034506
v -0.231632 -0.109774 -4.045007
v 0.000000 -0.319717 -4.025703
v -0.151215 0.041794 -4.000430
v -0.172473 0.101294 -4.375807
v -0.190175 0.086277 -4.506660
v -0.184161 0.095762 -4.427566
v -0.145866 0.110875 -4.297195
v 0.058369 0.257059 -4.348735
v 0.051642 0.230104 -4.377542
v 0.057018 0.249670 -4.370049
v 0.040450 0.247687 -4.350961
v 0.037140 0.230395 -4.351026
v 0.039036 0.227099 -4.372875
v 0.041304 0.242241 -4.367367
v -0.162736 -0.273815 -4.387802
v -0.061829 -0.336811 -4.381504
v -0.252822 -0.043977 -4.510830
v -0.227859 0.015955 -4.519216
v -0.216388 -0.233171 -4.390959
v -0.195608 0.089889 -4.510471
v -0.193722 0.081853 -4.670177
v -0.164440 0.145324 -4.668568
v -0.152131 0.142505 -4.751684
v -0.117729 0.207247 -4.682802
v -0.163356 0.163822 -4.501725
v -0.245447 -0.235021 -4.436466
v 0.062580 0.150985 -4.761345
v 0.079372 0.216825 -4.677567
v -0.223004 0.018383 -4.671787
v -0.173456 -0.299258 -4.435951
v -0.068571 -0.363244 -4.440063
v 0.013503 0.224311 -4.680430
v -0.004090 0.155627 -4.759457
v -0.240641 -0.057243 -4.659543
v -0.240039 -0.255972 -4.519287
v -0.220155 -0.074776 -4.729230
v -0.212613 -0.249742 -4.684229
v -0.182092 -0.319753 -4.518401
v -0.074001 -0.384536 -4.519680
v -0.180846 0.080077 -4.742398
v -0.209562 0.017649 -4.733111
v 0.018081 -0.023492 -4.842737
v 0.046943 0.089674 -4.811850
v -0.010835 -0.136867 -4.844611
v -0.050055 -0.011047 -4.838831
v -0.079470 -0.119402 -4.835548
v -0.068270 -0.362064 -4.679144
v -0.049499 -0.288464 -4.788741
v -0.071136 -0.373300 -4.641275
v -0.122317 0.000889 -4.815916
v -0.146616 -0.102425 -4.804537
v -0.017688 0.106572 -4.799747
v -0.233970 -0.258801 -4.641950
v -0.132375 -0.252963 -4.786715
v -0.156179 -0.310990 -4.678419
v -0.163076 -0.316639 -4.640555
v -0.323893 -0.333541 -2.648685
v -0.435605 -0.190671 -2.615567
v -0.000000 0.353930 -2.548533
v -0.316001 0.274454 -2.599973
v -0.415348 0.016311 -2.618079
v -0.225023 -0.394048 -2.690615
v 0.000000 -0.403562 -2.718463
v 0.174031 0.152289 -4.424538
v 0.159908 0.187794 -4.448153
v 0.135900 0.149829 -4.448153
v 0.164588 0.115263 -4.448153
v 0.206327 0.131867 -4.448153
v 0.203434 0.176693 -4.448153
v 0.141736 0.172712 -4.486366
v 0.144629 0.127885 -4.486366
v 0.188155 0.116784 -4.486366
v 0.212163 0.154750 -4.486366
v 0.183475 0.189315 -4.486366
v 0.174031 0.152289 -4.509982
v 0.151618 0.150843 -4.430919
v 0.165730 0.173158 -4.430919
v 0.143317 0.171712 -4.444799
v 0.183013 0.187503 -4.444799
v 0.191314 0.166633 -4.430919
v 0.168481 0.130526 -4.430919
v 0.146068 0.129079 -4.444799
v 0.193014 0.140285 -4.430919
v 0.187464 0.118522 -4.444799
v 0.210297 0.154630 -4.444799
v 0.171281 0.194922 -4.467260
v 0.196865 0.188397 -4.467260
v 0.132635 0.162847 -4.467260
v 0.146747 0.185163 -4.467260
v 0.151198 0.116181 -4.467260
v 0.134335 0.136498 -4.467260
v 0.201316 0.119415 -4.467260
v 0.176782 0.109656 -4.467260
v 0.213728 0.168080 -4.467260
v 0.215428 0.141731 -4.467260
v 0.160599 0.186057 -4.489720
v 0.137766 0.149949 -4.489720
v 0.165050 0.117075 -4.489720
v 0.204746 0.132866 -4.489720
v 0.201995 0.175499 -4.489720
v 0.155049 0.164293 -4.503601
v 0.179582 0.174052 -4.503601
v 0.156749 0.137945 -4.503601
v 0.182333 0.131420 -4.503601
v 0.196445 0.153735 -4.503601
v 0.132451 0.207679 -4.498461
v 0.130393 0.208204 -4.514674
v 0.248657 0.138823 -4.489295
v 0.137941 0.217228 -4.498717
v 0.135883 0.217753 -4.514931
v 0.254175 0.148356 -4.489045
v 0.198015 0.181368 -4.505924
v 0.195957 0.181893 -4.522138
v 0.203505 0.190917 -4.506180
v 0.201447 0.191441 -4.522394
v -0.034633 0.205508 -4.424538
v -0.005230 0.229912 -4.448153
v -0.002337 0.185085 -4.448153
v -0.044076 0.168482 -4.448153
v -0.072765 0.203047 -4.448153
v -0.048756 0.241013 -4.448153
v 0.003499 0.207968 -4.486366
v -0.020510 0.170002 -4.486366
v -0.064036 0.181104 -4.486366
v -0.066929 0.225930 -4.486366
v -0.025190 0.242534 -4.486366
v -0.034633 0.205508 -4.509982
v -0.015650 0.193504 -4.430919
v -0.017350 0.219852 -4.430919
v 0.001633 0.207848 -4.444799
v -0.025652 0.240721 -4.444799
v -0.042934 0.226377 -4.430919
v -0.040184 0.183744 -4.430919
v -0.021201 0.171740 -4.444799
v -0.057046 0.204062 -4.430919
v -0.062597 0.182298 -4.444799
v -0.065348 0.224931 -4.444799
v -0.011800 0.241616 -4.467260
v -0.037384 0.248141 -4.467260
v 0.006763 0.194950 -4.467260
v 0.005063 0.221298 -4.467260
v -0.031882 0.162875 -4.467260
v -0.007348 0.172634 -4.467260
v -0.074329 0.189717 -4.467260
v -0.057466 0.169400 -4.467260
v -0.061918 0.238381 -4.467260
v -0.076029 0.216066 -4.467260
v -0.006669 0.228717 -4.489720
v -0.003918 0.186084 -4.489720
v -0.043614 0.170294 -4.489720
v -0.070898 0.203167 -4.489720
v -0.048065 0.239275 -4.489720
v -0.012220 0.206954 -4.503601
v -0.029082 0.227271 -4.503601
v -0.026331 0.184638 -4.503601
v -0.051915 0.191163 -4.503601
v -0.053616 0.217512 -4.503601
v 0.028397 0.234218 -4.498461
v 0.030455 0.233693 -4.514674
v -0.106592 0.229427 -4.489295
v 0.028151 0.245230 -4.498717
v 0.030209 0.244705 -4.514931
v -0.106871 0.240439 -4.489045
v -0.041760 0.242521 -4.505924
v -0.039702 0.241996 -4.522138
v -0.042006 0.253533 -4.506180
v -0.039948 0.253008 -4.522394
v 0.270235 -0.105100 -4.370072
v 0.260391 -0.110607 -4.369377
v 0.236088 -0.056676 -4.478637
v 0.232386 -0.043756 -4.411767
v 0.226722 -0.062916 -4.477612
v 0.223020 -0.049996 -4.410742
v 0.257714 -0.106854 -4.482958
v 0.240286 -0.067132 -4.373135
v 0.267558 -0.101348 -4.483654
v 0.250129 -0.061626 -4.373830
v 0.281330 -0.120876 -4.414012
v 0.271486 -0.126382 -4.413317
v 0.224635 -0.054926 -4.438920
v 0.234001 -0.048686 -4.439945
v 0.258744 -0.081144 -4.424048
v 0.248900 -0.086650 -4.423353
v 0.231875 -0.061539 -4.391887
v 0.245705 -0.070903 -4.471991
v 0.236340 -0.077143 -4.470965
v 0.241241 -0.055299 -4.392912
v 0.242821 -0.061092 -4.428591
v 0.233455 -0.067332 -4.427567
v 0.258761 -0.080051 -4.357582
v 0.248918 -0.085558 -4.356886
v 0.260681 -0.107783 -4.416975
v 0.270525 -0.102277 -4.417669
v 0.261688 -0.118939 -4.480638
v 0.266344 -0.131437 -4.462990
v 0.276187 -0.125930 -4.463686
v 0.271532 -0.113432 -4.481334
v -0.242358 0.025634 -4.370072
v -0.236354 0.016085 -4.369377
v -0.189190 0.051789 -4.478637
v -0.179752 0.061358 -4.411767
v -0.183957 0.041825 -4.477612
v -0.174519 0.051394 -4.410742
v -0.232207 0.018097 -4.482958
v -0.197883 0.044620 -4.373135
v -0.238211 0.027646 -4.483654
v -0.203887 0.054168 -4.373830
v -0.259653 0.017099 -4.414013
v -0.253649 0.007550 -4.413318
v -0.178298 0.047839 -4.438920
v -0.183531 0.057803 -4.439945
v -0.220797 0.041160 -4.424048
v -0.214793 0.031612 -4.423353
v -0.187821 0.045502 -4.391888
v -0.204446 0.043905 -4.471991
v -0.199213 0.033942 -4.470965
v -0.193054 0.055465 -4.392912
v -0.197215 0.051137 -4.428591
v -0.191982 0.041173 -4.427567
v -0.220289 0.042127 -4.357582
v -0.214285 0.032579 -4.356886
v -0.235256 0.018702 -4.416975
v -0.241260 0.028251 -4.417669
v -0.241482 0.009392 -4.480638
v -0.251555 0.000650 -4.462991
v -0.257559 0.010198 -4.463686
v -0.247486 0.018940 -4.481334
v 0.221053 0.199416 0.013795
v 0.432490 -0.092395 -0.043028
v 0.337778 -0.154550 -0.055247
v 0.256098 -0.133993 -0.051223
v 0.235311 0.016869 -0.021606
v 0.427829 0.017677 -0.021396
v 0.451730 0.157578 0.005748
v 0.239897 0.435025 0.061011
v 0.329626 0.471394 0.068013
v 0.432495 0.392722 0.052874
v -0.352500 0.198342 0.021639
v -0.564889 -0.091389 -0.047177
v -0.469750 -0.155382 -0.053954
v -0.387715 -0.135473 -0.045227
v -0.367501 0.016594 -0.014519
v -0.559547 0.018397 -0.025556
v -0.583836 0.158616 0.000214
v -0.371447 0.434023 0.066250
v -0.461563 0.471811 0.068240
v -0.564889 0.393394 0.046897
v 1.144987 -0.184217 -3.794586
v 1.153945 -0.080547 -3.888942
v 1.151319 -0.027756 -3.670081
v 1.146087 -0.187293 -3.859932
v 1.153945 -0.044964 -3.888292
v 1.136675 -0.169340 -3.693214
v 1.187415 0.079091 -3.878745
v 1.187038 0.063607 -3.694857
v 1.185585 0.086703 -3.801085
v -1.200436 -0.025899 -3.554973
v -1.237371 0.109582 -3.558333
v -1.131030 0.030887 -3.376144
v -1.230876 0.007865 -3.602028
v -1.232620 0.138165 -3.537668
v -1.146090 -0.068967 -3.479089
v -1.242497 0.228235 -3.446066
v -1.162273 0.113136 -3.326185
v -1.205361 0.191413 -3.388122
v -0.000000 0.095576 -3.958672
v 0.247199 -0.014294 -4.039551
v 0.248889 -0.221577 -4.030693
v 0.196389 -0.299983 -4.024956
v 0.266046 -0.113230 -4.040831
v 0.000000 -0.332588 -4.015906
v 0.178123 0.046879 -3.990000
v -0.247199 -0.014294 -4.039551
v -0.248889 -0.221577 -4.030693
v -0.196389 -0.299983 -4.024956
v -0.266046 -0.113230 -4.040831
v -0.178123 0.046879 -3.990000
v 0.247199 -0.017494 -4.075336
v 0.213831 -0.021038 -4.079135
v 0.248889 -0.224777 -4.066479
v 0.218014 -0.218861 -4.073890
v 0.196389 -0.303183 -4.060742
v 0.170007 -0.297969 -4.070292
v 0.266046 -0.116430 -4.076617
v 0.231632 -0.112974 -4.080792
v 0.000000 -0.335788 -4.051692
v 0.000000 -0.322916 -4.061489
v 0.178123 0.043680 -4.025785
v 0.151215 0.038594 -4.036216
v -0.247199 -0.017494 -4.075336
v -0.213831 -0.021038 -4.079135
v -0.248889 -0.224777 -4.066479
v -0.218014 -0.218861 -4.073890
v -0.196389 -0.303183 -4.060742
v -0.170007 -0.297969 -4.070292
v -0.266046 -0.116430 -4.076617
v -0.231632 -0.112974 -4.080792
v -0.178123 0.043680 -4.025785
v -0.151215 0.038594 -4.036216
v 0.235978 -0.472321 -2.544173
v 0.235638 -0.463104 -2.526438
v 0.469770 -0.233111 -2.435183
v 0.353638 -0.391589 -2.475495
v 0.447529 -0.002168 -2.437772
v -0.024061 -0.472680 -2.555106
v 0.350234 -0.402397 -2.495718
v 0.479330 -0.237295 -2.457446
v 0.305690 0.286979 -2.415455
v -0.024061 0.374686 -2.357090
v 0.308668 0.300209 -2.439425
v -0.024061 0.392052 -2.379980
v 0.455920 0.001896 -2.460350
v -0.024061 -0.483315 -2.576354
v -0.284100 -0.472321 -2.544173
v -0.283759 -0.463104 -2.526438
v -0.517892 -0.233111 -2.435183
v -0.401759 -0.391589 -2.475495
v -0.495651 -0.002168 -2.437772
v -0.398356 -0.402397 -2.495718
v -0.527452 -0.237295 -2.457446
v -0.353812 0.286979 -2.415455
v -0.356790 0.300209 -2.439425
v -0.504042 0.001896 -2.460350
v 0.241375 0.075930 -4.787347
v 0.260664 0.140576 -4.758305
v 0.075533 0.181064 -4.796947
v 0.092225 0.243383 -4.734580
v 0.270859 0.068091 -4.704761
v 0.153634 0.218408 -4.755932
v 0.135896 0.153386 -4.795070
v -0.120404 0.168199 -4.803352
v -0.104876 0.233805 -4.774310
v 0.026357 0.250869 -4.771937
v 0.009287 0.185677 -4.811075
v 1.846339 0.003546 -4.102539
v 1.874133 -0.078453 -4.036392
v 1.772977 0.016425 -4.191158
v 1.748427 -0.052710 -4.201406
v 1.799353 -0.099603 -4.117816
v 1.883155 -0.057382 -4.038452
v 1.853119 -0.136789 -4.054443
v 1.798540 0.023434 -4.161266
v -1.896584 0.024156 -2.896048
v -1.943957 0.043909 -2.985880
v -1.861054 0.084989 -2.811675
v -1.884430 0.148879 -2.828409
v -1.924239 0.126125 -2.920671
v -1.939285 0.024873 -2.976369
v -1.966050 0.100614 -2.991875
v -1.867178 0.056091 -2.835778
v 0.433165 0.186002 -3.682729
v 0.423458 0.146578 -3.914482
v 0.435645 0.192571 -3.798599
v 0.429455 0.007767 -4.013821
v 0.425562 0.108177 -3.943193
v -0.433165 0.186002 -3.682729
v -0.423458 0.146578 -3.914482
v -0.435645 0.192571 -3.798599
v -0.420056 0.106562 -3.943386
v -0.411346 0.004827 -4.017756
v -0.406784 0.173332 -3.604446
v -0.326316 0.189531 -3.254104
v 0.331972 0.176247 -3.255987
v 0.411645 0.169638 -3.605279
vn 0.1168 0.0262 -0.9928
vn 0.3281 -0.0997 0.9394
vn -0.0050 -0.9922 0.1244
vn 0.2072 0.9737 -0.0942
vn 0.9830 0.1525 -0.1020
vn 0.7421 -0.6691 0.0403
vn 0.8194 0.5650 -0.0973
vn -0.2472 -0.9195 -0.3056
vn 0.9679 0.2512 0.0089
vn 0.0045 0.0308 0.9995
vn -0.0034 0.0307 0.9995
vn 0.0007 0.0308 0.9995
vn -0.8883 0.4391 0.1346
vn 0.4593 -0.8819 0.1062
vn -0.9901 -0.1198 -0.0730
vn 0.9969 0.0562 -0.0553
vn 0.9855 -0.1576 -0.0633
vn 0.2714 -0.0012 -0.9625
vn -0.9518 0.2619 0.1598
vn 0.9682 -0.2487 -0.0290
vn -0.0000 -0.1905 0.9817
vn 0.1986 0.1720 -0.9649
vn 0.2026 -0.0091 -0.9792
vn 0.0646 0.4646 0.8832
vn -0.9079 -0.3963 0.1367
vn -0.9119 -0.3904 0.1266
vn -0.9120 -0.3902 0.1263
vn -0.1902 0.9769 0.0970
vn 0.5553 -0.7970 -0.2377
vn 0.4525 -0.8914 0.0251
vn -0.1046 0.9790 0.1748
vn 0.9965 0.0279 0.0786
vn -0.9200 0.3917 0.0146
vn -0.1433 -0.9825 0.1194
vn -0.1441 -0.9893 0.0235
vn 0.6985 0.7138 0.0508
vn 0.1485 -0.9552 0.2559
vn 0.4071 -0.7084 -0.5766
vn -0.4124 0.8417 -0.3485
vn 0.8970 0.4420 -0.0039
vn -0.9937 -0.0616 -0.0942
vn 0.9885 -0.1201 -0.0918
vn -0.9069 -0.4118 -0.0893
vn -0.1472 -0.7457 -0.6498
vn 0.4742 -0.8762 0.0868
vn 0.1076 -0.7015 -0.7045
vn 0.1264 -0.9117 0.3910
vn 0.2244 0.9114 -0.3449
vn 0.2181 -0.2955 -0.9301
vn 0.1658 0.5572 -0.8137
vn 0.5548 -0.8313 0.0338
vn -0.9078 -0.3964 0.1368
vn 0.4587 0.8878 -0.0372
vn 0.9842 -0.1705 0.0479
vn 0.9754 0.1089 0.1914
vn 0.8933 -0.4436 -0.0722
vn 0.7644 -0.4353 0.4757
vn 0.8785 -0.4304 0.2071
vn 0.9692 0.0308 0.2442
vn 0.4041 0.8638 0.3009
vn 0.2451 -0.0159 0.9694
vn 0.9940 -0.1031 0.0353
vn 0.5657 -0.3578 0.7430
vn 0.6851 -0.5193 0.5109
vn 0.0937 -0.9288 0.3586
vn 0.4806 0.8714 -0.0978
vn 0.5162 0.7497 -0.4142
vn 0.1551 -0.9198 0.3605
vn 0.4483 0.4407 -0.7777
vn 0.2050 0.9608 0.1866
vn -0.0132 0.9584 0.2851
vn 0.8134 0.5778 0.0665
vn 0.2390 -0.9180 0.3165
vn 0.1455 -0.7822 -0.6058
vn 0.4364 0.8036 0.4047
vn 0.9836 0.1774 0.0327
vn 0.4146 0.9096 0.0261
vn 0.7695 0.6244 0.1339
vn 0.2319 0.9562 0.1785
vn 0.0388 -0.9583 0.2832
vn 0.2117 -0.9761 0.0481
vn -0.3147 -0.9450 -0.0897
vn 0.3293 -0.0023 0.9442
vn 0.4589 -0.8381 0.2948
vn 0.4178 0.8570 0.3018
vn -0.1859 0.8721 -0.4526
vn 0.0829 -0.3981 -0.9136
vn 0.2904 -0.3843 -0.8763
vn 0.3963 -0.5586 0.7286
vn 0.5505 0.4592 0.6972
vn -0.3645 -0.7656 -0.5300
vn -0.2357 -0.8583 -0.4557
vn -0.3740 -0.8976 -0.2333
vn -0.3501 -0.9018 -0.2534
vn 0.2125 0.9551 0.2064
vn 0.4076 0.7697 0.4913
vn -0.0385 -0.2514 0.9671
vn 0.2841 -0.2002 0.9377
vn 0.3487 0.8748 0.3365
vn -0.3046 -0.9259 -0.2236
vn -0.2732 -0.9058 -0.3238
vn 0.3472 0.8528 0.3901
vn -0.8666 0.4490 -0.2177
vn -0.4218 -0.8677 -0.2630
vn 0.5130 -0.1479 0.8455
vn -0.0914 0.9580 0.2717
vn 0.4789 0.8559 0.1951
vn 0.2888 0.9184 0.2703
vn -0.2426 -0.9360 -0.2549
vn -0.3471 -0.8972 -0.2729
vn -0.2515 -0.9209 -0.2978
vn -0.6664 0.3795 -0.6418
vn 0.3021 0.9532 0.0075
vn 0.6270 -0.2292 0.7445
vn 0.2154 0.9421 0.2570
vn 0.1635 0.9110 0.3787
vn 0.1707 0.9219 0.3477
vn -0.4567 0.4251 -0.7815
vn -0.0611 -0.8912 -0.4495
vn -0.1453 -0.8995 -0.4120
vn -0.1249 -0.9029 -0.4112
vn 0.9373 -0.3218 0.1340
vn -0.2746 0.2754 -0.9213
vn 0.6562 -0.3913 0.6452
vn 0.0676 0.9462 0.3165
vn 0.7288 -0.2259 0.6463
vn 0.0717 0.8756 0.4777
vn 0.0726 0.8936 0.4429
vn -0.3772 0.4753 -0.7949
vn -0.0283 -0.8546 -0.5185
vn -0.0267 -0.8546 -0.5186
vn 0.6492 0.2025 -0.7331
vn 0.1009 -0.8937 -0.4372
vn -0.0251 -0.8546 -0.5187
vn 0.7081 0.6639 -0.2405
vn 0.7519 0.6286 -0.1988
vn -0.8882 0.4029 0.2209
vn 0.0216 0.9322 0.3612
vn -0.9190 0.3839 -0.0896
vn 0.3072 0.9326 0.1895
vn 0.0678 0.0790 0.9946
vn 0.4420 0.7414 0.5049
vn -0.3384 0.5964 -0.7279
vn -0.3184 -0.8901 -0.3261
vn -0.2845 -0.9158 -0.2834
vn 0.5336 -0.4240 0.7317
vn 0.5908 -0.1671 0.7894
vn -0.4887 0.2986 -0.8197
vn 0.5979 -0.7547 -0.2702
vn 0.9632 0.2396 0.1219
vn 0.9973 -0.0665 0.0316
vn -0.0116 0.9432 -0.3320
vn 0.9503 -0.0246 0.3103
vn 0.7917 -0.5492 0.2677
vn 0.3495 -0.5124 0.7844
vn 0.8402 -0.5190 0.1572
vn 0.3732 -0.4158 -0.8294
vn -0.0019 0.4819 -0.8762
vn 0.1417 -0.9486 -0.2831
vn 0.9046 0.4028 -0.1397
vn 0.1886 -0.4596 -0.8679
vn 0.2789 -0.0360 -0.9597
vn 0.3605 -0.9327 0.0017
vn 0.1803 0.9115 -0.3697
vn 0.6102 -0.5907 0.5280
vn 0.1734 -0.9261 -0.3350
vn 0.1201 -0.9924 0.0257
vn 0.0974 0.7355 -0.6705
vn 0.2851 -0.9566 -0.0606
vn 0.3498 -0.7801 -0.5188
vn 0.0968 -0.9842 0.1481
vn 0.1308 -0.9780 0.1626
vn 0.1412 0.4064 0.9027
vn 0.6603 0.3027 0.6873
vn 0.1547 0.9839 0.0894
vn 0.1780 0.9739 0.1410
vn 0.2661 0.3041 -0.9147
vn 0.2555 -0.0123 -0.9667
vn -0.1443 0.5874 -0.7963
vn 0.1469 -0.9617 0.2316
vn -0.9054 -0.4213 0.0531
vn -0.9167 -0.3961 0.0536
vn -0.7172 -0.4345 -0.5447
vn 0.8130 0.5817 -0.0236
vn -0.8567 0.5072 0.0935
vn -0.4048 0.9141 0.0236
vn 0.9785 -0.2034 0.0326
vn -0.2686 0.9441 0.1912
vn -0.9089 -0.4115 0.0681
vn -0.1982 -0.9794 0.0385
vn -0.9202 0.3836 0.0779
vn 0.4600 -0.8609 -0.2176
vn -0.1861 0.5144 -0.8371
vn 0.8486 0.5277 0.0365
vn -0.9438 0.3296 -0.0234
vn 0.9895 -0.1351 -0.0510
vn -0.9466 -0.3130 -0.0777
vn -0.1905 -0.9454 -0.2645
vn 0.6140 0.7852 0.0802
vn -0.3777 0.9257 0.0183
vn -0.0691 0.3488 -0.9347
vn -0.9692 0.1205 -0.2149
vn -0.9692 0.1202 -0.2149
vn -0.9687 0.1254 -0.2142
vn 0.9833 0.1305 -0.1267
vn 0.1266 0.3503 -0.9280
vn -0.0986 0.7639 0.6378
vn 0.9897 0.1090 -0.0923
vn 0.9514 0.0473 -0.3043
vn -0.1298 0.9090 -0.3961
vn 0.7999 0.5933 0.0899
vn 0.7741 -0.2639 0.5754
vn 0.2775 0.5846 0.7624
vn 0.6023 0.7970 -0.0447
vn 0.4018 0.9149 -0.0398
vn 0.9479 -0.2127 0.2370
vn 0.9480 -0.1228 0.2938
vn 0.9751 -0.1753 0.1361
vn 0.6708 0.7382 0.0714
vn 0.6386 0.7608 -0.1157
vn 0.9141 0.3031 0.2693
vn 0.4306 0.8977 0.0933
vn 0.9509 0.2126 0.2250
vn 0.0382 0.1034 -0.9939
vn 0.4129 0.6234 0.6640
vn 0.2471 0.9690 -0.0000
vn 0.4229 0.8717 0.2475
vn 0.9513 -0.2298 0.2056
vn 0.9678 0.2059 0.1447
vn 0.8090 0.5227 0.2690
vn 0.1562 0.0687 -0.9853
vn 0.9470 0.3121 0.0766
vn 0.3612 0.8632 0.3528
vn 0.4470 0.8935 -0.0425
vn 0.9742 -0.1354 0.1805
vn 0.8038 -0.4573 0.3805
vn 0.9909 -0.1327 -0.0210
vn 0.6654 0.7357 0.1268
vn 0.9518 -0.1347 0.2756
vn 0.9113 0.1781 0.3712
vn 0.6864 0.7185 0.1123
vn 0.9390 -0.2251 0.2599
vn 0.0751 -0.2767 0.9580
vn 0.2478 0.1147 0.9620
vn 0.2715 -0.2925 0.9169
vn 0.7185 -0.0242 0.6951
vn 0.5050 0.7964 0.3329
vn 0.4283 0.7887 -0.4411
vn -0.2927 0.9555 -0.0363
vn -0.1288 -0.1120 0.9853
vn 0.0623 0.0837 -0.9945
vn 0.0064 0.3087 0.9511
vn 0.0793 -0.2873 -0.9546
vn 0.5079 0.0157 -0.8613
vn 0.1435 0.9113 -0.3860
vn 0.4432 -0.5222 0.7286
vn 0.4288 0.9030 0.0276
vn 0.2770 0.9608 0.0116
vn 0.1679 0.9799 -0.1080
vn -0.0000 0.9225 -0.3859
vn 0.0003 0.9225 -0.3859
vn 0.0520 0.9963 -0.0691
vn 0.9649 -0.2623 0.0128
vn 0.5672 0.7594 -0.3188
vn -0.0643 -0.3304 0.9417
vn -0.9534 0.1460 -0.2639
vn 0.1007 0.7394 0.6657
vn -0.2130 0.9716 -0.1034
vn 0.2851 -0.9448 0.1614
vn -0.1074 0.5238 0.8450
vn 0.1777 -0.3491 -0.9201
vn 0.0407 0.7027 -0.7104
vn 0.1851 -0.9221 0.3397
vn 0.2694 0.9622 -0.0390
vn 0.5714 0.7923 -0.2141
vn 0.6160 0.7637 -0.1932
vn 0.5401 0.8155 0.2080
vn 0.4170 0.8580 0.2999
vn 0.4104 0.8621 0.2973
vn 0.4166 0.8582 0.2998
vn -0.7422 -0.6401 0.1987
vn 0.6172 -0.0642 0.7842
vn 0.9336 0.2217 0.2816
vn 0.3345 -0.3453 0.8769
vn 0.5143 0.8575 -0.0169
vn 0.4102 0.8622 0.2972
vn 0.5978 0.7922 0.1230
vn 0.6513 0.7587 0.0115
vn 0.9908 -0.1350 -0.0104
vn -0.3841 0.9125 0.1410
vn -0.9024 0.4220 0.0875
vn -0.9262 -0.3765 0.0192
vn 0.5197 -0.8490 -0.0954
vn 0.7864 0.6168 0.0344
vn -0.1527 -0.9846 -0.0850
vn 0.8752 0.4781 -0.0743
vn -0.9371 -0.2904 0.1937
vn 0.0428 -0.9857 0.1630
vn 0.0330 0.9955 0.0889
vn -0.9938 0.1102 0.0152
vn 0.6055 -0.7794 0.1609
vn 0.9674 0.2340 -0.0969
vn 0.4680 0.8689 -0.1612
vn 0.3562 0.9207 -0.1592
vn 0.9942 0.0684 -0.0831
vn 0.6251 0.7772 -0.0727
vn 0.1423 0.7913 -0.5946
vn 0.9919 0.1268 -0.0113
vn 0.3649 -0.1873 -0.9120
vn -0.6332 0.7709 -0.0689
vn 0.1491 0.9849 -0.0881
vn 0.1796 0.0710 -0.9812
vn 0.2064 0.9782 -0.0236
vn 0.9581 -0.1338 0.2531
vn 0.9433 -0.1308 0.3051
vn 0.9936 -0.0538 -0.0995
vn 0.9732 -0.1166 -0.1984
vn 0.9463 -0.3030 -0.1129
vn 0.7886 0.5447 -0.2855
vn 0.5097 0.1730 -0.8428
vn 0.1851 -0.0347 0.9821
vn 0.9829 -0.0200 -0.1828
vn 0.1646 -0.9863 -0.0069
vn 0.0691 -0.2963 0.9526
vn 0.0850 -0.2625 0.9612
vn 0.5334 0.0536 0.8442
vn 0.5334 0.0538 0.8441
vn 0.5351 0.0619 0.8425
vn 0.9786 -0.1319 0.1582
vn -0.3303 0.9406 -0.0788
vn 0.6674 0.2301 0.7083
vn 0.5099 -0.1375 0.8492
vn 0.4460 0.5930 0.6704
vn 0.7794 0.5861 0.2215
vn 0.5352 0.0623 0.8425
vn 0.3125 0.6933 0.6493
vn 0.0373 -0.9657 0.2570
vn 0.8519 -0.5198 -0.0642
vn 0.9025 -0.3388 -0.2660
vn 0.0407 -0.9676 -0.2494
vn 0.6379 -0.2718 -0.7206
vn -0.0180 -0.8473 -0.5308
vn 0.3954 0.5220 -0.7558
vn 0.6681 -0.1446 -0.7299
vn 0.0104 -0.3371 -0.9414
vn 0.3248 -0.1480 -0.9341
vn 0.5518 -0.5267 -0.6466
vn 0.3724 0.2098 -0.9040
vn 0.2201 -0.9108 -0.3493
vn 0.2714 -0.9438 0.1887
vn 0.1867 0.2416 -0.9522
vn 0.5210 -0.4544 -0.7226
vn 0.2520 -0.8456 -0.4707
vn 0.0879 -0.0280 -0.9957
vn 0.2841 0.5648 -0.7748
vn 0.2528 -0.9649 -0.0709
vn 0.1843 -0.8762 0.4454
vn 0.0518 -0.8932 0.4466
vn 0.8474 -0.5285 -0.0504
vn 0.0468 -0.9942 -0.0965
vn 0.9965 -0.0758 -0.0354
vn 0.9967 -0.0764 -0.0274
vn 0.9967 -0.0764 -0.0270
vn 0.9799 -0.0767 -0.1843
vn 0.9772 -0.2025 -0.0644
vn 0.7766 -0.5288 -0.3424
vn -0.1291 0.9570 0.2596
vn 0.4118 0.8154 0.4067
vn -0.8935 0.4326 -0.1203
vn 0.9845 -0.0756 -0.1580
vn 0.9965 -0.0758 -0.0356
vn 0.9950 -0.0986 0.0140
vn 0.2100 0.9531 -0.2180
vn 0.6521 -0.6600 -0.3731
vn -0.2101 0.9530 -0.2184
vn -0.2112 0.9519 -0.2222
vn -0.2124 0.9506 -0.2264
vn 0.8967 0.4159 -0.1516
vn 0.5958 -0.6189 -0.5119
vn 0.9059 0.4091 -0.1092
vn -0.1168 0.0262 -0.9928
vn -0.5578 -0.6518 -0.5138
vn -0.2072 0.9737 -0.0942
vn -0.9830 0.1525 -0.1020
vn -0.7421 -0.6691 0.0403
vn -0.8123 0.5650 -0.1447
vn -0.0000 -0.0000 -1.0000
vn -0.9668 0.2512 -0.0473
vn 0.0047 0.0308 0.9995
vn 0.8790 0.4391 0.1860
vn -0.4647 -0.8819 0.0794
vn -0.2714 -0.0012 -0.9625
vn 0.9409 0.2619 0.2148
vn -0.9648 -0.2487 -0.0852
vn -0.0581 -0.1902 0.9800
vn -0.4640 0.3501 -0.8137
vn -0.4720 0.1756 -0.8640
vn 0.3834 0.0623 0.9215
vn 0.8984 -0.3963 0.1892
vn 0.9031 -0.3902 0.1791
vn 0.9030 -0.3904 0.1794
vn 0.1842 0.9769 0.1079
vn -0.4532 -0.8914 -0.0013
vn 0.0943 0.9790 0.1806
vn -0.9994 0.0279 0.0206
vn 0.9176 0.3917 0.0680
vn 0.1309 -0.9831 0.1278
vn 0.1425 -0.9893 0.0318
vn -0.6970 0.7170 0.0087
vn -0.1431 -0.9594 0.2431
vn -0.3814 -0.7040 -0.5991
vn 0.4409 0.8370 -0.3241
vn -0.8970 0.4420 -0.0039
vn -0.9829 -0.1092 -0.1481
vn 0.9059 -0.4218 -0.0376
vn 0.1757 -0.7475 -0.6406
vn -0.4833 -0.8735 0.0581
vn -0.1076 -0.7015 -0.7045
vn -0.1058 -0.9888 0.1051
vn -0.3130 0.9471 -0.0704
vn -0.2181 -0.2955 -0.9301
vn -0.1658 0.5572 -0.8137
vn -0.5559 -0.8313 0.0015
vn 0.8983 -0.3964 0.1893
vn -0.2292 0.9717 -0.0580
vn -0.9906 0.0710 0.1173
vn -0.9191 0.3654 0.1477
vn -0.9768 -0.1619 0.1403
vn -0.8795 -0.0160 0.4757
vn -0.9774 0.0429 0.2071
vn -0.8361 0.4912 0.2442
vn 0.0590 0.9518 0.3009
vn -0.2228 0.1034 0.9694
vn -0.9220 0.3856 0.0353
vn -0.6679 -0.0432 0.7430
vn -0.8501 -0.1278 0.5109
vn -0.5271 -0.7705 0.3586
vn -0.0046 0.9952 -0.0978
vn -0.0941 0.9053 -0.4142
vn -0.5766 -0.7332 0.3605
vn -0.3983 0.4454 -0.8019
vn -0.2026 0.9487 0.2428
vn 0.0150 0.9590 0.2831
vn -0.8159 0.5778 0.0191
vn -0.2236 -0.9190 0.3246
vn -0.1455 -0.7822 -0.6058
vn 0.0018 0.9144 0.4047
vn -0.7785 0.6268 0.0327
vn 0.0717 0.9971 0.0261
vn -0.6142 0.7748 0.1502
vn -0.1718 0.8854 0.4319
vn -0.0417 -0.9575 0.2852
vn -0.1894 -0.9767 -0.1005
vn 0.1058 -0.8687 0.4839
vn -0.4945 -0.5555 -0.6685
vn 0.3592 -0.7549 0.5488
vn 0.5996 0.3093 0.7381
vn -0.5656 0.6714 -0.4789
vn -0.6275 0.4567 -0.6306
vn -0.6409 -0.4980 -0.5842
vn -0.0382 -0.9779 0.2054
vn -0.4371 0.8452 -0.3075
vn -0.4116 0.7234 -0.5544
vn -0.3074 0.9418 -0.1364
vn -0.3338 0.9349 -0.1207
vn 0.4557 -0.8695 0.1904
vn 0.2821 -0.9472 -0.1523
vn 0.1631 -0.0740 -0.9838
vn -0.0604 -0.3114 -0.9484
vn 0.3432 -0.9386 0.0339
vn -0.3738 0.9137 -0.1593
vn -0.4150 0.9078 -0.0609
vn 0.3471 -0.9375 -0.0239
vn 0.8563 0.3095 0.4135
vn -0.2623 0.9603 -0.0954
vn -0.2303 -0.4708 -0.8516
vn 0.7069 -0.6926 0.1434
vn 0.1924 -0.9697 0.1505
vn 0.3950 -0.9116 0.1143
vn -0.4358 0.8895 -0.1372
vn -0.3390 0.9353 -0.1011
vn -0.4326 0.8969 -0.0916
vn 0.5409 0.3493 0.7651
vn 0.3289 -0.8697 0.3679
vn -0.3935 -0.4589 -0.7966
vn 0.4606 -0.8767 0.1389
vn 0.5171 -0.8558 0.0170
vn 0.5090 -0.8593 0.0494
vn 0.3678 0.2208 0.9033
vn -0.6038 0.7954 0.0519
vn -0.5338 0.8454 0.0174
vn -0.5511 0.8343 0.0145
vn -0.8600 -0.4212 -0.2882
vn 0.1017 0.2476 0.9635
vn -0.5390 -0.3354 -0.7727
vn 0.5923 -0.8005 0.0917
vn -0.4973 -0.4994 -0.7094
vn 0.5949 -0.7994 -0.0843
vn 0.5945 -0.8028 -0.0453
vn 0.3329 0.1375 0.9329
vn -0.6273 0.7681 0.1285
vn -0.6285 0.7671 0.1285
vn -0.6286 0.7670 0.1285
vn -0.5871 -0.3555 0.7273
vn -0.7246 0.6884 0.0334
vn -0.6298 0.7660 0.1285
vn -0.2198 -0.8592 0.4620
vn -0.2615 -0.8748 0.4079
vn 0.9730 0.2308 -0.0050
vn 0.6321 -0.7735 0.0469
vn 0.8952 0.3529 0.2721
vn 0.3527 -0.9146 0.1978
vn 0.2831 -0.3835 -0.8791
vn 0.2294 -0.9581 -0.1713
vn 0.5502 0.5775 0.6032
vn -0.3842 0.9223 -0.0428
vn -0.4129 0.9060 -0.0933
vn -0.4636 -0.2652 -0.8454
vn -0.3419 -0.4965 -0.7979
vn 0.2834 0.3345 0.8988
vn -0.5979 -0.7547 -0.2702
vn -0.9623 0.2455 0.1173
vn -0.9973 -0.0665 0.0316
vn 0.0457 0.9567 -0.2873
vn -0.9503 -0.0246 0.3103
vn -0.7917 -0.5492 0.2677
vn -0.1268 -0.3226 0.9380
vn -0.8402 -0.5190 0.1572
vn -0.5494 -0.3744 -0.7469
vn -0.2713 0.5089 -0.8170
vn -0.1417 -0.9486 -0.2831
vn -0.9046 0.4028 -0.1397
vn -0.4590 -0.3360 -0.8224
vn -0.4869 0.0956 -0.8682
vn -0.5089 -0.8608 -0.0104
vn -0.0320 0.9713 -0.2357
vn -0.5310 -0.5777 0.6199
vn -0.1734 -0.9261 -0.3350
vn -0.1201 -0.9924 0.0257
vn -0.0974 0.7355 -0.6705
vn -0.3796 -0.9219 -0.0772
vn -0.4656 -0.7470 -0.4745
vn -0.0968 -0.9842 0.1481
vn -0.1308 -0.9780 0.1626
vn 0.3604 -0.0758 0.9297
vn -0.0680 0.1442 0.9872
vn 0.1442 0.9852 0.0927
vn 0.1331 0.9632 0.2335
vn -0.4306 0.4319 -0.7925
vn -0.4898 0.0329 -0.8712
vn 0.1443 0.5874 -0.7963
vn 0.0296 0.5869 -0.8091
vn -0.0517 0.5819 -0.8116
vn -0.1469 -0.9617 0.2316
vn 0.8988 -0.4248 0.1079
vn 0.9120 -0.3961 0.1067
vn -0.8506 -0.4395 0.2886
vn -0.8103 0.5817 -0.0708
vn 0.8498 0.5072 0.1432
vn 0.4028 0.9141 0.0471
vn -0.9788 -0.2034 -0.0243
vn 0.2570 0.9441 0.2065
vn 0.9034 -0.4115 0.1208
vn 0.1956 -0.9794 0.0499
vn 0.9141 0.3836 0.1312
vn -0.4563 -0.8558 -0.2438
vn 0.2393 0.5121 -0.8249
vn -0.8493 0.5277 -0.0128
vn 0.9472 0.3192 0.0306
vn -0.9864 -0.1242 -0.1074
vn 0.9459 -0.3235 -0.0237
vn 0.1948 -0.9475 -0.2535
vn 0.1262 0.3477 -0.9291
vn -0.9731 0.1405 -0.1828
vn -0.0696 0.3514 -0.9336
vn -0.0982 -0.8606 -0.4996
vn -0.9897 0.1090 -0.0923
vn -0.9514 0.0473 -0.3043
vn 0.4936 -0.4420 0.7490
vn -0.4181 0.9040 0.0899
vn -0.8060 0.1391 0.5754
vn 0.0363 0.6461 0.7624
vn -0.1471 0.9881 -0.0447
vn 0.0854 0.9955 -0.0398
vn -0.9340 0.2673 0.2370
vn -0.8910 0.3462 0.2938
vn -0.9399 0.3131 0.1361
vn -0.2353 0.9693 0.0714
vn -0.1962 0.9737 -0.1157
vn -0.6573 0.7039 0.2693
vn 0.0519 0.9943 0.0933
vn -0.7329 0.6421 0.2250
vn 0.0160 0.1091 -0.9939
vn -0.0638 0.7450 0.6640
vn 0.0462 0.9678 0.2475
vn -0.9451 0.2539 0.2056
vn -0.7510 0.6443 0.1447
vn -0.4598 0.8463 0.2691
vn -0.1042 0.1351 -0.9853
vn -0.6818 0.7275 0.0766
vn 0.0963 0.9307 0.3528
vn 0.0356 0.9985 -0.0425
vn -0.9201 0.3477 0.1805
vn -0.9246 -0.0165 0.3805
vn -0.9334 0.3581 -0.0210
vn -0.2318 0.9645 0.1268
vn -0.9000 0.3376 0.2756
vn -0.7147 0.5928 0.3712
vn -0.2585 0.9595 0.1123
vn -0.9322 0.2521 0.2599
vn -0.1985 -0.2069 0.9580
vn -0.1626 0.2193 0.9620
vn -0.3784 -0.1268 0.9169
vn -0.6424 0.3229 0.6951
vn -0.0619 0.9409 0.3329
vn 0.0018 0.8975 -0.4411
vn 0.5603 0.6350 0.5318
vn 0.3216 -0.7177 0.6176
vn -0.4095 0.4752 -0.7788
vn 0.4731 -0.0782 0.8776
vn -0.3912 0.1299 -0.9111
vn -0.4699 0.5671 -0.6764
vn 0.4924 0.7965 0.3508
vn -0.4550 -0.8099 -0.3702
vn -0.3764 0.9264 0.0065
vn -0.2770 0.9608 0.0116
vn -0.1679 0.9799 -0.1080
vn -0.0003 0.9225 -0.3859
vn -0.0520 0.9963 -0.0691
vn -0.9640 -0.2623 -0.0433
vn -0.5396 0.7655 -0.3503
vn 0.0888 -0.3310 0.9395
vn 0.9685 0.1354 -0.2090
vn 0.9664 0.0917 -0.2402
vn 0.2187 0.9716 -0.0908
vn -0.1780 -0.6941 -0.6975
vn 0.6277 -0.4748 0.6168
vn -0.4312 -0.1672 -0.8866
vn -0.0407 0.7027 -0.7104
vn -0.9276 -0.0853 0.3637
vn -0.2694 0.9622 -0.0390
vn -0.1221 0.9691 -0.2141
vn -0.1750 0.9654 -0.1932
vn -0.0835 0.9746 0.2080
vn 0.0448 0.9529 0.2999
vn 0.0453 0.9529 0.2998
vn 0.0526 0.9533 0.2973
vn 0.3450 -0.9173 0.1987
vn -0.5725 0.2392 0.7842
vn -0.7133 0.6418 0.2816
vn -0.4590 -0.1429 0.8769
vn -0.0408 0.9990 -0.0169
vn 0.0529 0.9533 0.2972
vn -0.1454 0.9817 0.1230
vn -0.2084 0.9780 0.0115
vn -0.9890 -0.1302 -0.0702
vn 0.3800 0.9104 0.1636
vn 0.8976 0.4175 0.1416
vn 0.9235 -0.3765 0.0730
vn -0.5133 -0.8490 -0.1254
vn -0.7871 0.6168 -0.0113
vn 0.1574 -0.9846 -0.0760
vn -0.8708 0.4787 -0.1122
vn 0.9017 -0.3107 0.3006
vn -0.0522 -0.9857 0.1603
vn -0.0314 0.9960 0.0840
vn 0.9811 0.1203 0.1512
vn -0.6101 -0.7799 0.1399
vn -0.9616 0.2386 -0.1355
vn 0.0053 0.9869 -0.1612
vn 0.1283 0.9789 -0.1592
vn -0.8400 0.5362 -0.0831
vn -0.1765 0.9816 -0.0727
vn -0.1423 0.7913 -0.5946
vn -0.9816 -0.1904 0.0170
vn -0.3649 -0.1873 -0.9120
vn -0.1671 -0.9820 0.0878
vn 0.6332 0.7709 -0.0689
vn -0.1796 0.0710 -0.9812
vn -0.2064 0.9782 -0.0236
vn -0.9052 0.3414 0.2531
vn -0.8907 0.3370 0.3051
vn -0.8980 0.4286 -0.0996
vn -0.9101 0.3637 -0.1984
vn -0.9758 0.1872 -0.1129
vn -0.4314 0.8558 -0.2855
vn -0.3646 0.3960 -0.8428
vn -0.1791 0.0582 0.9821
vn -0.8724 0.4533 -0.1828
vn -0.4169 -0.9089 -0.0066
vn -0.2025 -0.2270 0.9526
vn -0.2003 -0.1897 0.9612
vn -0.4426 0.3025 0.8442
vn -0.4401 0.3106 0.8425
vn -0.4425 0.3027 0.8441
vn 0.7404 0.6675 -0.0788
vn -0.4757 0.5216 0.7083
vn -0.5135 0.1235 0.8492
vn -0.5134 0.1235 0.8492
vn -0.1076 0.7342 0.6703
vn -0.4034 0.8878 0.2215
vn -0.4400 0.3109 0.8425
vn 0.0577 0.7583 0.6493
vn -0.4953 -0.8299 0.2570
vn -0.9968 -0.0483 -0.0642
vn -0.9545 0.1348 -0.2660
vn -0.4991 -0.8299 -0.2494
vn -0.6901 0.0668 -0.7206
vn -0.3900 -0.7525 -0.5308
vn -0.0971 0.6476 -0.7558
vn -0.6557 0.1930 -0.7299
vn -0.1706 -0.2909 -0.9414
vn -0.3560 0.0256 -0.9341
vn -0.7366 -0.1981 -0.6466
vn -0.2265 0.3625 -0.9040
vn -0.6294 -0.6941 -0.3493
vn -0.6903 -0.6985 0.1887
vn -0.0482 0.3015 -0.9522
vn -0.6750 -0.1494 -0.7226
vn -0.6262 -0.6216 -0.4707
vn -0.0906 0.0175 -0.9957
vn 0.0211 0.6318 -0.7748
vn -0.6840 -0.7260 -0.0709
vn -0.5814 -0.6809 0.4454
vn -0.4733 -0.7593 0.4466
vn -0.9970 -0.0581 -0.0504
vn -0.5173 -0.8504 -0.0965
vn -0.9111 0.4107 -0.0354
vn -0.9116 0.4103 -0.0270
vn -0.9115 0.4103 -0.0274
vn -0.8969 0.4019 -0.1843
vn -0.9548 0.2902 -0.0644
vn -0.9350 -0.0922 -0.3424
vn -0.4111 -0.6510 -0.6381
vn 0.0731 -0.8907 -0.4488
vn -0.8057 0.5758 -0.1388
vn -0.9005 0.4052 -0.1580
vn -0.9111 0.4107 -0.0356
vn -0.2100 0.9531 -0.2180
vn -0.6521 -0.6600 -0.3731
vn 0.7753 -0.0676 0.6279
vn -0.8967 0.4159 -0.1516
vn -0.5958 -0.6189 -0.5119
vn -0.5929 -0.5860 -0.5524
vn -0.2800 0.1771 0.9435
vn -0.0867 0.7447 0.6617
vn -0.2549 -0.2116 0.9435
vn 0.1225 -0.3079 0.9435
vn 0.3306 0.0213 0.9435
vn -0.0360 0.9432 0.3304
vn -0.9081 0.2572 0.3304
vn -0.5252 -0.7842 0.3304
vn 0.5835 -0.7418 0.3304
vn 0.8859 0.3258 0.3304
vn -0.3667 0.9218 0.1256
vn -0.9900 -0.0639 0.1256
vn -0.2452 -0.9613 0.1256
vn 0.8385 -0.5302 0.1256
vn 0.7634 0.6336 0.1256
vn -0.5079 0.5516 -0.6617
vn -0.6815 -0.3126 -0.6617
vn 0.0867 -0.7447 -0.6617
vn 0.7351 -0.1477 -0.6617
vn 0.3676 0.6534 -0.6617
vn 0.2549 0.2116 -0.9435
vn 0.4671 0.3877 -0.7947
vn 0.7100 0.2410 -0.6617
vn 0.2800 -0.1771 -0.9435
vn 0.5131 -0.3245 -0.7947
vn 0.4486 -0.6008 -0.6617
vn -0.0819 -0.3210 -0.9435
vn -0.1500 -0.5882 -0.7947
vn -0.4327 -0.6123 -0.6617
vn -0.3306 -0.0213 -0.9435
vn -0.6058 -0.0391 -0.7947
vn -0.7160 0.2224 -0.6617
vn -0.1225 0.3079 -0.9435
vn -0.2244 0.5641 -0.7947
vn -0.0098 0.7497 -0.6617
vn 0.5252 0.7842 -0.3304
vn 0.7558 0.6273 -0.1876
vn 0.8676 0.3717 -0.3304
vn 0.9081 -0.2572 -0.3304
vn 0.8302 -0.5250 -0.1876
vn 0.6216 -0.7102 -0.3304
vn 0.0360 -0.9432 -0.3304
vn -0.2427 -0.9518 -0.1876
vn -0.4834 -0.8107 -0.3304
vn -0.8858 -0.3258 -0.3304
vn -0.9802 -0.0633 -0.1876
vn -0.9204 0.2092 -0.3304
vn -0.5835 0.7418 -0.3304
vn -0.3630 0.9127 -0.1876
vn -0.0855 0.9400 -0.3304
vn 0.9900 0.0639 -0.1256
vn 0.9802 0.0633 0.1876
vn 0.9204 -0.2092 0.3304
vn 0.3667 -0.9218 -0.1256
vn 0.3631 -0.9127 0.1876
vn 0.0855 -0.9400 0.3304
vn -0.7634 -0.6336 -0.1256
vn -0.7558 -0.6273 0.1876
vn -0.8676 -0.3717 0.3304
vn -0.8385 0.5302 -0.1256
vn -0.8302 0.5250 0.1876
vn -0.6216 0.7102 0.3304
vn 0.2452 0.9613 -0.1256
vn 0.2427 0.9518 0.1876
vn 0.4833 0.8107 0.3304
vn 0.6815 0.3126 0.6617
vn 0.6058 0.0391 0.7947
vn 0.7160 -0.2224 0.6617
vn 0.5079 -0.5516 0.6617
vn 0.2244 -0.5641 0.7947
vn 0.0098 -0.7497 0.6617
vn -0.3676 -0.6534 0.6617
vn -0.4671 -0.3877 0.7947
vn -0.7100 -0.2410 0.6617
vn 0.4328 0.6123 0.6617
vn 0.1500 0.5882 0.7947
vn 0.0819 0.3210 0.9435
vn -0.7351 0.1477 0.6617
vn -0.5131 0.3245 0.7947
vn -0.4486 0.6008 0.6617
vn -0.6533 -0.7548 0.0585
vn 0.3707 0.9286 -0.0170
vn -0.8587 0.4970 0.1251
vn 0.1007 -0.0312 0.9944
vn -0.1007 0.0312 -0.9944
vn 0.3826 -0.2210 -0.8971
vn -0.2171 0.1256 0.9680
vn 0.6536 0.7546 -0.0585
vn -0.3707 -0.9286 0.0170
vn 0.4834 0.8107 0.3304
vn 0.3630 -0.9127 0.1876
vn 0.8858 0.3258 0.3304
vn 0.2120 -0.9755 0.0585
vn 0.1193 0.9927 -0.0170
vn 0.9918 0.0251 0.1251
vn -0.1033 0.0208 0.9944
vn 0.1033 -0.0209 -0.9944
vn -0.4417 -0.0108 -0.8971
vn 0.2507 0.0062 0.9680
vn -0.2124 0.9754 -0.0585
vn -0.1193 -0.9927 0.0170
vn 0.4687 -0.7872 0.4009
vn -0.8331 -0.5508 0.0508
vn -0.5591 0.8106 -0.1739
vn 0.9143 0.4041 0.0295
vn 0.1292 -0.3466 -0.9291
vn 0.2524 -0.3367 0.9072
vn -0.4375 0.7808 0.4461
vn -0.9065 -0.4208 0.0348
vn 0.7666 0.6349 -0.0961
vn -0.8904 -0.4551 0.0077
vn 0.9065 0.4208 -0.0348
vn 0.7919 0.6046 -0.0862
vn -0.5585 0.8059 -0.1965
vn -0.8406 -0.5376 0.0657
vn -0.7899 -0.6070 0.0872
vn 0.8407 0.5376 -0.0657
vn 0.8331 0.5508 -0.0508
vn -0.3934 0.6902 0.6073
vn -0.2182 0.2174 -0.9514
vn -0.7624 -0.6397 0.0980
vn 0.8679 0.4770 -0.1384
vn 0.0305 -0.1788 -0.9834
vn -0.8611 -0.5072 -0.0353
vn -0.2617 0.5665 0.7814
vn 0.8904 0.4551 -0.0077
vn -0.9143 -0.4041 -0.0295
vn 0.8611 0.5072 0.0353
vn -0.8679 -0.4770 0.1384
vn -0.9527 -0.3016 0.0378
vn 0.9527 0.3016 -0.0378
vn 0.3576 -0.7150 -0.6007
vn 0.4899 -0.8710 0.0379
vn -0.7884 -0.4665 0.4009
vn 0.4676 -0.8825 0.0508
vn 0.8791 0.4438 -0.1739
vn -0.6091 0.7926 0.0295
vn -0.2795 -0.2424 -0.9291
vn -0.3828 -0.1747 0.9072
vn 0.7580 0.4759 0.4460
vn 0.5942 -0.8035 0.0348
vn -0.3688 0.9245 -0.0961
vn 0.5637 -0.8259 0.0077
vn -0.5942 0.8035 -0.0348
vn -0.4056 0.9100 -0.0862
vn 0.8762 0.4400 -0.1965
vn 0.4805 -0.8745 0.0657
vn 0.4027 -0.9112 0.0872
vn -0.4805 0.8745 -0.0657
vn -0.4676 0.8825 -0.0508
vn 0.6759 0.4175 0.6073
vn 0.2956 0.0863 -0.9514
vn 0.3629 -0.9267 0.0980
vn -0.5335 0.8344 -0.1384
vn -0.1125 -0.1423 -0.9834
vn 0.5130 -0.8577 -0.0353
vn 0.5011 0.3719 0.7814
vn -0.5637 0.8259 -0.0077
vn 0.6091 -0.7926 -0.0295
vn -0.5130 0.8577 0.0353
vn 0.5335 -0.8344 0.1384
vn 0.6919 -0.7210 0.0378
vn -0.6919 0.7210 -0.0378
vn -0.6563 -0.4565 -0.6007
vn -0.8472 -0.5299 0.0379
vn 0.9852 0.1065 -0.1340
vn -0.9682 0.1304 -0.2136
vn -0.3500 0.9365 0.0235
vn 0.5815 0.8087 0.0890
vn -0.9954 -0.0014 -0.0955
vn 0.5206 -0.8192 -0.2405
vn 0.9915 -0.1179 -0.0550
vn 0.9972 -0.0257 -0.0699
vn -0.9784 -0.1913 -0.0785
vn -0.2252 -0.9250 -0.3059
vn 0.9802 0.1193 -0.1580
vn 0.3595 0.9321 0.0436
vn -0.5779 0.8142 0.0556
vn 0.9992 -0.0145 -0.0385
vn -0.5165 -0.8126 -0.2700
vn -0.9878 -0.1084 -0.1118
vn -0.9919 -0.0119 -0.1262
vn 0.9797 -0.1993 -0.0224
vn 0.2329 -0.9274 -0.2928
vn 0.0147 -0.9985 0.0529
vn 0.0682 0.9837 -0.1666
vn 0.0689 -0.9971 0.0329
vn 0.5509 -0.2455 -0.7977
vn 0.2377 0.3536 0.9047
vn 0.0692 0.0182 -0.9974
vn -0.0266 -0.1479 0.9886
vn -0.0082 -0.1390 -0.9903
vn 0.0755 0.9748 0.2100
vn -0.4145 -0.8966 -0.1561
vn 0.2388 0.9625 0.1287
vn -0.5955 -0.7730 -0.2187
vn -0.5373 0.4175 -0.7328
vn 0.4744 -0.5145 0.7143
vn -0.3807 0.3426 -0.8589
vn 0.2237 -0.5216 0.8234
vn -0.3987 0.7099 -0.5805
vn 0.3367 0.8112 0.4780
vn 0.0023 -0.9863 0.1651
vn 0.9506 0.2170 0.2222
vn -0.9714 0.2155 0.1001
vn 0.0665 -0.0160 0.9977
vn -0.1477 -0.1746 -0.9735
vn -0.0892 -0.7913 -0.6049
vn -0.0550 0.7332 -0.6777
vn -0.0843 0.7481 -0.6583
vn -0.9919 0.1268 -0.0113
vn 0.8549 0.5167 -0.0462
vn 0.1477 -0.1746 -0.9735
vn 0.0892 -0.7913 -0.6049
vn 0.0550 0.7332 -0.6777
vn 0.0843 0.7481 -0.6583
vn -0.9878 -0.1551 0.0139
vn 0.1671 -0.9820 0.0878
vn 0.0817 0.6604 -0.7465
vn 0.0710 -0.6786 -0.7311
vn 0.1598 -0.1011 -0.9820
vn -0.0817 0.6604 -0.7465
vn -0.0710 -0.6786 -0.7311
vn -0.1598 -0.1011 -0.9820
vn -0.2401 -0.2094 -0.9479
vn -0.1167 0.0377 -0.9925
vn 0.2401 -0.2094 -0.9479
vn 0.1167 0.0377 -0.9925
vn 0.8316 -0.5532 0.0495
vn -0.1519 0.9845 -0.0880
vn 0.9816 -0.1904 0.0170
vn 0.9822 0.1873 -0.0167
vn -0.8316 -0.5532 0.0495
vn -0.6638 -0.7450 0.0666
vn 0.1519 0.9845 -0.0880
vn -0.9822 0.1873 -0.0167
vn -0.8549 0.5167 -0.0462
vn 0.9878 -0.1551 0.0139
vn -0.1491 0.9849 -0.0881
vn 0.6638 -0.7450 0.0666
vn 0.8495 0.3920 0.3531
vn 0.3351 -0.8442 0.4183
vn 0.7151 -0.6202 0.3225
vn 0.3083 0.7874 0.5337
vn 0.9243 0.0941 0.3698
vn -0.0178 -0.8910 0.4536
vn -0.8495 0.3920 0.3531
vn -0.3351 -0.8442 0.4183
vn -0.7151 -0.6202 0.3225
vn -0.3083 0.7874 0.5337
vn -0.9243 0.0941 0.3698
vn 0.0178 -0.8910 0.4536
vn 0.7318 -0.4015 0.5508
vn 0.5655 0.4329 0.7020
vn -0.5927 0.5797 0.5592
vn -0.8720 0.0795 -0.4831
vn 0.5964 -0.6885 -0.4126
vn -0.8442 0.3992 -0.3577
vn 0.0957 -0.8749 -0.4748
vn 0.2254 0.9602 -0.1649
vn 0.6582 0.3075 0.6872
vn -0.7530 0.4237 0.5034
vn -0.2019 -0.9407 0.2727
vn 0.7723 -0.5189 -0.3666
vn -0.5135 0.1235 0.8491
vn -0.9207 0.3900 0.0140
vn 0.1310 0.5960 -0.7922
vn -0.9222 0.3529 0.1582
vn 0.2972 0.3765 -0.8774
vn 0.9309 -0.1232 -0.3440
vn 0.3504 0.5248 -0.7758
vn -0.0810 0.4765 -0.8754
vn -0.2893 -0.6767 -0.6770
vn 0.5542 0.7512 0.3586
vn -0.0049 -0.8226 -0.5686
vn 0.9005 -0.3554 -0.2504
vn 0.8950 0.2851 0.3431
vn 0.0040 0.9414 0.3374
vn 0.5793 0.5409 -0.6098
vn 0.3415 0.0165 -0.9397
vn 0.9060 -0.4074 -0.1153
vn 0.9454 -0.3092 -0.1031
vn 0.1941 -0.7643 -0.6150
vn 0.2161 -0.7915 -0.5717
vn 0.8762 0.4794 -0.0490
vn 0.6868 0.6388 -0.3468
vn -0.0144 -0.6515 0.7585
vn -0.2947 0.1413 0.9451
vn -0.8595 -0.3755 -0.3468
vn -0.8645 -0.3723 -0.3377
vn -0.8598 -0.3753 -0.3463
vn -0.8647 -0.3721 -0.3373
vn -0.6659 0.7348 0.1293
vn -0.6688 0.7362 0.1037
vn -0.1421 -0.9874 0.0691
vn 0.0076 -0.8822 0.4708
vn 0.1267 0.9907 0.0490
vn -0.0272 0.9163 -0.3996
vn -0.1267 0.9907 0.0490
vn 0.2066 0.0357 -0.9778
vn -0.0979 0.6221 -0.7768
vn 0.0272 0.9163 -0.3996
vn -0.2068 0.5613 -0.8014
vn -0.2066 0.0357 -0.9778
vn 0.1160 0.6268 -0.7705
vn -0.5286 0.8488 0.0142
vn -0.1870 0.9579 0.2181
vn -0.9340 0.2514 0.2538
vn 0.9385 0.2307 0.2569
vn 0.6041 0.7969 0.0052
vn 0.1977 0.9465 0.2549
vt 0.912016 0.291756
vt 0.927842 0.287969
vt 0.931151 0.309503
vt 0.910816 0.314181
vt 0.688290 0.774509
vt 0.728644 0.769968
vt 0.715192 0.704709
vt 0.688290 0.706560
vt 0.197002 0.573882
vt 0.205813 0.580891
vt 0.220115 0.573641
vt 0.209654 0.563394
vt 0.308284 0.323641
vt 0.283830 0.342674
vt 0.294521 0.303878
vt 0.673398 0.426033
vt 0.679300 0.397472
vt 0.705567 0.407959
vt 0.704971 0.429211
vt 0.722027 0.407425
vt 0.725993 0.437138
vt 0.662743 0.214143
vt 0.691580 0.216602
vt 0.689003 0.247035
vt 0.663048 0.246082
vt 0.610338 0.109521
vt 0.617370 0.120708
vt 0.617863 0.120361
vt 0.610788 0.109107
vt 0.680111 0.342252
vt 0.687631 0.283505
vt 0.702381 0.286659
vt 0.699871 0.346960
vt 0.424953 0.748469
vt 0.436335 0.745897
vt 0.441790 0.696146
vt 0.424953 0.699220
vt 0.796375 0.821672
vt 0.800787 0.778272
vt 0.790192 0.777581
vt 0.778065 0.820045
vt 0.365237 0.322170
vt 0.413705 0.286420
vt 0.403052 0.267088
vt 0.355540 0.304823
vt 0.819911 0.623349
vt 0.843924 0.629712
vt 0.844132 0.629118
vt 0.819887 0.622751
vt 0.735325 0.024853
vt 0.718039 0.019400
vt 0.718221 0.018866
vt 0.735476 0.024264
vt 0.696063 0.012525
vt 0.696237 0.011988
vt 0.498212 0.788607
vt 0.493415 0.803814
vt 0.478300 0.804483
vt 0.481102 0.786407
vt 0.795552 0.931809
vt 0.796720 0.884503
vt 0.774673 0.883200
vt 0.762370 0.931396
vt 0.708471 0.234377
vt 0.275756 0.734120
vt 0.294667 0.748400
vt 0.294667 0.710307
vt 0.279033 0.696146
vt 0.949828 0.386528
vt 0.930010 0.387452
vt 0.934059 0.356135
vt 0.952201 0.357003
vt 0.918523 0.387988
vt 0.915304 0.357001
vt 0.662955 0.699190
vt 0.676603 0.698314
vt 0.683180 0.667870
vt 0.669714 0.635176
vt 0.824008 0.886957
vt 0.825471 0.840821
vt 0.795358 0.845969
vt 0.257896 0.738574
vt 0.264016 0.700897
vt 0.429691 0.246558
vt 0.400337 0.265163
vt 0.391456 0.245776
vt 0.419745 0.229642
vt 0.627759 0.132118
vt 0.628306 0.131849
vt 0.452451 0.249983
vt 0.442362 0.240784
vt 0.354882 0.295311
vt 0.347178 0.267780
vt 0.779759 0.851034
vt 0.519100 0.173936
vt 0.526249 0.183393
vt 0.592910 0.138314
vt 0.586825 0.129057
vt 0.393096 0.249059
vt 0.434349 0.227549
vt 0.537763 0.192837
vt 0.531559 0.177161
vt 0.595913 0.133679
vt 0.603878 0.146954
vt 0.347700 0.277571
vt 0.293662 0.300554
vt 0.305588 0.337425
vt 0.600834 0.147687
vt 0.606116 0.143215
vt 0.597630 0.134581
vt 0.589373 0.124698
vt 0.596492 0.119039
vt 0.604679 0.128383
vt 0.634259 0.418564
vt 0.634393 0.387438
vt 0.790850 0.615721
vt 0.790927 0.615146
vt 0.722763 0.054627
vt 0.711102 0.050388
vt 0.712229 0.041468
vt 0.729137 0.048406
vt 0.819397 0.655924
vt 0.830208 0.659347
vt 0.835852 0.653456
vt 0.820027 0.647255
vt 0.592142 0.125763
vt 0.257950 0.768068
vt 0.259230 0.792859
vt 0.272194 0.797281
vt 0.288362 0.788384
vt 0.288929 0.770623
vt 0.528941 0.194732
vt 0.515025 0.823834
vt 0.508658 0.823834
vt 0.504018 0.807884
vt 0.510994 0.796364
vt 0.156137 0.510437
vt 0.169646 0.537382
vt 0.183537 0.527667
vt 0.153489 0.471187
vt 0.148249 0.516181
vt 0.168926 0.537886
vt 0.157590 0.545814
vt 0.137476 0.524026
vt 0.894399 0.289802
vt 0.891496 0.310007
vt 0.878765 0.299188
vt 0.881348 0.281919
vt 0.466247 0.789283
vt 0.469121 0.806510
vt 0.461890 0.811391
vt 0.456612 0.799401
vt 0.500852 0.216534
vt 0.493255 0.205673
vt 0.831708 0.941114
vt 0.086090 0.757652
vt 0.091647 0.745485
vt 0.111613 0.742141
vt 0.108624 0.753784
vt 0.383450 0.701235
vt 0.398036 0.705475
vt 0.393750 0.736135
vt 0.379666 0.726921
vt 0.374529 0.698997
vt 0.370574 0.721396
vt 0.408369 0.707910
vt 0.405945 0.735056
vt 0.409298 0.759168
vt 0.385634 0.754396
vt 0.384087 0.760826
vt 0.410405 0.766717
vt 0.382642 0.773566
vt 0.335855 0.755377
vt 0.347765 0.765627
vt 0.333517 0.763719
vt 0.228477 0.751078
vt 0.231893 0.750811
vt 0.238287 0.758065
vt 0.228788 0.757421
vt 0.083520 0.862927
vt 0.082253 0.868528
vt 0.085969 0.867822
vt 0.089525 0.867147
vt 0.090485 0.862927
vt 0.360597 0.756421
vt 0.371268 0.759483
vt 0.372327 0.773006
vt 0.360046 0.769317
vt 0.205370 0.851607
vt 0.195969 0.854997
vt 0.202184 0.863471
vt 0.221654 0.854559
vt 0.374477 0.733361
vt 0.138415 0.862294
vt 0.141072 0.843620
vt 0.116819 0.841248
vt 0.115820 0.859791
vt 0.232174 0.740460
vt 0.233147 0.735622
vt 0.234080 0.730985
vt 0.242993 0.731780
vt 0.243433 0.740897
vt 0.229982 0.739028
vt 0.232997 0.739341
vt 0.115319 0.870352
vt 0.366049 0.839256
vt 0.365497 0.861722
vt 0.365642 0.861698
vt 0.348499 0.846860
vt 0.347178 0.831640
vt 0.303964 0.293850
vt 0.296550 0.278489
vt 0.283034 0.287942
vt 0.696544 0.173840
vt 0.674885 0.171414
vt 0.265818 0.343526
vt 0.280846 0.352800
vt 0.217386 0.333857
vt 0.239219 0.363761
vt 0.257981 0.349834
vt 0.233455 0.322618
vt 0.248999 0.758214
vt 0.337293 0.748521
vt 0.350276 0.753423
vt 0.228911 0.721152
vt 0.237926 0.721811
vt 0.228976 0.729596
vt 0.367704 0.696146
vt 0.366782 0.716074
vt 0.161868 0.506263
vt 0.182494 0.528397
vt 0.283480 0.287631
vt 0.242140 0.316544
vt 0.159652 0.544372
vt 0.140729 0.521658
vt 0.025506 0.287144
vt 0.041830 0.281591
vt 0.026604 0.241306
vt 0.011524 0.241137
vt 0.638245 0.759537
vt 0.659115 0.787665
vt 0.678981 0.783066
vt 0.655948 0.763979
vt 0.223734 0.600358
vt 0.231697 0.601427
vt 0.227691 0.600183
vt 0.221656 0.663607
vt 0.209436 0.662163
vt 0.215745 0.595380
vt 0.200960 0.661463
vt 0.199495 0.594113
vt 0.927613 0.442678
vt 0.943728 0.445168
vt 0.928857 0.455928
vt 0.916854 0.468864
vt 0.907972 0.442544
vt 0.645371 0.781197
vt 0.650392 0.836607
vt 0.659318 0.839034
vt 0.648545 0.782892
vt 0.662834 0.839403
vt 0.674408 0.831974
vt 0.002001 0.696146
vt 0.018390 0.760521
vt 0.035401 0.759178
vt 0.014408 0.698375
vt 0.050102 0.757947
vt 0.032212 0.698761
vt 0.026996 0.793041
vt 0.021027 0.799983
vt 0.042045 0.799193
vt 0.039897 0.790326
vt 0.058696 0.798846
vt 0.051062 0.789891
vt 0.577883 0.784397
vt 0.579380 0.793686
vt 0.564765 0.792834
vt 0.567639 0.784185
vt 0.587750 0.783002
vt 0.595221 0.793204
vt 0.417122 0.794223
vt 0.413614 0.806359
vt 0.422950 0.810532
vt 0.425289 0.796342
vt 0.412010 0.820060
vt 0.424888 0.823628
vt 0.578207 0.805936
vt 0.558500 0.806510
vt 0.021721 0.811964
vt 0.043102 0.811813
vt 0.065771 0.810680
vt 0.598795 0.807158
vt 0.429122 0.821112
vt 0.432472 0.836672
vt 0.443408 0.835165
vt 0.441759 0.819361
vt 0.008757 0.809012
vt 0.413056 0.834413
vt 0.424699 0.837659
vt 0.556967 0.792255
vt 0.562446 0.783927
vt 0.577861 0.822630
vt 0.548526 0.821764
vt 0.600403 0.823565
vt 0.015497 0.829874
vt 0.044298 0.828330
vt 0.000529 0.823372
vt 0.069121 0.827171
vt 0.435063 0.847156
vt 0.443776 0.849478
vt 0.534317 0.813767
vt 0.544463 0.800875
vt 0.418563 0.854574
vt 0.428242 0.854477
vt 0.539264 0.831040
vt 0.532061 0.828479
vt 0.578638 0.844429
vt 0.557743 0.843048
vt 0.600403 0.845167
vt 0.860883 0.685941
vt 0.860883 0.675638
vt 0.867185 0.677382
vt 0.868770 0.687441
vt 0.028085 0.855891
vt 0.048866 0.855486
vt 0.000440 0.843993
vt 0.007874 0.845904
vt 0.070772 0.853666
vt 0.744933 0.845927
vt 0.744933 0.864135
vt 0.735983 0.863806
vt 0.734101 0.850322
vt 0.246132 0.848335
vt 0.249870 0.826161
vt 0.257017 0.827392
vt 0.257017 0.855269
vt 0.743795 0.870296
vt 0.737402 0.870517
vt 0.538675 0.841178
vt 0.534023 0.839904
vt 0.411130 0.793019
vt 0.411130 0.814530
vt 0.404264 0.812951
vt 0.401357 0.795380
vt 0.581006 0.868284
vt 0.565327 0.866914
vt 0.597270 0.868347
vt 0.250128 0.802495
vt 0.255097 0.800349
vt 0.038531 0.882430
vt 0.054602 0.882442
vt 0.862684 0.671966
vt 0.868385 0.673821
vt 0.004071 0.853985
vt 0.008906 0.854525
vt 0.070772 0.881137
vt 0.409992 0.843537
vt 0.403464 0.841541
vt 0.403868 0.827972
vt 0.410555 0.829595
vt 0.431327 0.805095
vt 0.443776 0.803410
vt 0.443201 0.794223
vt 0.433678 0.794916
vt 0.208974 0.694376
vt 0.221176 0.695267
vt 0.428242 0.797344
vt 0.234260 0.662933
vt 0.233072 0.694206
vt 0.455732 0.700761
vt 0.453370 0.757325
vt 0.443504 0.755395
vt 0.448721 0.696146
vt 0.039330 0.788303
vt 0.023825 0.791422
vt 0.052747 0.787738
vt 0.659695 0.863141
vt 0.650071 0.860357
vt 0.663186 0.864378
vt 0.442669 0.782007
vt 0.454186 0.784817
vt 0.222340 0.395754
vt 0.256605 0.387824
vt 0.216726 0.382079
vt 0.655570 0.539824
vt 0.634406 0.535949
vt 0.631980 0.498868
vt 0.662797 0.502469
vt 0.685670 0.505638
vt 0.684309 0.545724
vt 0.114307 0.489449
vt 0.130780 0.480331
vt 0.138354 0.498551
vt 0.122781 0.508429
vt 0.684096 0.605739
vt 0.643418 0.604094
vt 0.706316 0.552320
vt 0.708528 0.584216
vt 0.096654 0.854721
vt 0.096654 0.820069
vt 0.080946 0.833455
vt 0.701081 0.504107
vt 0.886893 0.337176
vt 0.912282 0.338750
vt 0.936768 0.336173
vt 0.932776 0.317220
vt 0.948953 0.315835
vt 0.955769 0.335610
vt 0.093550 0.480097
vt 0.112366 0.476759
vt 0.077480 0.431708
vt 0.066875 0.439126
vt 0.633538 0.463583
vt 0.665784 0.468844
vt 0.895884 0.359553
vt 0.128870 0.502163
vt 0.145571 0.488097
vt 0.709670 0.619366
vt 0.700595 0.623868
vt 0.194619 0.349780
vt 0.135086 0.463538
vt 0.101214 0.415109
vt 0.082382 0.728634
vt 0.075805 0.757107
vt 0.071652 0.756887
vt 0.076543 0.710829
vt 0.098186 0.490766
vt 0.129847 0.395083
vt 0.156682 0.433688
vt 0.155508 0.377135
vt 0.181832 0.414772
vt 0.685915 0.644305
vt 0.687410 0.628048
vt 0.684549 0.624748
vt 0.145892 0.469272
vt 0.149918 0.486136
vt 0.941309 0.293657
vt 0.954502 0.294803
vt 0.955136 0.315206
vt 0.808451 0.734372
vt 0.834463 0.741017
vt 0.828002 0.780047
vt 0.826840 0.438332
vt 0.849210 0.446151
vt 0.862946 0.422784
vt 0.837095 0.413748
vt 0.656406 0.280272
vt 0.793684 0.730546
vt 0.524167 0.167582
vt 0.492877 0.205131
vt 0.483410 0.191596
vt 0.702026 0.130351
vt 0.722144 0.140971
vt 0.712426 0.175619
vt 0.457411 0.230870
vt 0.445641 0.212907
vt 0.485666 0.194822
vt 0.612844 0.139439
vt 0.603920 0.130166
vt 0.336722 0.856293
vt 0.333169 0.836566
vt 0.641990 0.333526
vt 0.808689 0.653347
vt 0.807856 0.644197
vt 0.713085 0.033964
vt 0.731209 0.040913
vt 0.838261 0.645891
vt 0.820551 0.639653
vt 0.598077 0.120802
vt 0.861750 0.806578
vt 0.863813 0.789905
vt 0.864168 0.789887
vt 0.862059 0.806664
vt 0.862349 0.775436
vt 0.862680 0.775332
vt 0.333169 0.797807
vt 0.345011 0.793019
vt 0.753441 0.605302
vt 0.753357 0.605630
vt 0.691319 0.027173
vt 0.654474 0.008623
vt 0.659151 0.000729
vt 0.359375 0.800920
vt 0.252857 0.304304
vt 0.280703 0.336036
vt 0.704842 0.439711
vt 0.693108 0.473643
vt 0.671560 0.436392
vt 0.202649 0.693760
vt 0.849043 0.858280
vt 0.851225 0.863254
vt 0.847376 0.861204
vt 0.356462 0.714959
vt 0.353478 0.717475
vt 0.109017 0.841627
vt 0.110445 0.831955
vt 0.108800 0.831955
vt 0.107747 0.839340
vt 0.242423 0.721407
vt 0.228867 0.696146
vt 0.240175 0.697444
vt 0.237054 0.707698
vt 0.228662 0.706555
vt 0.369413 0.740586
vt 0.359417 0.734777
vt 0.237111 0.713551
vt 0.246646 0.711244
vt 0.240073 0.714164
vt 0.335665 0.704692
vt 0.344430 0.712274
vt 0.340639 0.719600
vt 0.228826 0.712785
vt 0.350557 0.745058
vt 0.340057 0.741517
vt 0.340993 0.726621
vt 0.351246 0.729203
vt 0.111624 0.831955
vt 0.110599 0.839519
vt 0.106209 0.846981
vt 0.106209 0.843840
vt 0.239392 0.719656
vt 0.239300 0.718509
vt 0.236214 0.716492
vt 0.228948 0.716382
vt 0.370366 0.750721
vt 0.850031 0.864444
vt 0.845911 0.864444
vt 0.107277 0.843165
vt 0.851234 0.864400
vt 0.236289 0.719753
vt 0.229212 0.719769
vt 0.244693 0.748813
vt 0.360461 0.747890
vt 0.401849 0.853104
vt 0.406636 0.856735
vt 0.401930 0.865957
vt 0.249698 0.718105
vt 0.253311 0.732950
vt 0.211199 0.831910
vt 0.208475 0.844767
vt 0.232707 0.843121
vt 0.236516 0.831910
vt 0.242033 0.844142
vt 0.244203 0.831910
vt 0.227611 0.849976
vt 0.350293 0.710361
vt 0.230694 0.729948
vt 0.234538 0.730968
vt 0.234376 0.732576
vt 0.230868 0.731866
vt 0.214101 0.570215
vt 0.199901 0.579860
vt 0.637400 0.745169
vt 0.660382 0.746064
vt 0.949996 0.439021
vt 0.929721 0.434553
vt 0.675484 0.750877
vt 0.923977 0.434821
vt 0.906689 0.434357
vt 0.903657 0.388682
vt 0.190247 0.594109
vt 0.189787 0.587294
vt 0.139495 0.448103
vt 0.188718 0.405346
vt 0.193025 0.416353
vt 0.154154 0.459250
vt 0.217878 0.388062
vt 0.165799 0.369937
vt 0.194524 0.349847
vt 0.113223 0.406709
vt 0.081389 0.428975
vt 0.097863 0.417452
vt 0.123205 0.462111
vt 0.105832 0.470469
vt 0.612054 0.142958
vt 0.424953 0.793343
vt 0.441379 0.791108
vt 0.788737 0.631405
vt 0.224918 0.285047
vt 0.232603 0.267263
vt 0.197398 0.583875
vt 0.219829 0.600776
vt 0.687410 0.771720
vt 0.948059 0.247039
vt 0.955073 0.246712
vt 0.231897 0.268420
vt 0.264435 0.300951
vt 0.279076 0.285967
vt 0.240810 0.247710
vt 0.226279 0.327637
vt 0.247333 0.368692
vt 0.237047 0.783482
vt 0.254026 0.783986
vt 0.257017 0.756001
vt 0.254933 0.747356
vt 0.409812 0.847718
vt 0.408258 0.852131
vt 0.409849 0.852078
vt 0.411130 0.848773
vt 0.233589 0.851499
vt 0.254493 0.740349
vt 0.680926 0.124063
vt 0.845031 0.999560
vt 0.800990 0.980166
vt 0.751071 0.981120
vt 0.314083 0.353693
vt 0.227606 0.783011
vt 0.345550 0.792139
vt 0.333169 0.792139
vt 0.076839 0.757162
vt 0.083835 0.733065
vt 0.846653 0.773308
vt 0.846084 0.756172
vt 0.851880 0.755840
vt 0.852448 0.772976
vt 0.086744 0.797685
vt 0.079339 0.786116
vt 0.085113 0.786422
vt 0.092518 0.797991
vt 0.626700 0.762822
vt 0.628122 0.790292
vt 0.622340 0.790292
vt 0.620917 0.762822
vt 0.406434 0.846031
vt 0.405937 0.849628
vt 0.401849 0.845542
vt 0.403202 0.844416
vt 0.408163 0.850249
vt 0.408708 0.847560
vt 0.322456 0.801425
vt 0.322456 0.798146
vt 0.324586 0.799977
vt 0.324291 0.802433
vt 0.080946 0.870081
vt 0.083786 0.870254
vt 0.166127 0.851050
vt 0.165548 0.867001
vt 0.522396 0.832420
vt 0.516667 0.814744
vt 0.515905 0.814744
vt 0.521739 0.833059
vt 0.526540 0.842262
vt 0.525960 0.843082
vt 0.625098 0.721813
vt 0.627060 0.731926
vt 0.628122 0.731947
vt 0.626124 0.721649
vt 0.748190 0.651249
vt 0.748190 0.624748
vt 0.749287 0.625286
vt 0.749287 0.652275
vt 0.626891 0.838923
vt 0.620918 0.849682
vt 0.621918 0.850099
vt 0.628001 0.839141
vt 0.622450 0.709292
vt 0.623428 0.708898
vt 0.620918 0.818793
vt 0.621918 0.818641
vt 0.410002 0.759570
vt 0.411130 0.767258
vt 0.619803 0.761378
vt 0.620732 0.761943
vt 0.237741 0.784599
vt 0.227822 0.784062
vt 0.306289 0.806498
vt 0.286482 0.807646
vt 0.285919 0.820529
vt 0.306253 0.819825
vt 0.719610 0.810751
vt 0.695756 0.807706
vt 0.701910 0.779251
vt 0.721446 0.782594
vt 0.730864 0.811723
vt 0.729181 0.825565
vt 0.719563 0.823004
vt 0.304280 0.839617
vt 0.286862 0.840159
vt 0.287475 0.846265
vt 0.303889 0.845746
vt 0.529149 0.758434
vt 0.516531 0.759826
vt 0.516852 0.742680
vt 0.531181 0.743540
vt 0.290940 0.863894
vt 0.305430 0.863212
vt 0.527175 0.721698
vt 0.504690 0.721956
vt 0.504520 0.713732
vt 0.529178 0.732619
vt 0.493896 0.759797
vt 0.505340 0.759803
vt 0.508290 0.782827
vt 0.493896 0.785076
vt 0.505061 0.741664
vt 0.520981 0.785527
vt 0.318813 0.839487
vt 0.316653 0.846373
vt 0.321469 0.806210
vt 0.319408 0.819646
vt 0.493896 0.740891
vt 0.493896 0.722021
vt 0.493896 0.711797
vt 0.317312 0.798956
vt 0.306547 0.798709
vt 0.287340 0.798161
vt 0.688290 0.779557
vt 0.717444 0.834075
vt 0.691829 0.830790
vt 0.695368 0.818220
vt 0.728830 0.836738
vt 0.727698 0.786620
vt 0.195969 0.784669
vt 0.217176 0.784445
vt 0.219142 0.799246
vt 0.197935 0.799470
vt 0.239726 0.796814
vt 0.229830 0.793290
vt 0.130101 0.807277
vt 0.119733 0.796061
vt 0.115319 0.810811
vt 0.125881 0.815591
vt 0.728479 0.847911
vt 0.715325 0.845146
vt 0.688290 0.843361
vt 0.619803 0.696772
vt 0.620732 0.696146
vt 0.255955 0.306881
vt 0.278408 0.353487
vt 0.287420 0.370767
vt 0.272689 0.359043
vt 0.219880 0.269804
vt 0.237360 0.249535
vt 0.276045 0.288086
vt 0.630434 0.428842
vt 0.629185 0.402599
vt 0.676711 0.411324
vt 0.908009 0.205873
vt 0.904726 0.183658
vt 0.925408 0.186421
vt 0.924119 0.208170
vt 0.022997 0.213927
vt 0.015229 0.200219
vt 0.258163 0.251979
vt 0.272005 0.271686
vt 0.795355 0.424749
vt 0.826937 0.427831
vt 0.827468 0.406578
vt 0.801170 0.396171
vt 0.847984 0.435694
vt 0.843927 0.405993
vt 0.784056 0.212871
vt 0.784482 0.244580
vt 0.810314 0.246613
vt 0.812785 0.216289
vt 0.330956 0.792994
vt 0.318003 0.797267
vt 0.801731 0.341690
vt 0.821474 0.346630
vt 0.823798 0.286334
vt 0.809064 0.282995
vt 0.412010 0.696146
vt 0.417464 0.745897
vt 0.919580 0.684943
vt 0.901245 0.683721
vt 0.913339 0.641568
vt 0.923964 0.641822
vt 0.277032 0.197870
vt 0.290854 0.212151
vt 0.340669 0.177512
vt 0.325221 0.161746
vt 0.332235 0.768240
vt 0.301848 0.788197
vt 0.301281 0.770445
vt 0.295547 0.748178
vt 0.498212 0.859061
vt 0.481102 0.861261
vt 0.478300 0.843185
vt 0.493415 0.843854
vt 0.918843 0.794213
vt 0.885634 0.794222
vt 0.897891 0.746531
vt 0.919968 0.747382
vt 0.829767 0.233681
vt 0.314444 0.734123
vt 0.311169 0.696146
vt 0.295547 0.710119
vt 0.947751 0.094463
vt 0.955213 0.121189
vt 0.938659 0.122197
vt 0.928775 0.094738
vt 0.920229 0.123205
vt 0.917582 0.095201
vt 0.743295 0.727787
vt 0.729370 0.701631
vt 0.918579 0.709108
vt 0.948637 0.704774
vt 0.947214 0.750484
vt 0.332289 0.738773
vt 0.326174 0.701061
vt 0.367998 0.157912
vt 0.381335 0.172306
vt 0.357740 0.194753
vt 0.341731 0.180666
vt 0.377175 0.147438
vt 0.371270 0.135129
vt 0.299774 0.215519
vt 0.323922 0.230822
vt 0.902954 0.714591
vt 0.463284 0.093192
vt 0.525567 0.041003
vt 0.518452 0.032489
vt 0.456285 0.083623
vt 0.355069 0.192237
vt 0.387543 0.158922
vt 0.450555 0.069878
vt 0.513467 0.019651
vt 0.523935 0.031193
vt 0.463782 0.080332
vt 0.314696 0.227504
vt 0.244291 0.249783
vt 0.277065 0.276824
vt 0.523354 0.029000
vt 0.517576 0.018432
vt 0.511806 0.022247
vt 0.531581 0.024389
vt 0.538104 0.034849
vt 0.530620 0.040017
vt 0.756193 0.417400
vt 0.756232 0.386274
vt 0.843267 0.054227
vt 0.849628 0.047964
vt 0.832644 0.041257
vt 0.831573 0.050087
vt 0.942618 0.520215
vt 0.943234 0.511593
vt 0.958966 0.518149
vt 0.953332 0.524010
vt 0.530222 0.036817
vt 0.446201 0.077781
vt 0.510994 0.851304
vt 0.504018 0.839784
vt 0.038102 0.314748
vt 0.066470 0.346770
vt 0.039716 0.310025
vt 0.026015 0.314700
vt 0.019618 0.286172
vt 0.033055 0.281560
vt 0.890650 0.209458
vt 0.878390 0.218523
vt 0.874210 0.201569
vt 0.885879 0.189612
vt 0.466247 0.858385
vt 0.456612 0.848267
vt 0.461890 0.836277
vt 0.469121 0.841158
vt 0.425451 0.108807
vt 0.417236 0.098405
vt 0.954944 0.804395
vt 0.110296 0.767023
vt 0.090331 0.770337
vt 0.168980 0.696796
vt 0.158319 0.722654
vt 0.174572 0.729279
vt 0.184081 0.698430
vt 0.159805 0.696146
vt 0.150079 0.718812
vt 0.188223 0.726107
vt 0.194680 0.699027
vt 0.162344 0.748614
vt 0.190927 0.749226
vt 0.161298 0.755209
vt 0.160753 0.767996
vt 0.191160 0.756449
vt 0.117102 0.758283
vt 0.115319 0.766898
vt 0.127796 0.766278
vt 0.218711 0.757918
vt 0.224365 0.750755
vt 0.089525 0.858708
vt 0.085969 0.858032
vt 0.082253 0.857326
vt 0.138088 0.754970
vt 0.139515 0.767763
vt 0.151233 0.769247
vt 0.148381 0.756121
vt 0.205370 0.812213
vt 0.221654 0.809261
vt 0.202184 0.800349
vt 0.195969 0.808823
vt 0.150143 0.729865
vt 0.138415 0.827783
vt 0.115820 0.825537
vt 0.224207 0.740400
vt 0.211856 0.740660
vt 0.212465 0.731551
vt 0.223225 0.730904
vt 0.223706 0.735551
vt 0.226328 0.739291
vt 0.115319 0.817024
vt 0.366929 0.838876
vt 0.385862 0.831650
vt 0.384831 0.846887
vt 0.367539 0.861375
vt 0.367254 0.861369
vt 0.286896 0.269447
vt 0.817618 0.173526
vt 0.796063 0.170135
vt 0.221361 0.267750
vt 0.216303 0.290244
vt 0.196786 0.303091
vt 0.206536 0.757895
vt 0.117539 0.751284
vt 0.128152 0.753823
vt 0.219181 0.721670
vt 0.114440 0.774648
vt 0.091628 0.775293
vt 0.055054 0.305503
vt 0.047858 0.276935
vt 0.014031 0.290950
vt 0.020115 0.320309
vt 0.034493 0.205316
vt 0.042768 0.179880
vt 0.023382 0.180284
vt 0.908090 0.038986
vt 0.917866 0.011153
vt 0.924060 0.003741
vt 0.929803 0.022271
vt 0.050171 0.181070
vt 0.050844 0.117306
vt 0.037802 0.117955
vt 0.618924 0.696146
vt 0.603076 0.702078
vt 0.607199 0.747639
vt 0.616269 0.748206
vt 0.018470 0.190978
vt 0.018689 0.175735
vt 0.032255 0.175861
vt 0.951100 0.015556
vt 0.935265 0.016943
vt 0.927119 0.000440
vt 0.946472 0.003393
vt 0.183445 0.861190
vt 0.187183 0.860266
vt 0.192123 0.819346
vt 0.183445 0.817024
vt 0.020442 0.119151
vt 0.031012 0.113981
vt 0.049734 0.112321
vt 0.008602 0.178089
vt 0.015831 0.115852
vt 0.042668 0.081617
vt 0.028753 0.084638
vt 0.026517 0.076067
vt 0.048421 0.074412
vt 0.017082 0.085519
vt 0.008801 0.076971
vt 0.033852 0.085678
vt 0.043185 0.084105
vt 0.045976 0.075572
vt 0.031644 0.076928
vt 0.021099 0.087305
vt 0.011087 0.077860
vt 0.848608 0.605302
vt 0.857293 0.606275
vt 0.856907 0.620598
vt 0.846941 0.617690
vt 0.858302 0.634047
vt 0.846314 0.631729
vt 0.054015 0.062542
vt 0.030200 0.064326
vt 0.026121 0.064044
vt 0.047074 0.062507
vt 0.002253 0.066013
vt 0.008738 0.065746
vt 0.180801 0.831567
vt 0.167055 0.834153
vt 0.168583 0.819267
vt 0.180394 0.817024
vt 0.061630 0.065233
vt 0.856707 0.649013
vt 0.845911 0.646882
vt 0.179910 0.861548
vt 0.176454 0.857730
vt 0.180067 0.847734
vt 0.182565 0.854606
vt 0.059299 0.045129
vt 0.029398 0.048222
vt 0.006359 0.050322
vt 0.025429 0.048165
vt 0.054456 0.045081
vt 0.069709 0.050676
vt 0.000440 0.050664
vt 0.853328 0.839538
vt 0.853328 0.855467
vt 0.862255 0.854192
vt 0.864649 0.842872
vt 0.066529 0.065289
vt 0.074004 0.050809
vt 0.857181 0.666914
vt 0.847278 0.668328
vt 0.075340 0.036376
vt 0.068790 0.035228
vt 0.051578 0.027041
vt 0.029495 0.028238
vt 0.007424 0.030485
vt 0.856165 0.865074
vt 0.863269 0.864633
vt 0.026698 0.024052
vt 0.048812 0.022952
vt 0.066138 0.030481
vt 0.072684 0.031592
vt 0.003020 0.026438
vt 0.860883 0.671086
vt 0.871346 0.664046
vt 0.867903 0.651041
vt 0.860883 0.652448
vt 0.455732 0.797497
vt 0.444766 0.791914
vt 0.444766 0.819893
vt 0.452723 0.820155
vt 0.863608 0.860309
vt 0.863954 0.868304
vt 0.857451 0.868437
vt 0.854742 0.861581
vt 0.074550 0.026384
vt 0.070160 0.025940
vt 0.860004 0.683772
vt 0.854202 0.688256
vt 0.047470 0.007036
vt 0.031015 0.007666
vt 0.013662 0.009485
vt 0.445623 0.846891
vt 0.451885 0.843993
vt 0.029071 0.001041
vt 0.045988 0.000440
vt 0.071652 0.866351
vt 0.077976 0.866351
vt 0.077373 0.858200
vt 0.073029 0.858026
vt 0.011630 0.002778
vt 0.167007 0.850319
vt 0.053567 0.074946
vt 0.167007 0.859209
vt 0.045006 0.086251
vt 0.034302 0.087939
vt 0.860004 0.607009
vt 0.019713 0.089724
vt 0.594255 0.707098
vt 0.597524 0.750130
vt 0.028481 0.086558
vt 0.044384 0.083285
vt 0.015181 0.087616
vt 0.525753 0.869822
vt 0.515920 0.869900
vt 0.515905 0.844739
vt 0.525585 0.844474
vt 0.528896 0.870210
vt 0.528896 0.843962
vt 0.603682 0.778236
vt 0.614456 0.776055
vt 0.160944 0.307971
vt 0.171863 0.317936
vt 0.180147 0.278506
vt 0.777874 0.538595
vt 0.784987 0.501218
vt 0.754159 0.497710
vt 0.754597 0.534249
vt 0.806631 0.544407
vt 0.807870 0.504317
vt 0.035876 0.377310
vt 0.028612 0.344024
vt 0.044967 0.334540
vt 0.050091 0.364964
vt 0.765918 0.602901
vt 0.806601 0.604422
vt 0.828658 0.550936
vt 0.830967 0.582825
vt 0.606279 0.783002
vt 0.601282 0.813197
vt 0.619933 0.823325
vt 0.823276 0.502739
vt 0.885291 0.152761
vt 0.911621 0.146822
vt 0.936282 0.146889
vt 0.954441 0.146771
vt 0.942324 0.179360
vt 0.925969 0.181532
vt 0.037540 0.400015
vt 0.047129 0.383486
vt 0.755609 0.462421
vt 0.787871 0.467584
vt 0.899402 0.125008
vt 0.031464 0.345398
vt 0.051462 0.337268
vt 0.610497 0.858325
vt 0.601282 0.849020
vt 0.067342 0.366680
vt 0.071652 0.803205
vt 0.029108 0.392000
vt 0.102789 0.356634
vt 0.129184 0.339497
vt 0.746386 0.751302
vt 0.745746 0.778371
vt 0.747310 0.773909
vt 0.065663 0.354562
vt 0.061144 0.330179
vt 0.936997 0.201252
vt 0.948758 0.178510
vt 0.950026 0.198883
vt 0.931599 0.598181
vt 0.957574 0.605407
vt 0.951136 0.644253
vt 0.677770 0.407771
vt 0.631741 0.398988
vt 0.777961 0.278641
vt 0.916801 0.594826
vt 0.470827 0.090168
vt 0.436097 0.122288
vt 0.425860 0.109325
vt 0.822972 0.129967
vt 0.833529 0.175028
vt 0.843146 0.140309
vt 0.404816 0.152323
vt 0.391001 0.135880
vt 0.433657 0.119198
vt 0.529382 0.024234
vt 0.523126 0.013070
vt 0.399772 0.836869
vt 0.396465 0.856569
vt 0.763727 0.331770
vt 0.931842 0.517897
vt 0.931012 0.508730
vt 0.851661 0.040519
vt 0.833476 0.033754
vt 0.943752 0.504006
vt 0.961380 0.510559
vt 0.536673 0.032551
vt 0.388022 0.793019
vt 0.399772 0.798055
vt 0.816493 0.012046
vt 0.779597 0.000440
vt 0.774823 0.008478
vt 0.811655 0.027139
vt 0.373582 0.800624
vt 0.250043 0.306272
vt 0.230223 0.268860
vt 0.793548 0.435114
vt 0.815210 0.472300
vt 0.618924 0.777735
vt 0.219539 0.713419
vt 0.221063 0.716379
vt 0.216469 0.718338
vt 0.133602 0.714920
vt 0.129925 0.717908
vt 0.109017 0.822282
vt 0.107747 0.824569
vt 0.213303 0.721188
vt 0.219539 0.707566
vt 0.216469 0.697266
vt 0.145507 0.737854
vt 0.135821 0.733885
vt 0.215760 0.713981
vt 0.206950 0.710946
vt 0.207210 0.703052
vt 0.127633 0.745543
vt 0.127925 0.729830
vt 0.119786 0.729094
vt 0.119456 0.743909
vt 0.110599 0.824390
vt 0.216359 0.719483
vt 0.221095 0.720051
vt 0.146894 0.747657
vt 0.221630 0.719643
vt 0.217277 0.719551
vt 0.106209 0.820069
vt 0.107277 0.820745
vt 0.209899 0.748552
vt 0.137263 0.746600
vt 0.861053 0.637407
vt 0.860883 0.650162
vt 0.865529 0.640910
vt 0.203394 0.717757
vt 0.119899 0.722256
vt 0.199153 0.732543
vt 0.232707 0.820699
vt 0.208475 0.819053
vt 0.242033 0.819678
vt 0.227611 0.813844
vt 0.233589 0.812321
vt 0.224816 0.806881
vt 0.226822 0.732520
vt 0.226361 0.730907
vt 0.045351 0.225003
vt 0.033160 0.225034
vt 0.039943 0.178159
vt 0.041630 0.233766
vt 0.955769 0.045698
vt 0.941306 0.047970
vt 0.722595 0.658120
vt 0.709944 0.664606
vt 0.936657 0.047418
vt 0.902131 0.097306
vt 0.920288 0.049233
vt 0.022049 0.225482
vt 0.012153 0.179455
vt 0.018546 0.118457
vt 0.083354 0.367832
vt 0.078471 0.350806
vt 0.132312 0.329016
vt 0.140401 0.336263
vt 0.166639 0.314801
vt 0.050797 0.391781
vt 0.064608 0.378329
vt 0.519654 0.012978
vt 0.412421 0.791108
vt 0.911919 0.495826
vt 0.715172 0.415159
vt 0.097534 0.820069
vt 0.105329 0.832769
vt 0.097534 0.853678
vt 0.714900 0.411509
vt 0.194937 0.293778
vt 0.217451 0.783335
vt 0.196628 0.783555
vt 0.196715 0.755548
vt 0.198294 0.746931
vt 0.221395 0.731250
vt 0.221675 0.734782
vt 0.122798 0.714385
vt 0.198701 0.739930
vt 0.801956 0.122802
vt 0.968175 0.864484
vt 0.924129 0.845101
vt 0.874210 0.846069
vt 0.231923 0.236223
vt 0.120669 0.794950
vt 0.130512 0.792773
vt 0.081251 0.781863
vt 0.846653 0.819290
vt 0.845911 0.834129
vt 0.851707 0.833797
vt 0.852448 0.818958
vt 0.061662 0.442772
vt 0.042276 0.417606
vt 0.037538 0.420920
vt 0.056924 0.446086
vt 0.090967 0.717912
vt 0.096741 0.718217
vt 0.088156 0.728940
vt 0.865026 0.630031
vt 0.862100 0.628553
vt 0.860883 0.629743
vt 0.864550 0.633645
vt 0.866834 0.636144
vt 0.530374 0.832934
vt 0.527613 0.832507
vt 0.528087 0.835259
vt 0.530374 0.836505
vt 0.530374 0.840835
vt 0.527812 0.840563
vt 0.527507 0.837926
vt 0.530374 0.837384
vt 0.324586 0.806591
vt 0.322751 0.807599
vt 0.322456 0.805143
vt 0.324586 0.803312
vt 0.083786 0.855601
vt 0.080946 0.855773
vt 0.165548 0.835100
vt 0.522396 0.797069
vt 0.521739 0.796430
vt 0.526540 0.787227
vt 0.525960 0.786407
vt 0.737126 0.804918
vt 0.736100 0.804754
vt 0.734101 0.815052
vt 0.735164 0.815030
vt 0.129757 0.793844
vt 0.126992 0.766861
vt 0.749267 0.653503
vt 0.748190 0.653155
vt 0.748190 0.665688
vt 0.749267 0.665809
vt 0.739773 0.792397
vt 0.738796 0.792002
vt 0.258910 0.807340
vt 0.257896 0.807764
vt 0.262411 0.800298
vt 0.263342 0.800009
vt 0.741492 0.845047
vt 0.742420 0.844483
vt 0.269523 0.807397
vt 0.268454 0.820749
vt 0.162499 0.792657
vt 0.195089 0.790084
vt 0.194797 0.770261
vt 0.160555 0.768611
vt 0.150264 0.794534
vt 0.150300 0.804443
vt 0.165239 0.803940
vt 0.272008 0.840406
vt 0.273272 0.846495
vt 0.458644 0.758434
vt 0.456612 0.743540
vt 0.470941 0.742680
vt 0.471262 0.759826
vt 0.277545 0.863894
vt 0.460618 0.721698
vt 0.483272 0.713732
vt 0.483102 0.721956
vt 0.458615 0.732619
vt 0.479503 0.782827
vt 0.482453 0.759803
vt 0.482731 0.741664
vt 0.193569 0.796903
vt 0.169605 0.816145
vt 0.260562 0.840911
vt 0.264179 0.847656
vt 0.259097 0.821121
vt 0.466812 0.785527
vt 0.872783 0.807543
vt 0.864504 0.813045
vt 0.872783 0.827395
vt 0.271065 0.799577
vt 0.191522 0.756851
vt 0.140010 0.794189
vt 0.150860 0.769886
vt 0.138926 0.768374
vt 0.140201 0.805860
vt 0.326419 0.845469
vt 0.326419 0.865492
vt 0.332289 0.863827
vt 0.332113 0.846738
vt 0.079887 0.844022
vt 0.080066 0.820069
vt 0.071957 0.825566
vt 0.071652 0.846556
vt 0.212699 0.273270
vt 0.206739 0.255411
vt 0.799671 0.406475
vt 0.836813 0.410099
vt 0.752399 0.427690
vt 0.858196 0.453944
vt 0.873331 0.431791
vt 0.188196 0.867942
vt 0.187074 0.864491
vt 0.184567 0.867942
vt 0.474950 0.864805
vt 0.477874 0.864507
vt 0.476991 0.867978
vt 0.187074 0.871394
vt 0.191132 0.870075
vt 0.191132 0.865809
vt 0.472902 0.867757
vt 0.370241 0.864560
vt 0.366929 0.865912
vt 0.370023 0.868289
vt 0.485719 0.865089
vt 0.484972 0.862141
vt 0.482013 0.864400
vt 0.488514 0.871227
vt 0.487744 0.868228
vt 0.485369 0.871769
vt 0.377407 0.867667
vt 0.380188 0.865370
vt 0.380188 0.869600
vt 0.471259 0.864149
vt 0.373675 0.866102
vt 0.483726 0.868162
vt 0.383621 0.863945
vt 0.386934 0.865560
vt 0.383840 0.867413
vt 0.377371 0.871287
vt 0.247009 0.858391
vt 0.250190 0.856436
vt 0.249068 0.859887
vt 0.376455 0.868035
vt 0.373675 0.870332
vt 0.376492 0.871260
vt 0.481678 0.871113
vt 0.479638 0.867941
vt 0.478754 0.871412
vt 0.383622 0.871142
vt 0.386934 0.869790
vt 0.385193 0.873447
vt 0.253912 0.856148
vt 0.256755 0.858569
vt 0.253126 0.858569
vt 0.255634 0.862020
vt 0.252004 0.862020
vt 0.381024 0.873330
vt 0.253126 0.865472
vt 0.256755 0.865472
vt 0.253912 0.867892
vt 0.249068 0.864153
vt 0.250190 0.867605
vt 0.247009 0.865649
vt 0.246132 0.862020
vt 0.370241 0.871757
vt 0.372839 0.873447
vt 0.468884 0.867691
vt 0.470909 0.870830
vt 0.468114 0.871412
vt 0.474615 0.871519
vt 0.471656 0.873778
vt 0.482296 0.873778
vt 0.478763 0.864713
vt 0.468114 0.864692
vt 0.376492 0.864415
vt 0.372839 0.862372
vt 0.366929 0.870142
vt 0.474332 0.862141
vt 0.477865 0.871206
vt 0.377371 0.864442
vt 0.194068 0.867942
vt 0.381024 0.862255
vt 0.190010 0.873527
vt 0.193191 0.871571
vt 0.488514 0.864507
vt 0.183445 0.871394
vt 0.186288 0.873814
vt 0.368670 0.862255
vt 0.190010 0.862357
vt 0.193191 0.864313
vt 0.183445 0.864491
vt 0.186288 0.862070
vt 0.867083 0.783700
vt 0.869669 0.784238
vt 0.865048 0.775332
vt 0.867125 0.751434
vt 0.869708 0.751983
vt 0.867628 0.762440
vt 0.865044 0.761892
vt 0.748190 0.684298
vt 0.748190 0.686920
vt 0.749730 0.686828
vt 0.749730 0.684207
vt 0.529401 0.798041
vt 0.531181 0.798025
vt 0.529487 0.786736
vt 0.527708 0.786752
vt 0.531086 0.797696
vt 0.529306 0.797711
vt 0.527613 0.786422
vt 0.529392 0.786407
vt 0.529392 0.808567
vt 0.527613 0.808577
vt 0.865044 0.743046
vt 0.865048 0.794167
vt 0.867633 0.794704
vt 0.606033 0.865077
vt 0.608969 0.867210
vt 0.608969 0.862943
vt 0.611028 0.861447
vt 0.607848 0.859492
vt 0.604912 0.868528
vt 0.602404 0.865077
vt 0.604912 0.861625
vt 0.499145 0.871206
vt 0.495895 0.871519
vt 0.498271 0.867978
vt 0.394064 0.863945
vt 0.394282 0.867413
vt 0.390630 0.865370
vt 0.506999 0.865089
vt 0.505006 0.868162
vt 0.509025 0.868228
vt 0.170319 0.864733
vt 0.173753 0.866275
vt 0.172917 0.862546
vt 0.496230 0.864805
vt 0.492539 0.864149
vt 0.495612 0.862141
vt 0.387850 0.867666
vt 0.390630 0.869600
vt 0.387813 0.871287
vt 0.397376 0.865560
vt 0.503293 0.864399
vt 0.170100 0.868462
vt 0.494182 0.867757
vt 0.394064 0.871142
vt 0.395635 0.873447
vt 0.391466 0.873330
vt 0.464392 0.873885
vt 0.463605 0.871464
vt 0.467234 0.871464
vt 0.457489 0.871642
vt 0.459548 0.870146
vt 0.460669 0.873598
vt 0.170319 0.871930
vt 0.172917 0.873620
vt 0.173753 0.870505
vt 0.492189 0.870830
vt 0.489394 0.871412
vt 0.490164 0.867691
vt 0.463605 0.864561
vt 0.462484 0.868013
vt 0.459548 0.865880
vt 0.460669 0.862428
vt 0.457489 0.864384
vt 0.456612 0.868013
vt 0.176569 0.871433
vt 0.176533 0.868209
vt 0.500918 0.867941
vt 0.500034 0.871411
vt 0.502958 0.871113
vt 0.466113 0.868013
vt 0.397376 0.869790
vt 0.467234 0.864561
vt 0.464392 0.862141
vt 0.489394 0.864692
vt 0.500044 0.864713
vt 0.506649 0.871769
vt 0.503576 0.873778
vt 0.492936 0.873778
vt 0.167007 0.870315
vt 0.167007 0.866085
vt 0.176569 0.864588
vt 0.506252 0.862141
vt 0.509795 0.871227
vt 0.604125 0.859205
vt 0.601282 0.861625
vt 0.168747 0.862428
vt 0.601282 0.868528
vt 0.604125 0.870949
vt 0.509795 0.864507
vt 0.607848 0.870661
vt 0.611028 0.868706
vt 0.499155 0.864507
vt 0.391466 0.862255
vt 0.611905 0.865077
vt 0.387813 0.864442
vt 0.863475 0.615935
vt 0.865446 0.605302
vt 0.860883 0.616445
vt 0.848500 0.845660
vt 0.850513 0.856881
vt 0.847924 0.857400
vt 0.845911 0.846179
vt 0.748190 0.687799
vt 0.749969 0.687815
vt 0.749969 0.690437
vt 0.748190 0.690421
vt 0.529392 0.821091
vt 0.531086 0.809802
vt 0.529306 0.809787
vt 0.527613 0.821075
vt 0.527708 0.820746
vt 0.529401 0.809457
vt 0.531181 0.809472
vt 0.529487 0.820761
vt 0.529401 0.831617
vt 0.531181 0.831627
vt 0.850513 0.835008
vt 0.865446 0.627164
vt 0.862855 0.627673
vt 0.746599 0.833825
vt 0.744889 0.826705
vt 0.743300 0.826574
vt 0.745010 0.833694
vt 0.444504 0.861100
vt 0.444576 0.855260
vt 0.442214 0.857939
vt 0.442214 0.862561
vt 0.746676 0.856898
vt 0.745813 0.852420
vt 0.747335 0.852383
vt 0.748198 0.856861
vt 0.438272 0.860540
vt 0.436408 0.850358
vt 0.440047 0.853043
vt 0.111429 0.857385
vt 0.111328 0.854612
vt 0.113146 0.854558
vt 0.113247 0.857331
vt 0.748206 0.670117
vt 0.748190 0.674568
vt 0.750007 0.674428
vt 0.750023 0.669977
vt 0.746827 0.849210
vt 0.747771 0.846027
vt 0.749362 0.845927
vt 0.748348 0.849173
vt 0.451240 0.870984
vt 0.451238 0.860541
vt 0.447697 0.860967
vt 0.449252 0.871017
vt 0.431413 0.861132
vt 0.431484 0.855292
vt 0.433023 0.852431
vt 0.434731 0.860967
vt 0.449374 0.850358
vt 0.445989 0.852431
vt 0.436286 0.871017
vt 0.438274 0.870984
vt 0.431766 0.868313
vt 0.747841 0.863050
vt 0.749363 0.863013
vt 0.444857 0.868280
vt 0.442408 0.868942
vt 0.429316 0.868974
vt 0.429122 0.862593
vt 0.429122 0.857971
vt 0.111817 0.863286
vt 0.113638 0.863373
vt 0.440755 0.868523
vt 0.441334 0.860476
vt 0.111328 0.865282
vt 0.113148 0.865370
vt 0.454300 0.860476
vt 0.453013 0.853043
vt 0.748190 0.666829
vt 0.750007 0.666689
vt 0.453721 0.868523
vt 0.743300 0.844553
vt 0.744889 0.844684
vt 0.745675 0.841841
vt 0.744086 0.841710
vt 0.323361 0.852659
vt 0.324908 0.852639
vt 0.323958 0.845469
vt 0.322411 0.845489
vt 0.421868 0.867016
vt 0.424000 0.868942
vt 0.424802 0.864419
vt 0.422782 0.861284
vt 0.627197 0.861591
vt 0.625583 0.861713
vt 0.625131 0.857147
vt 0.626744 0.857024
vt 0.100479 0.864115
vt 0.100625 0.856424
vt 0.104273 0.854558
vt 0.749687 0.829401
vt 0.747870 0.829347
vt 0.747971 0.826574
vt 0.749788 0.826628
vt 0.750007 0.678876
vt 0.748190 0.678736
vt 0.748206 0.683187
vt 0.750023 0.683327
vt 0.627778 0.854004
vt 0.626164 0.854126
vt 0.626456 0.851050
vt 0.628001 0.850979
vt 0.413516 0.875247
vt 0.414997 0.875685
vt 0.418214 0.866181
vt 0.414954 0.865012
vt 0.107515 0.866178
vt 0.103739 0.865284
vt 0.106810 0.857292
vt 0.108429 0.860447
vt 0.421286 0.858189
vt 0.418748 0.855454
vt 0.100522 0.874788
vt 0.099040 0.874351
vt 0.106052 0.873135
vt 0.628001 0.867866
vt 0.626387 0.867989
vt 0.420405 0.873973
vt 0.422823 0.875150
vt 0.108470 0.874312
vt 0.109647 0.868104
vt 0.110448 0.863581
vt 0.749299 0.835302
vt 0.747479 0.835390
vt 0.097534 0.871433
vt 0.097534 0.863400
vt 0.749788 0.837299
vt 0.747968 0.837386
vt 0.412010 0.864296
vt 0.415101 0.857320
vt 0.750023 0.675588
vt 0.748206 0.675448
vt 0.412010 0.872330
vt 0.323958 0.863480
vt 0.325539 0.860718
vt 0.323992 0.860738
vt 0.322411 0.863499
vt 0.659323 0.000440
vt 0.751071 0.614584
vt 0.854133 0.790384
vt 0.853328 0.778278
vt 0.853328 0.804242
vt 0.874210 0.479165
vt 0.876614 0.469744
vt 0.914148 0.479406
vt 0.863363 0.758032
vt 0.853328 0.757534
vt 0.854812 0.743046
vt 0.864165 0.745971
vt 0.864165 0.771986
vt 0.855432 0.774452
vt 0.943074 0.487140
vt 0.542757 0.013665
vt 0.534844 0.000440
vt 0.838566 0.018638
vt 0.855823 0.024032
vt 0.967272 0.493685
vt 0.551510 0.023719
vt 0.188451 0.580080
vt 0.634640 0.701010
vt 0.002474 0.241464
vt 0.008518 0.198728
vt 0.721960 0.624748
vt 0.702931 0.637812
vt 0.693640 0.663969
vt 0.010835 0.235273
vt 0.629185 0.637724
vt 0.083136 0.819189
vt 0.846084 0.802153
vt 0.851880 0.801821
vt 0.845911 0.743378
vt 0.851707 0.743046
vt 0.078651 0.469614
vt 0.089650 0.696146
vt 0.743580 0.792172
vt 0.744322 0.809740
vt 0.750124 0.809518
vt 0.749381 0.791951
vt 0.073912 0.472928
vt 0.541945 0.699192
vt 0.542518 0.704583
vt 0.532882 0.714701
vt 0.532061 0.710353
vt 0.593375 0.739134
vt 0.591295 0.739134
vt 0.587264 0.711664
vt 0.588107 0.707402
vt 0.575438 0.698918
vt 0.574482 0.703907
vt 0.557373 0.701707
vt 0.557931 0.696146
vt 0.541945 0.779077
vt 0.532061 0.767915
vt 0.532882 0.763568
vt 0.542518 0.773685
vt 0.588107 0.770867
vt 0.587264 0.766604
vt 0.575438 0.779350
vt 0.557931 0.782122
vt 0.557373 0.776561
vt 0.574482 0.774361
vt 0.325745 0.811067
vt 0.325466 0.798368
vt 0.331267 0.798146
vt 0.331546 0.810846
vt 0.089609 0.733371
vt 0.845911 0.788147
vt 0.851707 0.787815
vt 0.325466 0.844590
vt 0.326488 0.828635
vt 0.332289 0.828414
vt 0.331267 0.844368
vt 0.743300 0.779472
vt 0.749101 0.779251
vt 0.091295 0.723328
vt 0.097069 0.723634
vt 0.087026 0.782169
vt 0.743300 0.825694
vt 0.749101 0.825473
vt 0.845911 0.789359
vt 0.851707 0.789027
vt 0.626700 0.817762
vt 0.620917 0.817762
vt 0.087642 0.792333
vt 0.093416 0.792639
vt 0.298376 0.346942
vt 0.278386 0.337723
vt 0.295383 0.348365
vt 0.739623 0.420832
vt 0.740995 0.424274
vt 0.301885 0.335034
vt 0.298987 0.337648
vt 0.751071 0.401450
vt 0.798623 0.410030
vt 0.753615 0.397831
vt 0.228420 0.246921
vt 0.226058 0.249245
vt 0.861564 0.419346
vt 0.867757 0.739988
vt 0.863405 0.721536
vt 0.845911 0.720466
vt 0.851028 0.742166
vt 0.734979 0.445188
vt 0.750191 0.430298
vt 0.867757 0.694894
vt 0.851028 0.689135
vt 0.727188 0.447598
vt 0.742420 0.779876
vt 0.741492 0.779251
vt 0.494848 0.696146
vt 0.505460 0.697604
vt 0.505279 0.708493
vt 0.494723 0.706570
vt 0.525326 0.705517
vt 0.524887 0.716408
vt 0.726867 0.864002
vt 0.720270 0.851021
vt 0.733222 0.854476
vt 0.484167 0.708493
vt 0.484236 0.697604
vt 0.464559 0.716408
vt 0.464371 0.705517
vt 0.255032 0.785112
vt 0.257017 0.797327
vt 0.080066 0.854797
vt 0.074414 0.857147
vt 0.715545 0.857754
vt 0.452708 0.787740
vt 0.455732 0.788811
vt 0.453762 0.791035
vt 0.442965 0.785334
vt 0.855823 0.818667
vt 0.853328 0.816727
vt 0.854959 0.813720
vt 0.857158 0.816133
vt 0.862653 0.807543
vt 0.863624 0.810925
vt 0.858446 0.830242
vt 0.856395 0.830682
vt 0.863624 0.836808
vt 0.862458 0.838658
vt 0.614952 0.778947
vt 0.618588 0.780519
vt 0.605310 0.780861
vt 0.620839 0.850979
vt 0.621642 0.853947
vt 0.624251 0.854507
vt 0.623374 0.851183
vt 0.620839 0.862103
vt 0.623331 0.863675
vt 0.751071 0.590809
vt 0.629185 0.592156
s 1
usemtl Skin
f 272/56/18 44/57/18 42/58/18 274/59/18
f 638/133/46 578/134/46 45/135/46 273/136/46
f 271/149/50 70/150/50 43/151/50 275/152/50
f 577/156/53 43/157/53 47/158/53 579/159/53
f 42/160/54 44/161/54 48/162/54 46/163/54
f 70/164/55 42/160/55 46/163/55 71/165/55
f 44/161/56 45/166/56 49/167/56 48/162/56
f 48/162/57 49/167/57 51/168/57 50/169/57
f 223/170/58 222/171/58 54/172/58
f 56/173/59 73/174/59 60/175/59
f 583/176/60 58/177/60 69/178/60 584/179/60
f 582/180/61 59/181/61 280/182/61 236/183/61 602/184/61
f 278/185/62 226/186/62 55/187/62 277/188/62
f 71/189/63 46/190/63 57/191/63 74/192/63
f 46/163/64 48/162/64 50/169/64 57/193/64
f 49/194/65 580/195/65 581/196/65 67/197/65
f 228/198/66 281/199/66 59/200/66 254/201/66 255/202/66
f 58/177/67 583/176/67 600/203/67 230/204/67
f 49/194/68 67/197/68 51/205/68
f 69/178/75 58/177/75 251/222/75
f 227/223/76 229/224/76 73/174/76 56/173/76
f 594/225/77 213/226/77 59/200/77 582/227/77
f 43/228/78 70/164/78 71/165/78 47/229/78
f 134/269/93 90/270/93 91/271/93 133/272/93
f 133/272/94 91/271/94 92/273/94 131/274/94
f 135/275/95 95/276/95 93/277/95 137/278/95
f 87/279/96 88/280/96 95/276/96 135/275/96
f 131/281/97 92/282/97 88/283/97 138/284/97
f 92/282/98 100/285/98 101/286/98 88/283/98
f 95/276/99 97/287/99 94/288/99 93/277/99
f 90/270/100 98/289/100 99/290/100 91/271/100
f 91/271/101 99/290/101 100/291/101 92/273/101
f 88/280/102 101/292/102 97/287/102 95/276/102
f 102/293/103 103/294/103 104/295/103 96/296/103
f 98/289/104 90/270/104 96/297/104
f 100/285/105 110/298/105 107/299/105 101/286/105
f 137/278/106 93/277/106 89/300/106 132/301/106
f 97/287/107 105/302/107 106/303/107 94/288/107
f 101/292/108 107/304/108 105/302/108 97/287/108
f 98/289/109 108/305/109 109/306/109 99/290/109
f 96/297/110 104/307/110 108/305/110 98/289/110
f 99/290/111 109/306/111 110/308/111 100/291/111
f 104/295/112 103/294/112 112/309/112 111/310/112
f 94/288/113 106/303/113 103/311/113 102/312/113
f 110/298/114 120/313/114 116/314/114 107/299/114
f 106/303/115 113/315/115 112/316/115 103/311/115
f 105/302/116 114/317/116 115/318/116 106/303/116
f 107/304/117 116/319/117 114/317/117 105/302/117
f 112/320/118 122/321/118 121/322/118 111/323/118
f 108/305/119 117/324/119 118/325/119 109/306/119
f 104/307/120 111/326/120 119/327/120 108/305/120
f 109/306/121 118/325/121 120/328/121 110/308/121
f 108/329/122 119/330/122 113/331/122 106/332/122
f 106/333/123 115/334/123 117/335/123 108/336/123
f 113/331/124 119/330/124 130/337/124 123/338/124
f 113/315/125 123/339/125 122/340/125 112/316/125
f 120/341/126 127/342/126 126/343/126 116/344/126
f 114/317/127 124/345/127 125/346/127 115/318/127
f 116/319/128 126/347/128 124/345/128 114/317/128
f 117/335/129 115/334/129 125/348/129 128/349/129
f 117/324/130 128/350/130 129/351/131 118/325/131
f 121/322/132 122/321/132 123/352/132 130/353/132
f 111/326/133 121/354/133 130/355/133 119/327/133
f 118/325/131 129/351/131 127/356/134 120/328/134
f 128/357/135 125/358/135 124/359/135 129/360/135
f 126/343/136 127/342/136 129/360/136 124/359/136
f 89/361/137 102/293/137 96/296/137 90/362/137
f 94/288/138 102/312/138 89/300/138 93/277/138
f 89/361/139 90/362/139 134/363/139 132/364/139
f 88/283/141 87/367/141 138/284/141
f 211/490/211 219/491/211 221/492/211
f 74/493/212 57/193/212 217/494/212
f 213/495/213 594/496/213 597/497/213 220/498/213
f 59/200/214 213/226/214 212/499/214 254/201/214
f 596/500/215 216/501/215 214/502/215 595/503/215
f 57/193/216 50/169/216 215/504/216
f 217/494/217 57/193/217 215/504/217 279/505/217
f 226/186/218 223/170/218 54/172/218 55/187/218
f 211/506/219 214/502/219 231/507/219 210/508/219
f 214/502/220 216/501/220 231/507/220
f 216/509/221 253/510/221 231/511/221
f 595/503/222 214/502/222 211/506/222 559/512/222
f 72/513/223 53/514/223 233/515/223 232/516/223
f 220/498/224 597/497/224 599/517/224 224/518/224
f 212/519/225 213/495/225 220/498/225 218/520/225
f 210/508/226 212/499/226 218/521/226 219/522/226
f 559/512/227 211/506/227 221/523/227 598/524/227
f 52/525/228 50/169/228 223/170/228 226/186/228
f 53/514/229 72/513/229 229/224/229 227/223/229
f 221/492/230 219/491/230 225/526/230 224/527/230
f 218/520/231 220/498/231 224/518/231 225/528/231
f 219/491/232 218/529/232 225/526/232
f 598/524/233 221/523/233 224/530/233 599/531/233
f 58/177/234 228/198/234 255/202/234 256/532/234
f 276/533/235 52/525/235 226/186/235 278/185/235
f 50/169/236 51/168/236 222/171/236 223/170/236
f 230/534/237 228/535/237 58/536/237
f 210/508/238 231/507/238 233/537/238
f 276/533/239 72/513/239 232/516/239 279/505/239
f 233/515/240 231/511/240 232/516/240
f 233/537/241 53/538/241 212/499/241 210/508/241
f 50/169/242 52/525/242 215/504/242
f 579/539/243 47/540/243 234/541/243 601/542/243
f 601/542/244 234/541/244 216/543/244 596/544/244
f 47/540/245 252/545/245 234/541/245
f 74/493/246 217/494/246 253/510/246 252/546/246
f 602/547/247 236/548/247 235/549/247 603/550/247
f 230/204/248 600/203/248 603/550/248 235/549/248
f 249/592/275 251/222/275 250/593/275
f 250/593/276 251/222/276 60/594/276
f 251/222/277 56/595/277 60/594/277
f 56/595/278 251/222/279 256/532/280
f 59/596/281 281/597/281 285/598/281 284/599/281
f 252/545/282 253/600/282 216/543/282 234/541/282
f 231/511/283 253/510/283 217/494/283 232/516/283
f 252/545/284 47/540/284 71/189/284 74/192/284
f 256/532/285 255/202/285 227/601/285 56/595/285
f 256/532/280 251/222/279 58/177/286
f 255/202/287 254/201/287 53/538/287 227/601/287
f 254/201/288 212/499/288 53/538/288
f 69/178/303 251/222/303 249/592/303
f 584/179/304 69/178/304 249/592/304 611/607/304
f 60/175/305 73/174/305 248/608/305 250/609/305
f 219/522/306 211/506/306 210/508/306
f 43/157/307 577/156/307 634/610/307 275/611/307
f 44/57/309 272/56/309 273/136/309 45/135/309
f 42/58/312 70/150/312 271/149/312 274/59/312
f 52/525/314 276/533/314 279/505/314 215/504/314
f 217/494/315 279/505/315 232/516/315
f 280/624/316 282/625/316 235/626/316 236/627/316
f 230/534/317 282/625/317 281/597/317 228/535/317
f 284/599/318 285/598/318 286/628/318 283/629/318
f 282/625/319 280/624/319 283/629/319 286/628/319
f 281/630/320 282/631/320 286/632/320 285/633/320
f 280/182/321 59/181/321 284/634/321 283/635/321
f 235/626/322 282/625/322 230/534/322
f 578/636/323 580/195/323 49/194/323 45/637/323
f 278/185/329 229/224/329 72/513/329 276/533/329
f 73/174/372 229/224/372 278/185/372 277/188/372
f 635/776/392 637/777/392 364/778/392 366/779/392
f 638/133/418 636/841/418 367/842/418 578/134/418
f 633/853/422 639/854/422 365/855/422 392/856/422
f 577/156/425 579/159/425 369/860/425 365/861/425
f 364/862/426 368/863/426 370/864/426 366/865/426
f 392/866/427 393/867/427 368/863/427 364/862/427
f 366/865/428 370/864/428 371/868/428 367/869/428
f 370/864/429 372/870/429 373/871/429 371/868/429
f 545/872/430 376/873/430 544/874/430
f 378/875/431 382/876/431 395/877/431
f 583/176/432 584/179/432 391/878/432 380/879/432
f 582/180/433 602/184/433 558/880/433 644/881/433 381/882/433
f 642/883/434 641/884/434 377/885/434 548/886/434
f 393/887/435 396/888/435 379/889/435 368/890/435
f 368/863/436 379/891/436 372/870/436 370/864/436
f 371/892/437 389/893/437 581/196/437 580/195/437
f 550/894/438 617/895/438 616/896/438 381/897/438 645/898/438
f 380/879/439 552/899/439 600/203/439 583/176/439
f 371/892/440 373/900/440 389/893/440
f 391/878/447 613/912/447 380/879/447
f 549/913/448 378/875/448 395/877/448 551/914/448
f 594/225/449 582/227/449 381/897/449 535/915/449
f 365/861/450 369/860/450 393/916/450 392/917/450
f 456/952/464 455/953/464 413/954/464 412/955/464
f 455/953/465 453/956/465 414/957/465 413/954/465
f 457/958/466 459/959/466 415/960/466 417/961/466
f 409/962/467 457/958/467 417/961/467 410/963/467
f 453/964/468 460/965/468 410/966/468 414/967/468
f 414/967/469 410/966/469 423/968/469 422/969/469
f 417/961/470 415/960/470 416/970/470 419/971/470
f 412/955/471 413/954/471 421/972/471 420/973/471
f 413/954/472 414/957/472 422/974/472 421/972/472
f 410/963/473 417/961/473 419/971/473 423/975/473
f 424/976/474 418/977/474 426/978/474 425/979/474
f 420/973/475 418/980/475 412/955/475
f 422/969/476 423/968/476 429/981/476 432/982/476
f 459/983/477 454/984/477 411/985/477 415/986/477
f 419/971/478 416/970/478 428/987/478 427/988/478
f 423/975/479 419/971/479 427/988/479 429/989/479
f 420/973/480 421/972/480 431/990/480 430/991/480
f 418/980/481 420/973/481 430/991/481 426/992/481
f 421/972/482 422/974/482 432/993/482 431/990/482
f 426/994/483 433/995/483 434/996/483 425/997/483
f 416/970/484 424/998/484 425/999/484 428/987/484
f 432/982/485 429/981/485 438/1000/485 442/1001/485
f 428/987/486 425/999/486 434/1002/486 435/1003/486
f 427/988/487 428/987/487 437/1004/487 436/1005/487
f 429/989/488 427/988/488 436/1005/488 438/1006/488
f 434/996/489 433/995/489 443/1007/489 444/1008/489
f 430/991/490 431/990/490 440/1009/490 439/1010/490
f 426/992/491 430/991/491 441/1011/491 433/1012/491
f 431/990/492 432/993/492 442/1013/492 440/1009/492
f 430/1014/493 428/1015/493 435/1016/493 441/1017/493
f 428/1018/494 430/1019/494 439/1020/494 437/1021/494
f 435/1022/495 445/1023/495 452/1024/495 441/1025/495
f 435/1003/496 434/1002/496 444/1026/496 445/1027/496
f 442/1001/497 438/1000/497 448/1028/497 449/1029/497
f 436/1005/498 437/1004/498 447/1030/498 446/1031/498
f 438/1006/499 436/1005/499 446/1031/499 448/1032/499
f 439/1020/500 450/1033/500 447/1034/500 437/1021/500
f 439/1010/501 440/1009/502 451/1035/503 450/1036/501
f 443/1007/504 452/1024/504 445/1023/504 444/1008/504
f 433/1037/505 441/1038/505 452/1039/505 443/1040/505
f 440/1009/502 442/1013/506 449/1041/506 451/1035/503
f 450/1036/507 451/1035/507 446/1031/507 447/1030/507
f 448/1032/508 446/1031/508 451/1035/508 449/1041/508
f 411/985/509 412/1042/509 418/977/509 424/976/509
f 416/970/510 415/960/510 411/1043/510 424/998/510
f 411/985/511 454/984/511 456/1044/511 412/1042/511
f 410/966/513 460/965/513 409/1047/513
f 533/1151/580 543/1152/580 541/1153/580
f 396/1154/581 539/1155/581 379/891/581
f 535/1156/582 542/1157/582 597/497/582 594/496/582
f 381/897/583 616/896/583 534/1158/583 535/915/583
f 596/500/584 595/503/584 536/1159/584 538/1160/584
f 379/891/585 537/1161/585 372/870/585
f 539/1155/586 643/1162/586 537/1161/586 379/891/586
f 548/886/587 377/885/587 376/873/587 545/872/587
f 533/1151/588 532/1163/588 553/1164/588 536/1159/588
f 536/1159/589 553/1164/589 538/1160/589
f 538/1160/590 553/1164/590 615/1165/590
f 595/503/591 559/512/591 533/1151/591 536/1159/591
f 394/1166/592 554/1167/592 555/1168/592 375/1169/592
f 542/1157/593 546/1170/593 599/517/593 597/497/593
f 534/1158/594 540/1171/594 542/1172/594 535/915/594
f 532/1163/226 541/1153/226 540/1171/226 534/1158/226
f 559/512/595 598/524/595 543/1152/595 533/1151/595
f 374/1173/596 548/886/596 545/872/596 372/870/596
f 375/1169/597 549/913/597 551/914/597 394/1166/597
f 543/1152/598 546/1174/598 547/1175/598 541/1153/598
f 540/1176/599 547/1177/599 546/1170/599 542/1157/599
f 541/1153/600 547/1175/600 540/1171/600
f 598/524/601 599/531/601 546/1174/601 543/1152/601
f 380/879/602 618/1178/602 617/895/602 550/894/602
f 640/1179/603 642/883/603 548/886/603 374/1173/603
f 372/870/604 545/872/604 544/874/604 373/871/604
f 552/1180/605 380/1181/605 550/1182/605
f 532/1163/606 555/1183/606 553/1164/606
f 640/1179/607 643/1162/607 554/1167/607 394/1166/607
f 555/1168/608 554/1167/608 553/1184/608
f 555/1183/609 532/1163/609 534/1158/609 375/1185/609
f 372/870/610 537/1161/610 374/1173/610
f 579/539/611 601/542/611 556/1186/611 369/1187/611
f 601/542/612 596/544/612 538/1188/612 556/1186/612
f 369/1187/613 556/1186/613 614/1189/613
f 396/888/614 614/1189/614 615/1190/614 539/1191/614
f 602/547/615 603/550/615 557/1192/615 558/1193/615
f 552/899/616 557/1192/616 603/550/616 600/203/616
f 610/1224/642 612/1225/642 613/912/642
f 612/1225/643 382/1226/643 613/912/643
f 613/912/644 382/1226/644 378/1227/644
f 378/1227/645 618/1178/646 613/912/647
f 381/897/648 648/1228/648 649/1229/648 645/898/648
f 614/1189/649 556/1186/649 538/1188/649 615/1190/649
f 553/1184/650 554/1167/650 539/1155/650 615/1230/650
f 614/1189/651 396/888/651 393/887/651 369/1187/651
f 618/1178/652 378/1227/652 549/1231/652 617/895/652
f 618/1178/646 380/879/653 613/912/647
f 617/895/654 549/1231/654 375/1185/654 616/896/654
f 616/896/655 375/1185/655 534/1158/655
f 391/878/670 610/1224/670 613/912/670
f 584/179/671 611/607/671 610/1224/671 391/878/671
f 382/876/672 612/1237/672 609/1238/672 395/877/672
f 541/1153/673 532/1163/673 533/1151/673
f 365/861/674 639/1239/674 634/610/674 577/156/674
f 366/779/676 367/842/676 636/841/676 635/776/676
f 364/778/679 637/777/679 633/853/679 392/856/679
f 374/1173/681 537/1161/681 643/1162/681 640/1179/681
f 539/1155/682 554/1167/682 643/1162/682
f 644/1251/683 558/1252/683 557/1253/683 646/1254/683
f 552/1180/684 550/1182/684 645/1255/684 646/1254/684
f 648/1256/685 647/1257/685 650/1258/685 649/1259/685
f 646/1260/686 650/1261/686 647/1262/686 644/1263/686
f 645/1264/687 649/1265/687 650/1266/687 646/1267/687
f 644/881/688 647/1268/688 648/1269/688 381/882/688
f 557/1253/689 552/1180/689 646/1254/689
f 578/636/690 367/1270/690 371/892/690 580/195/690
f 814/1558/846 804/1559/846 805/1560/846 815/1561/846
f 825/1562/847 820/1563/847 809/1564/847 816/1565/847
f 816/1566/848 809/1567/848 807/1568/848 817/1569/848
f 829/1570/849 826/1571/849 804/1572/849
f 822/1573/850 808/1574/850 806/1575/850 821/1576/850
f 827/1577/851 805/1578/851 804/1579/851 826/1580/851
f 820/1581/852 811/1582/852 813/1583/852 823/1584/852
f 830/1585/853 828/1586/853 819/1587/853 810/1588/853
f 824/1589/854 823/1590/854 813/1591/854 818/1592/854
f 828/1586/855 827/1593/855 811/1594/855 819/1587/855
f 812/1595/856 818/1592/856 829/1570/856 833/1596/856
f 821/1597/857 824/1589/857 818/1592/857 812/1595/857
f 808/1598/858 816/1566/858 817/1569/858 806/1599/858
f 822/1600/859 825/1562/859 816/1565/859 808/1601/859
f 810/1588/860 819/1587/860 825/1562/860 822/1600/860
f 806/1602/861 817/1603/861 824/1589/861 821/1597/861
f 817/1603/862 807/1604/862 823/1590/862 824/1589/862
f 809/1567/863 820/1581/863 823/1584/863 807/1568/863
f 810/1605/864 822/1573/864 821/1576/864 812/1606/864
f 819/1587/865 811/1594/865 820/1563/865 825/1562/865
f 832/1607/866 829/1570/866 814/1608/866
f 830/1609/867 810/1605/867 812/1606/867 833/1610/867
f 815/1611/868 805/1612/868 828/1586/868
f 811/1613/869 827/1577/869 826/1580/869 813/1614/869
f 818/1592/870 813/1591/870 826/1571/870 829/1570/870
f 828/1586/871 805/1612/871 827/1593/871
f 804/1572/872 814/1608/872 829/1570/872
f 815/1611/873 828/1586/873 831/1615/873
f 830/1585/874 831/1615/874 828/1586/874
f 832/1607/875 833/1596/875 829/1570/875
f 830/1616/876 833/1617/876 832/1618/876 831/1619/876
f 815/1561/877 831/1619/877 832/1618/877 814/1558/877
f 844/1620/878 845/1621/878 835/1622/878 834/1623/878
f 855/1624/879 846/1625/879 839/1626/879 850/1627/879
f 846/1628/880 847/1629/880 837/1630/880 839/1631/880
f 859/1632/881 834/1633/881 856/1634/881
f 852/1635/882 851/1636/882 836/1637/882 838/1638/882
f 857/1639/883 856/1640/883 834/1641/883 835/1642/883
f 850/1643/884 853/1644/884 843/1645/884 841/1646/884
f 860/1647/885 840/1648/885 849/1649/885 858/1650/885
f 854/1651/886 848/1652/886 843/1653/886 853/1654/886
f 858/1650/887 849/1649/887 841/1655/887 857/1656/887
f 842/1657/888 863/1658/888 859/1632/888 848/1652/888
f 851/1659/889 842/1657/889 848/1652/889 854/1651/889
f 838/1660/890 836/1661/890 847/1629/890 846/1628/890
f 852/1662/891 838/1663/891 846/1625/891 855/1624/891
f 840/1648/892 852/1662/892 855/1624/892 849/1649/892
f 836/1664/893 851/1659/893 854/1651/893 847/1665/893
f 847/1665/894 854/1651/894 853/1654/894 837/1666/894
f 839/1631/895 837/1630/895 853/1644/895 850/1643/895
f 840/1667/896 842/1668/896 851/1636/896 852/1635/896
f 849/1649/897 855/1624/897 850/1627/897 841/1655/897
f 862/1669/898 844/1670/898 859/1632/898
f 860/1671/899 863/1672/899 842/1668/899 840/1667/899
f 845/1673/900 858/1650/900 835/1674/900
f 841/1675/901 843/1676/901 856/1640/901 857/1639/901
f 848/1652/902 859/1632/902 856/1634/902 843/1653/902
f 858/1650/903 857/1656/903 835/1674/903
f 834/1633/904 859/1632/904 844/1670/904
f 845/1673/905 861/1677/905 858/1650/905
f 860/1647/906 858/1650/906 861/1677/906
f 862/1669/907 859/1632/907 863/1658/907
f 860/1678/908 861/1679/908 862/1680/908 863/1681/908
f 845/1621/909 844/1620/909 862/1680/909 861/1679/909
f 395/877/1010 641/884/1010 642/883/1010 551/914/1010
f 551/914/1012 642/883/1012 640/1179/1012 394/1166/1012
usemtl Eyes
f 867/26/8 866/27/8 28/28/8 25/29/8
f 868/46/15 867/47/15 25/48/15 26/49/15
f 865/50/16 869/51/16 23/52/16 24/53/16
f 870/54/17 22/55/17 23/52/17 869/51/17
f 27/65/21 22/66/21 196/67/21 195/68/21
f 21/82/21 27/65/21 195/68/21 198/83/21
f 866/27/29 865/88/29 24/89/29 28/28/29
f 864/116/41 868/46/41 26/49/41 21/117/41
f 27/65/21 21/82/21 26/127/21 25/128/21 28/129/21 24/130/21 23/131/21 22/66/21
f 194/206/69 193/207/69 37/208/69 40/209/69 189/210/69
f 41/110/192 39/109/192 188/458/192 190/459/192
f 40/209/193 38/460/193 187/461/193 189/210/193
f 39/121/196 37/120/196 193/465/196 188/466/196
f 36/125/197 35/124/197 191/467/197 192/468/197
f 35/126/198 41/110/198 190/459/198 191/469/198
f 873/470/199 872/471/199 195/472/199 196/473/199
f 872/471/200 871/474/200 198/475/200 195/472/200
f 189/210/201 187/461/201 197/476/201 199/477/201
f 864/116/202 21/117/203 198/478/203 871/479/204
f 870/54/205 194/480/205 200/481/205 873/482/205
f 194/206/206 189/210/206 199/477/206 200/483/206
f 38/464/266 36/125/266 192/468/266 187/578/266
f 877/756/387 347/756/387 350/757/387 876/757/387
f 878/772/387 348/772/387 347/756/387 877/756/387
f 875/773/387 346/773/387 345/774/387 879/774/387
f 880/775/387 879/774/387 345/774/387 344/775/387
f 349/785/395 517/786/395 518/787/395 344/775/395
f 343/799/395 520/800/395 517/786/395 349/785/395
f 876/757/387 350/757/387 346/773/387 875/773/387
f 874/799/387 343/799/387 348/772/387 878/772/387
f 349/785/395 344/775/395 345/774/395 346/773/395 350/757/395 347/756/395 348/772/395 343/799/395
f 516/901/441 511/902/441 362/903/441 359/904/441 515/905/441
f 363/823/566 512/1127/566 510/1128/566 361/824/566
f 362/903/567 511/902/567 509/1129/567 360/1130/567
f 361/832/570 510/1134/570 515/1135/570 359/833/570
f 358/836/571 514/1136/571 513/1137/571 357/837/571
f 357/839/572 513/1138/572 512/1127/572 363/823/572
f 883/787/387 518/787/387 517/786/387 882/786/387
f 882/786/387 517/786/387 520/800/387 881/800/387
f 511/902/573 521/1139/573 519/1140/573 509/1129/573
f 874/799/387 881/800/387 520/800/387 343/799/387
f 880/1141/574 883/1142/574 522/1143/574 516/1144/574
f 516/901/575 522/1145/575 521/1139/575 511/902/575
f 360/1133/633 509/1217/633 514/1136/633 358/836/633
f 700/1346/745 713/1347/745 712/1348/745
f 701/1349/746 713/1350/746 715/1351/746
f 700/1346/747 712/1348/747 717/1352/747
f 700/1346/748 717/1352/748 719/1353/748
f 700/1346/749 719/1353/749 716/1354/749
f 701/1349/750 715/1351/750 722/1355/750
f 702/1356/751 714/1357/751 724/1358/751
f 703/1359/752 718/1360/752 726/1361/752
f 704/1362/753 720/1363/753 728/1364/753
f 705/1365/754 721/1366/754 730/1367/754
f 701/1349/755 722/1355/755 725/1368/755
f 702/1356/756 724/1358/756 727/1369/756
f 703/1359/757 726/1361/757 729/1370/757
f 704/1371/758 728/1372/758 731/1373/758
f 705/1365/759 730/1367/759 723/1374/759
f 706/1375/760 732/1376/760 737/1377/760
f 707/1378/761 733/1379/761 739/1380/761
f 708/1381/762 734/1382/762 740/1383/762
f 709/1384/763 735/1385/763 741/1386/763
f 710/1387/764 736/1388/764 738/1389/764
f 738/1389/765 741/1390/765 711/1391/765
f 738/1389/766 736/1388/766 741/1390/766
f 736/1392/767 709/1384/767 741/1386/767
f 741/1390/768 740/1393/768 711/1391/768
f 741/1390/769 735/1394/769 740/1393/769
f 735/1394/770 708/1395/770 740/1393/770
f 740/1393/771 739/1396/771 711/1391/771
f 740/1393/772 734/1397/772 739/1396/772
f 734/1397/773 707/1398/773 739/1396/773
f 739/1396/774 737/1377/774 711/1391/774
f 739/1396/775 733/1399/775 737/1377/775
f 733/1379/776 706/1400/776 737/1401/776
f 737/1377/777 738/1389/777 711/1391/777
f 737/1377/778 732/1376/778 738/1389/778
f 732/1402/779 710/1403/779 738/1404/779
f 723/1405/780 736/1406/780 710/1403/780
f 723/1374/781 730/1367/781 736/1392/781
f 730/1367/782 709/1384/782 736/1392/782
f 731/1373/783 735/1385/783 709/1384/783
f 731/1373/784 728/1372/784 735/1385/784
f 728/1364/785 708/1381/785 735/1407/785
f 729/1370/786 734/1382/786 708/1381/786
f 729/1370/787 726/1361/787 734/1382/787
f 726/1361/788 707/1408/788 734/1382/788
f 727/1369/789 733/1379/789 707/1378/789
f 727/1369/790 724/1358/790 733/1379/790
f 724/1358/791 706/1400/791 733/1379/791
f 725/1368/792 732/1402/792 706/1409/792
f 725/1368/793 722/1355/793 732/1402/793
f 722/1355/794 710/1403/794 732/1402/794
f 730/1367/795 731/1373/795 709/1384/795
f 730/1367/796 721/1366/796 731/1373/796
f 721/1366/797 704/1371/797 731/1373/797
f 728/1364/798 729/1370/798 708/1381/798
f 728/1364/799 720/1363/799 729/1370/799
f 720/1363/800 703/1359/800 729/1370/800
f 726/1410/801 727/1369/801 707/1378/801
f 726/1410/802 718/1411/802 727/1369/802
f 718/1411/803 702/1356/803 727/1369/803
f 724/1358/804 725/1412/804 706/1400/804
f 724/1358/805 714/1357/805 725/1412/805
f 714/1413/806 701/1349/806 725/1368/806
f 722/1355/807 723/1405/807 710/1403/807
f 722/1355/808 715/1351/808 723/1405/808
f 715/1351/809 705/1414/809 723/1405/809
f 716/1415/810 721/1366/810 705/1365/810
f 716/1354/811 719/1353/811 721/1416/811
f 719/1417/812 704/1371/812 721/1366/812
f 719/1353/813 720/1418/813 704/1419/813
f 719/1353/814 717/1352/814 720/1418/814
f 717/1420/815 703/1359/815 720/1363/815
f 717/1352/816 718/1421/816 703/1422/816
f 717/1352/817 712/1348/817 718/1421/817
f 712/1423/818 702/1356/818 718/1411/818
f 715/1424/819 716/1354/819 705/1425/819
f 715/1424/820 713/1347/820 716/1354/820
f 713/1347/821 700/1346/821 716/1354/821
f 712/1423/822 714/1357/822 702/1356/822
f 712/1348/823 713/1347/823 714/1426/823
f 713/1347/824 701/1427/824 714/1426/824
f 752/1452/749 764/1453/749 765/1454/749
f 753/1455/819 767/1456/819 765/1454/819
f 752/1452/748 769/1457/748 764/1453/748
f 752/1452/747 771/1458/747 769/1457/747
f 752/1452/745 768/1459/745 771/1458/745
f 753/1460/834 774/1461/834 767/1462/834
f 754/1463/797 776/1464/797 766/1465/797
f 755/1466/800 778/1467/800 770/1468/800
f 756/1469/803 780/1470/803 772/1471/803
f 757/1472/806 782/1473/806 773/1474/806
f 753/1475/759 777/1476/759 774/1477/759
f 754/1463/758 779/1478/758 776/1464/758
f 755/1466/757 781/1479/757 778/1467/757
f 756/1469/756 783/1480/756 780/1470/756
f 757/1472/755 775/1481/755 782/1473/755
f 758/1482/767 789/1483/767 784/1484/767
f 759/1485/770 791/1486/770 785/1487/770
f 760/1488/773 792/1489/773 786/1490/773
f 761/1491/776 793/1492/776 787/1493/776
f 762/1494/779 790/1495/779 788/1496/779
f 790/1497/777 763/1498/777 793/1499/777
f 790/1497/778 793/1499/778 788/1500/778
f 788/1500/760 793/1499/760 761/1501/760
f 793/1499/774 763/1498/774 792/1489/774
f 793/1499/775 792/1489/775 787/1502/775
f 787/1493/761 792/1503/761 760/1504/761
f 792/1489/771 763/1498/771 791/1486/771
f 792/1489/772 791/1486/772 786/1490/772
f 786/1505/762 791/1506/762 759/1507/762
f 791/1486/768 763/1498/768 789/1508/768
f 791/1486/769 789/1508/769 785/1487/769
f 785/1509/763 789/1483/763 758/1482/763
f 789/1508/765 763/1498/765 790/1497/765
f 789/1508/766 790/1497/766 784/1510/766
f 784/1510/764 790/1497/764 762/1511/764
f 775/1481/794 762/1494/794 788/1496/794
f 775/1481/793 788/1496/793 782/1473/793
f 782/1473/792 788/1496/792 761/1512/792
f 783/1480/791 761/1491/791 787/1493/791
f 783/1480/790 787/1493/790 780/1470/790
f 780/1470/789 787/1493/789 760/1504/789
f 781/1479/788 760/1513/788 786/1505/788
f 781/1479/787 786/1505/787 778/1467/787
f 778/1467/786 786/1505/786 759/1507/786
f 779/1514/785 759/1507/785 785/1515/785
f 779/1478/784 785/1509/784 776/1464/784
f 776/1464/783 785/1509/783 758/1482/783
f 777/1476/782 758/1482/782 784/1484/782
f 777/1476/781 784/1484/781 774/1477/781
f 774/1461/780 784/1516/780 762/1494/780
f 782/1517/804 761/1491/804 783/1480/804
f 782/1517/805 783/1480/805 773/1518/805
f 773/1518/751 783/1480/751 756/1469/751
f 780/1470/801 760/1504/801 781/1519/801
f 780/1470/802 781/1519/802 772/1471/802
f 772/1520/752 781/1479/752 755/1466/752
f 778/1467/798 759/1507/798 779/1514/798
f 778/1467/835 779/1514/835 770/1468/835
f 770/1468/753 779/1514/753 754/1521/753
f 776/1464/795 758/1482/795 777/1476/795
f 776/1464/796 777/1476/796 766/1465/796
f 766/1465/836 777/1476/836 753/1475/836
f 774/1461/807 762/1494/807 775/1481/807
f 774/1461/808 775/1481/808 767/1462/808
f 767/1462/750 775/1481/750 757/1472/750
f 768/1459/824 757/1522/824 773/1523/824
f 768/1459/823 773/1523/823 771/1458/823
f 771/1524/822 773/1518/822 756/1469/822
f 771/1524/818 756/1469/818 772/1471/818
f 771/1458/817 772/1525/817 769/1457/817
f 769/1457/816 772/1525/816 755/1526/816
f 769/1527/815 755/1466/815 770/1468/815
f 769/1457/814 770/1528/814 764/1453/814
f 764/1453/813 770/1528/813 754/1529/813
f 767/1462/746 757/1472/746 768/1530/746
f 767/1456/820 768/1459/820 765/1454/820
f 765/1454/821 768/1459/821 752/1452/821
f 764/1531/812 754/1463/812 766/1465/812
f 764/1453/811 766/1532/811 765/1454/811
f 765/1533/810 766/1465/810 753/1475/810
f 22/55/910 870/54/910 873/482/910 196/1682/910
f 187/578/911 864/116/202 871/479/204 197/1683/911
f 199/1684/912 197/1685/912 871/474/912 872/471/912
f 200/1686/913 199/1684/913 872/471/913 873/470/913
f 187/578/914 192/468/914 868/46/914 864/116/914
f 190/459/915 188/458/915 865/88/915 866/27/915
f 194/480/916 870/54/916 869/51/916 193/465/916
f 188/466/917 193/465/917 869/51/917 865/50/917
f 192/468/918 191/467/918 867/47/918 868/46/918
f 191/469/919 190/459/919 866/27/919 867/26/919
f 344/775/387 518/787/387 883/787/387 880/775/387
f 509/1217/920 519/1687/920 881/1688/920 874/1689/920
f 521/1690/921 882/1691/921 881/1692/921 519/1693/921
f 522/1694/922 883/1695/922 882/1691/922 521/1690/922
f 509/1217/923 874/1689/923 878/1696/923 514/1136/923
f 512/1127/924 876/1697/924 875/1698/924 510/1128/924
f 516/1144/925 515/1135/925 879/1699/925 880/1141/925
f 510/1134/926 875/1700/926 879/1699/926 515/1135/926
f 514/1136/927 878/1696/927 877/1701/927 513/1137/927
f 513/1138/928 877/1702/928 876/1697/928 512/1127/928
usemtl Hair
f 67/638/324 581/639/324 652/640/324 287/641/324
f 51/642/325 67/638/325 287/641/325 290/643/325
f 55/644/326 54/645/327 288/646/328 289/647/326
f 248/648/330 73/649/330 296/650/330 293/651/330
f 250/652/331 248/653/331 293/654/331 295/655/331
f 277/656/332 55/644/332 289/647/332 291/657/332
f 249/658/333 250/652/333 295/655/333 300/659/333
f 222/171/334 51/168/334 290/660/334 297/661/334
f 54/645/327 222/662/335 297/663/335 288/646/328
f 611/607/336 249/592/336 300/664/336 664/665/336
f 299/666/337 667/667/337 675/668/337 306/669/337
f 302/670/338 288/671/338 303/672/338 314/673/338
f 302/670/339 304/674/339 308/675/339 298/676/339
f 317/677/340 685/678/340 683/679/340 316/680/340
f 304/681/341 312/682/341 311/683/341 308/684/341
f 684/685/342 315/686/342 316/680/342 683/679/342
f 294/687/343 313/688/343 301/689/343
f 308/684/344 311/683/344 294/687/344 307/690/344
f 680/691/345 310/692/345 315/693/345 684/694/345
f 311/683/346 312/682/346 310/692/346 309/695/346
f 305/696/347 312/682/347 304/681/347
f 294/687/348 311/683/348 309/695/348 313/688/348
f 314/697/349 317/677/349 316/680/349 305/698/349
f 297/699/350 299/666/350 306/669/350 303/700/350
f 313/688/351 309/695/351 678/701/351 679/702/351
f 315/693/352 310/692/352 312/682/352 305/696/352
f 316/680/353 315/686/353 305/698/353
f 309/695/354 310/692/354 680/691/354 678/701/354
f 301/689/355 313/688/355 679/702/355 663/703/355
f 303/700/356 306/669/356 317/677/356 314/697/356
f 290/704/357 287/705/357 299/666/357 297/699/357
f 287/705/358 652/706/358 667/667/358 299/666/358
f 288/671/359 297/707/359 303/672/359
f 306/669/360 675/668/360 685/678/360 317/677/360
f 292/708/361 291/709/362 289/710/363 298/676/363
f 307/711/364 292/708/364 298/676/364 308/675/364
f 288/671/365 302/670/365 298/676/365 289/710/365
f 304/674/366 302/670/366 314/673/366 305/712/366
f 660/713/367 668/714/367 969/715/367 968/716/367
f 664/665/368 300/664/368 965/717/368 963/718/368
f 659/719/369 660/720/369 968/721/369 967/722/369
f 294/723/370 293/724/370 292/708/370 307/711/370
f 293/724/371 296/725/371 291/709/362 292/708/361
f 73/726/332 277/656/332 291/657/332 296/727/332
f 389/1271/691 651/1272/691 652/640/691 581/639/691
f 373/1273/692 655/1274/692 651/1272/692 389/1271/692
f 377/1275/693 654/1276/693 653/1277/694 376/1278/695
f 609/1238/696 658/1279/696 661/1280/696 395/877/696
f 612/1281/697 660/1282/697 658/1283/697 609/1284/697
f 641/1285/698 656/1286/698 654/1276/699 377/1275/699
f 610/1224/700 668/714/700 660/713/700 612/1225/700
f 544/1287/701 662/1288/701 655/1289/701 373/1290/701
f 376/1278/695 653/1277/694 662/1291/702 544/1292/702
f 611/607/703 664/665/703 668/714/703 610/1224/703
f 666/1293/704 674/1294/704 675/668/704 667/667/704
f 670/1295/705 689/1296/705 671/1297/705 653/1298/705
f 670/1295/706 665/1299/706 677/1300/706 672/1301/706
f 692/1302/707 691/1303/707 683/679/707 685/678/707
f 672/1304/708 677/1305/708 686/1306/708 687/1307/708
f 684/685/709 683/679/709 691/1303/709 690/1308/709
f 659/1309/710 669/1310/710 688/1311/710
f 677/1305/711 676/1312/711 659/1309/711 686/1306/711
f 680/691/712 684/694/712 690/1313/712 682/1314/712
f 686/1306/713 681/1315/713 682/1314/713 687/1307/713
f 673/1316/714 672/1301/714 687/1317/714
f 659/1309/715 688/1311/715 681/1315/715 686/1306/715
f 689/1318/716 673/1319/716 691/1303/716 692/1302/716
f 662/1288/717 671/1320/717 674/1294/717 666/1293/717
f 688/1311/718 679/702/718 678/701/718 681/1315/718
f 690/1313/719 673/1321/719 687/1307/719 682/1314/719
f 691/1322/720 673/1323/720 690/1324/720
f 681/1315/721 678/701/721 680/691/721 682/1314/721
f 669/1310/722 663/703/722 679/702/722 688/1311/722
f 671/1320/723 689/1318/723 692/1302/723 674/1294/723
f 655/1289/724 662/1288/724 666/1293/724 651/1325/724
f 651/1325/725 666/1293/725 667/667/725 652/706/725
f 653/1298/726 671/1297/726 662/1326/726
f 674/1294/727 692/1302/727 685/678/727 675/668/727
f 657/1327/728 665/1299/729 654/1328/729 656/1329/730
f 676/1330/731 677/1300/731 665/1299/731 657/1327/731
f 653/1298/732 654/1328/732 665/1299/732 670/1295/732
f 672/1301/733 673/1316/733 689/1296/733 670/1295/733
f 294/1331/734 301/1332/734 966/1333/734 960/1334/734
f 669/1335/735 659/1336/735 967/1337/735 970/1338/735
f 660/720/736 659/719/736 658/1279/736
f 659/719/737 676/1330/737 657/1327/737 658/1279/737
f 658/1279/738 657/1327/728 656/1329/730 661/1280/738
f 748/1428/825 749/1429/825 744/1430/825
f 750/1431/826 751/1432/826 746/1433/826 745/1434/826
f 745/1435/827 746/1436/827 743/1437/827 742/1438/827
f 748/1439/828 750/1440/828 745/1441/828 742/1442/828
f 751/1443/829 749/1444/829 743/1445/829 746/1446/829
f 747/1447/830 744/1448/830 749/1444/830 751/1443/830
f 744/1448/831 747/1447/831 750/1440/831 748/1439/831
f 747/1449/832 751/1432/832 750/1431/832
f 742/1450/833 743/1451/833 749/1429/833 748/1428/833
f 800/1534/837 796/1535/837 801/1536/837
f 802/1537/838 797/1538/838 798/1539/838 803/1540/838
f 797/1541/839 794/1542/839 795/1543/839 798/1544/839
f 800/1545/840 794/1546/840 797/1547/840 802/1548/840
f 803/1549/841 798/1550/841 795/1551/841 801/1552/841
f 799/1553/842 803/1549/842 801/1552/842 796/1554/842
f 796/1554/843 800/1545/843 802/1548/843 799/1553/843
f 799/1555/844 802/1537/844 803/1540/844
f 794/1556/845 800/1534/845 801/1536/845 795/1557/845
f 395/1792/1009 661/1793/1009 656/1286/698 641/1285/698
f 963/1794/1011 965/1795/1011 966/1796/1011 962/1797/1011
f 965/1795/1013 961/1798/1013 960/1799/1013 966/1796/1013
f 961/1800/1014 964/1801/1014 960/1802/1014
f 963/1794/1015 962/1797/1015 970/1803/1015 969/1804/1015
f 969/1804/1016 970/1803/1016 967/1805/1016 968/1806/1016
f 301/689/1017 663/703/1017 962/1797/1017 966/1796/1017
f 300/664/1018 295/1807/1018 961/1808/1018 965/717/1018
f 663/1809/1019 669/1335/1019 970/1338/1019 962/1810/1019
f 293/724/1020 294/723/1020 960/1802/1020 964/1801/1020
f 295/1811/1021 293/724/1021 964/1801/1021 961/1800/1021
f 668/714/1022 664/665/1022 963/718/1022 969/715/1022
usemtl Shirt
f 906/1/1 903/2/1 152/3/1 154/4/1
f 466/5/2 464/6/2 523/7/2 530/8/2
f 884/9/3 244/10/3 247/11/3 889/12/3
f 202/69/22 205/70/22 160/71/22 161/72/22
f 205/70/23 206/73/23 162/74/23 160/71/23
f 201/75/24 209/76/24 173/77/24 142/78/24
f 159/137/47 207/138/47 208/139/47 144/140/47
f 158/141/48 204/142/48 202/143/48 161/144/48
f 904/145/49 153/146/49 155/147/49 905/148/49
f 573/218/74 9/219/74 322/220/74 699/221/74
f 173/230/79 209/231/79 204/142/79 158/141/79
f 203/234/81 207/138/81 159/137/81 156/235/81
f 529/236/82 530/237/82 898/238/82 893/239/82
f 247/240/83 81/241/83 80/242/83 245/243/83
f 247/11/84 244/10/84 79/244/84 81/245/84
f 80/246/85 86/247/85 139/248/85 75/249/85
f 75/249/86 139/248/86 84/250/86 76/251/86
f 1/252/87 77/253/87 82/254/87
f 1/252/88 82/254/88 78/255/88 246/256/88
f 78/257/89 141/258/89 136/259/89 79/260/89
f 81/241/90 85/261/90 86/262/90 80/242/90
f 77/263/91 83/264/91 140/265/91 82/266/91
f 82/266/92 140/265/92 141/267/92 78/268/92
f 978/365/140 139/248/140 86/247/140 971/366/140
f 971/366/142 86/247/142 85/368/142 976/369/142
f 76/370/143 84/371/143 83/372/143 77/373/143
f 975/374/144 140/265/144 83/264/144 974/375/144
f 977/376/145 141/267/145 140/265/145 975/374/145
f 972/377/146 136/259/146 141/258/146 977/378/146
f 976/379/147 85/261/147 136/259/147 972/377/147
f 974/380/148 83/372/148 84/371/148 973/381/148
f 166/382/149 4/383/149 9/219/149 167/384/149
f 170/385/150 999/386/150 168/387/150 169/388/150
f 169/388/151 166/389/151 171/390/151 170/385/151
f 988/391/152 989/392/152 157/393/152 148/394/152
f 171/390/153 144/395/153 142/396/153 170/385/153
f 165/397/154 145/398/154 144/395/154 171/390/154
f 159/399/155 144/400/155 151/401/155
f 166/389/156 167/402/156 165/397/156 171/390/156
f 149/403/157 153/146/157 154/4/157 150/404/157
f 147/405/158 990/406/158 991/407/158 148/408/158
f 155/409/159 164/410/159 589/411/159 588/412/159
f 2/413/160 3/414/160 169/388/160 168/387/160
f 150/404/161 162/74/161 156/415/161 149/403/161
f 147/405/162 160/71/162 162/74/162 150/404/162
f 149/416/163 156/235/163 159/137/163 151/417/163
f 158/141/164 161/144/164 148/394/164 157/393/164
f 145/398/165 163/418/165 151/419/165 144/395/165
f 9/219/166 573/218/166 593/420/166 167/384/166
f 164/410/167 163/421/167 590/422/167 589/411/167
f 908/423/168 902/424/168 572/425/168 237/426/168
f 149/416/169 151/417/169 163/421/169 164/410/169
f 153/427/170 149/416/170 164/410/170 155/409/170
f 591/428/171 590/422/171 163/421/171 145/429/171
f 592/430/172 591/428/172 145/429/172 165/431/172
f 173/77/173 172/432/173 142/78/173
f 142/78/174 172/432/174 987/433/174 1000/434/174
f 987/435/175 172/436/175 157/393/175 989/392/175
f 157/393/176 172/436/176 173/230/176 158/141/176
f 148/408/177 161/72/177 160/71/177 147/405/177
f 150/404/178 154/4/178 990/406/178 147/405/178
f 237/437/179 238/438/179 988/439/179 991/407/179
f 167/384/180 593/420/180 592/430/180 165/431/180
f 694/443/183 693/444/183 955/445/183 956/446/183
f 68/216/207 587/233/207 941/484/207 937/485/207
f 319/486/208 4/487/208 3/414/208 321/488/208
f 3/414/209 4/487/209 166/389/209 169/388/209
f 973/489/210 84/250/210 139/248/210 978/365/210
f 891/551/249 75/249/249 76/251/249 892/552/249
f 889/553/250 247/240/250 245/243/250 886/554/250
f 890/555/251 888/556/251 205/70/251 202/69/251
f 891/557/252 209/76/252 201/75/252 886/554/252
f 885/558/253 887/559/253 203/560/253 206/73/253
f 888/556/254 1/252/254 885/558/254
f 892/552/255 76/251/255 77/561/255 890/562/255
f 79/260/256 136/259/256 85/261/256 81/241/256
f 143/563/257 146/564/257 999/565/257 1000/566/257
f 168/567/258 146/564/258 606/568/258 605/569/258
f 146/564/259 143/563/259 607/570/259 606/568/259
f 604/571/260 608/572/260 239/573/261 238/574/261
f 143/563/262 239/573/262 608/572/262 607/570/262
f 587/233/267 390/579/267 951/580/267 941/484/267
f 79/244/269 244/10/269 246/581/269 78/582/269
f 75/583/270 245/243/270 80/242/270
f 162/74/271 206/73/271 203/560/271 156/415/271
f 238/438/272 237/437/272 572/584/272 604/585/272
f 386/586/273 586/587/273 945/588/273 957/589/273
f 168/567/274 605/569/274 571/590/274 2/591/274
f 637/612/308 635/613/308 929/614/308 933/615/308
f 909/616/310 913/617/310 934/618/310 926/619/310
f 636/620/311 638/621/311 923/622/311 931/623/311
f 571/590/373 695/728/373 320/729/373 2/591/373
f 4/383/374 319/730/374 318/731/374 9/219/374
f 695/728/375 696/732/376 958/733/377 947/734/377
f 2/413/378 320/735/378 321/488/378 3/414/378
f 318/731/379 322/220/379 9/219/379
f 321/488/380 320/735/380 946/736/380 948/737/380
f 912/738/381 476/739/381 474/740/381 909/741/381
f 893/239/382 898/238/382 570/742/382 567/743/382
f 524/788/396 483/789/396 482/790/396 527/791/396
f 527/791/397 482/790/397 484/792/397 528/793/397
f 523/7/398 464/6/398 495/794/398 531/795/398
f 481/843/419 466/844/419 530/237/419 529/236/419
f 480/845/420 483/846/420 524/847/420 526/848/420
f 910/849/421 911/850/421 477/851/421 475/852/421
f 573/218/446 699/221/446 698/910/446 331/911/446
f 495/918/451 480/845/451 526/848/451 531/919/451
f 525/920/453 478/921/453 481/843/453 529/236/453
f 570/742/454 568/922/454 402/923/454 403/924/454
f 570/925/455 403/926/455 401/927/455 567/928/455
f 402/923/456 397/929/456 461/930/456 408/931/456
f 397/932/457 398/933/457 406/934/457 461/935/457
f 323/936/458 404/937/458 399/938/458
f 323/939/459 569/940/459 400/941/459 404/942/459
f 400/943/460 401/944/460 458/945/460 463/946/460
f 403/924/461 402/923/461 408/931/461 407/947/461
f 399/938/462 404/937/462 462/948/462 405/949/462
f 404/937/463 400/950/463 463/951/463 462/948/463
f 986/1045/512 979/1046/512 408/931/512 461/930/512
f 979/1046/514 984/1048/514 407/947/514 408/931/514
f 398/933/515 399/1049/515 405/1050/515 406/934/515
f 983/1051/516 982/1052/516 405/949/516 462/948/516
f 985/1053/517 983/1051/517 462/948/517 463/951/517
f 980/1054/518 985/1055/518 463/1056/518 458/1057/518
f 984/1058/519 980/1054/519 458/1057/519 407/1059/519
f 982/1060/520 981/1061/520 406/934/520 405/1050/520
f 488/1062/521 489/1063/521 331/911/521 326/1064/521
f 492/1065/522 491/1066/522 490/1067/522 998/1068/522
f 491/1066/523 492/1065/523 493/1069/523 488/1070/523
f 993/1071/524 470/1072/524 479/1073/524 994/1074/524
f 493/1069/525 492/1065/525 464/1075/525 466/1076/525
f 487/1077/526 493/1069/526 466/1076/526 467/1078/526
f 481/1079/527 473/1080/527 466/1081/527
f 488/1070/528 493/1069/528 487/1077/528 489/1082/528
f 471/1083/529 472/1084/529 476/739/529 475/852/529
f 469/1085/530 470/1086/530 995/1087/530 996/1088/530
f 477/1089/531 588/412/531 589/411/531 486/1090/531
f 324/1091/532 490/1067/532 491/1066/532 325/1092/532
f 472/1084/533 471/1083/533 478/1093/533 484/792/533
f 469/1085/534 472/1084/534 484/792/534 482/790/534
f 471/1094/535 473/1095/535 481/843/535 478/921/535
f 480/845/536 479/1073/536 470/1072/536 483/846/536
f 467/1096/537 466/1081/537 473/1080/537 485/1097/537
f 331/911/538 489/1063/538 593/420/538 573/218/538
f 486/1090/539 589/411/539 590/422/539 485/1098/539
f 913/617/540 560/1099/540 572/425/540 902/424/540
f 471/1094/541 486/1090/541 485/1098/541 473/1095/541
f 475/1100/542 477/1089/542 486/1090/542 471/1094/542
f 591/428/543 467/1101/543 485/1098/543 590/422/543
f 592/430/544 487/1102/544 467/1101/544 591/428/544
f 495/794/545 464/6/545 494/1103/545
f 464/6/546 997/1104/546 992/1105/546 494/1103/546
f 992/1106/547 994/1074/547 479/1073/547 494/1107/547
f 479/1073/548 480/845/548 495/918/548 494/1107/548
f 470/1086/549 469/1085/549 482/790/549 483/789/549
f 472/1084/550 469/1085/550 996/1088/550 476/739/550
f 560/1108/551 995/1087/552 993/1109/553 561/1110/551
f 489/1063/554 487/1102/554 592/430/554 593/420/554
f 64/114/557 63/16/557 940/1114/557 944/1115/557
f 698/910/576 699/221/576 949/1146/576 950/1147/576
f 694/443/577 697/1148/577 325/1092/577 326/1149/577
f 325/1092/578 491/1066/578 488/1070/578 326/1149/578
f 981/1061/579 986/1150/579 461/935/579 406/934/579
f 900/1194/617 901/1195/617 398/1196/617 397/929/617
f 898/238/618 895/1197/618 568/922/618 570/742/618
f 899/1198/619 524/788/619 527/791/619 897/1199/619
f 900/1200/620 895/1201/620 523/7/620 531/795/620
f 894/1202/621 528/793/621 525/1203/621 896/1204/621
f 897/1199/622 894/1202/622 323/939/622
f 901/1195/623 899/1205/623 399/938/623 398/1196/623
f 401/1206/624 403/924/624 407/947/624 458/1207/624
f 465/1208/625 997/1209/625 998/1210/625 468/1211/625
f 490/1212/626 605/569/626 606/568/626 468/1211/626
f 468/1211/627 606/568/627 607/570/627 465/1208/627
f 604/571/260 561/1213/628 562/1214/628 608/572/260
f 465/1208/629 607/570/629 608/572/629 562/1214/629
f 319/486/634 321/488/634 948/737/634 943/1218/634
f 401/927/636 400/941/636 569/940/636 567/928/636
f 397/1219/637 402/1220/637 568/1221/637
f 484/792/638 478/1093/638 525/1203/638 528/793/638
f 561/1110/639 604/585/639 572/584/639 560/1108/639
f 63/16/640 62/19/640 938/1222/640 940/1114/640
f 490/1212/641 324/1223/641 571/590/641 605/569/641
f 274/1240/675 271/1241/675 915/1242/675 921/1243/675
f 907/1244/677 911/1245/677 930/1246/677 922/1247/677
f 908/423/678 903/1248/678 914/1249/678 924/1250/678
f 571/590/739 324/1223/739 696/732/376 695/728/375
f 326/1064/740 331/911/740 693/1339/740 694/1340/740
f 384/747/741 385/746/741 954/1341/741 952/1342/741
f 324/1091/742 325/1092/742 697/1148/742 696/1343/742
f 693/1339/743 331/911/743 698/910/743
f 693/444/744 698/1344/744 950/1345/744 955/445/744
f 884/9/929 207/138/929 203/234/929 887/1703/929
f 204/142/930 892/552/930 890/562/930 202/143/930
f 244/10/931 884/9/931 887/1703/931 246/581/931
f 1/252/932 246/256/932 887/559/932 885/558/932
f 75/583/933 891/557/933 886/554/933 245/243/933
f 205/70/934 888/556/934 885/558/934 206/73/934
f 208/1704/935 889/553/935 886/554/935 201/75/935
f 77/253/936 1/252/936 888/556/936 890/555/936
f 209/231/937 891/551/937 892/552/937 204/142/937
f 893/239/938 896/1705/938 525/920/938 529/236/938
f 526/848/939 524/847/939 899/1205/939 901/1195/939
f 567/743/940 569/1706/940 896/1705/940 893/239/940
f 323/939/941 894/1202/941 896/1204/941 569/940/941
f 397/1707/942 568/1708/942 895/1201/942 900/1200/942
f 527/791/943 528/793/943 894/1202/943 897/1199/943
f 530/8/944 523/7/944 895/1201/944 898/1709/944
f 399/938/945 899/1205/945 897/1710/945 323/936/945
f 531/919/946 526/848/946 901/1195/946 900/1194/946
f 207/138/947 884/9/947 889/12/947 208/139/947
f 144/1711/950 208/1704/950 201/75/950 142/78/950
f 475/852/951 476/739/951 912/738/951 910/849/951
f 588/412/952 477/1089/952 911/1245/952 907/1244/952
f 474/1712/953 560/1099/953 913/617/953 909/616/953
f 639/1239/954 913/617/954 902/424/954 634/610/954
f 272/1713/955 274/1240/955 921/1243/955 917/1714/955
f 635/613/956 636/1715/956 931/1716/956 929/614/956
f 153/146/957 904/145/957 906/1/957 154/4/957
f 588/412/958 907/1244/958 905/1717/958 155/409/958
f 152/1718/959 903/1248/959 908/423/959 237/426/959
f 275/611/960 634/610/960 902/424/960 908/423/960
f 910/1719/961 912/1720/961 932/1721/961 928/1722/961
f 905/1717/962 907/1244/962 922/1247/962 918/1723/962
f 914/1724/963 915/1725/963 925/1726/963 924/1727/963
f 922/1728/964 923/1729/964 919/1730/964 918/1731/964
f 916/1732/965 917/1733/965 921/1734/965 920/1735/965
f 926/1736/966 934/1737/966 935/1738/966 927/1739/966
f 922/1728/967 930/1740/967 931/1741/967 923/1729/967
f 928/1742/968 932/1743/968 933/1744/968 929/1745/968
f 929/1745/969 931/1741/969 930/1740/969 928/1742/969
f 933/1744/970 932/1743/970 926/1736/970 927/1739/970
f 917/1733/971 916/1732/971 918/1731/971 919/1730/971
f 921/1734/972 915/1725/972 914/1724/972 920/1735/972
f 904/1746/973 905/1747/973 918/1748/973 916/1749/973
f 275/611/974 908/423/974 924/1250/974 925/1750/974
f 633/1751/975 637/612/975 933/615/975 927/1752/975
f 903/1753/976 906/1754/976 920/1755/976 914/1756/976
f 911/1757/977 910/1719/977 928/1722/977 930/1758/977
f 271/1759/978 275/611/978 925/1750/978 915/1760/978
f 913/617/979 639/1239/979 935/1761/979 934/618/979
f 912/1720/980 909/1762/980 926/1763/980 932/1721/980
f 273/1764/981 272/1713/981 917/1714/981 919/1765/981
f 906/1754/982 904/1746/982 916/1749/982 920/1755/982
f 638/621/983 273/1766/983 919/1767/983 923/622/983
f 639/1239/984 633/1768/984 927/1769/984 935/1761/984
f 946/736/985 944/1115/985 940/1114/985 948/737/985
f 939/1770/986 937/485/986 936/1771/986 942/1772/986
f 943/1218/987 938/1222/987 939/1773/987 942/1774/987
f 947/734/988 945/588/988 944/1775/988 946/1776/988
f 938/1222/989 943/1218/989 948/737/989 940/1114/989
f 949/1146/990 936/1771/990 937/485/990 941/484/990
f 958/1777/991 959/1778/991 954/1341/991 957/1779/991
f 953/1780/992 955/1781/992 950/1147/992 951/580/992
f 956/446/993 955/445/993 953/1782/993 952/1342/993
f 947/734/994 958/733/994 957/589/994 945/588/994
f 952/1342/995 954/1341/995 959/1778/995 956/446/995
f 949/1146/996 941/484/996 951/580/996 950/1147/996
f 385/746/997 386/829/997 957/1779/997 954/1341/997
f 390/1783/998 388/1784/998 953/1785/998 951/1786/998
f 66/21/999 68/1787/999 937/1788/999 939/1773/999
f 697/1148/1000 694/443/1000 956/446/1000 959/1778/1000
f 322/220/1001 318/731/1001 942/1772/1001 936/1771/1001
f 696/1343/1002 697/1148/1002 959/1778/1002 958/1777/1002
f 699/221/1003 322/220/1003 936/1771/1003 949/1146/1003
f 320/729/1004 695/728/1004 947/734/1004 946/1776/1004
f 388/1784/1005 384/1789/1005 952/1790/1005 953/1785/1005
f 62/19/1006 66/21/1006 939/1773/1006 938/1222/1006
f 586/587/1007 64/14/1007 944/1775/1007 945/588/1007
f 318/1791/1008 319/486/1008 943/1218/1008 942/1774/1008
f 132/1812/1023 973/381/1023 978/1813/1023 137/1814/1023
f 134/1815/1024 974/380/1024 973/381/1024 132/1812/1024
f 87/1816/1025 976/1817/1025 972/1818/1025 138/1819/1025
f 138/1819/1026 972/1818/1026 977/1820/1026 131/1821/1026
f 131/274/1027 977/376/1027 975/374/1027 133/272/1027
f 133/272/1028 975/374/1028 974/375/1028 134/269/1028
f 135/1822/1029 971/1823/1029 976/1817/1029 87/1816/1029
f 137/1824/1030 978/1825/1030 971/1823/1030 135/1822/1030
f 454/1826/1031 459/1827/1031 986/1150/1031 981/1061/1031
f 456/1828/1032 454/1826/1032 981/1061/1032 982/1060/1032
f 409/1829/1033 460/1830/1034 980/1831/1035 984/1832/1033
f 460/1830/1034 453/1833/1036 985/1834/1036 980/1831/1035
f 453/956/1037 455/953/1037 983/1051/1037 985/1053/1037
f 455/953/1038 456/952/1038 982/1052/1038 983/1051/1038
f 457/958/1039 409/962/1039 984/1048/1039 979/1046/1039
f 459/959/1040 457/958/1040 979/1046/1040 986/1045/1040
f 143/563/1041 987/435/1041 989/392/1041 239/573/1041
f 238/574/1042 239/573/1042 989/392/1042 988/391/1042
f 465/1208/1043 562/1214/1043 994/1074/1043 992/1106/1043
f 990/406/1044 154/4/1044 152/3/1044
f 991/407/1045 990/406/1045 152/3/1045 237/437/1045
f 991/407/179 988/439/179 148/408/179
f 561/1213/1046 993/1071/1046 994/1074/1046 562/1214/1046
f 993/1109/553 995/1087/552 470/1086/1047
f 476/739/1048 996/1088/1048 474/740/1048
f 996/1088/1049 995/1087/1049 560/1108/1049 474/740/1049
f 998/1210/1050 490/1212/1050 468/1211/1050
f 992/1106/1051 997/1209/1051 465/1208/1051
f 998/1068/1052 997/1835/1052 464/1075/1052 492/1065/1052
f 1000/1836/1053 999/386/1053 170/385/1053 142/396/1053
f 168/567/1054 999/565/1054 146/564/1054
f 1000/566/1055 987/435/1055 143/563/1055
usemtl Pants
f 8/13/4 64/14/4 65/15/4
f 63/16/5 5/17/5 6/18/5 62/19/5
f 62/19/6 6/18/6 30/20/6 66/21/6
f 240/22/7 20/23/7 33/24/7 243/25/7
f 266/30/9 11/31/9 12/32/9 267/33/9
f 576/34/10 14/35/11 61/36/11 585/37/12
f 18/38/13 182/39/13 184/40/13 19/41/13
f 267/42/14 12/43/14 31/44/14 269/45/14
f 268/60/19 15/61/19 10/62/19 265/63/19
f 17/64/20 33/24/20 20/23/20
f 15/61/25 13/79/26 16/80/27 34/81/27
f 243/84/28 241/85/28 10/86/28 32/87/28
f 31/44/30 12/43/30 17/90/30 29/91/30
f 270/92/31 265/93/31 10/86/31 241/85/31
f 12/32/32 11/31/32 33/24/32 17/64/32
f 32/94/33 34/81/33 18/38/33 19/41/33
f 260/95/34 259/96/34 177/97/34 176/98/34
f 13/99/35 31/44/35 29/91/35 16/100/35
f 262/101/36 263/102/36 178/103/36 174/104/36
f 264/105/37 7/106/37 30/107/37 269/45/37
f 177/97/38 179/108/38 39/109/38 41/110/38
f 178/103/39 180/111/39 38/112/39 40/113/39
f 64/114/40 8/115/40 5/17/40 63/16/40
f 179/118/42 174/119/42 37/120/42 39/121/42
f 175/122/43 176/123/43 35/124/43 36/125/43
f 176/98/44 177/97/44 41/110/44 35/126/44
f 259/96/45 258/132/45 179/108/45 177/97/45
f 29/91/51 17/90/51 185/153/51 186/154/51
f 264/155/52 13/79/26 15/61/25 268/60/52
f 61/211/70 8/13/70 65/15/70
f 585/212/71 61/211/71 65/15/71 574/213/71
f 183/214/72 20/23/72 240/22/72 242/215/72
f 7/106/73 68/216/73 66/217/73 30/107/73
f 7/106/80 575/232/80 587/233/80 68/216/80
f 261/440/181 260/441/181 176/123/181 175/122/181
f 16/80/182 181/442/182 182/39/182 18/38/182
f 33/24/184 11/31/184 241/447/184 243/25/184
f 257/448/185 184/40/185 182/39/185 261/440/185
f 257/449/186 263/102/186 242/450/186 184/451/186
f 262/452/187 258/453/187 185/454/187 183/214/187
f 242/450/188 240/455/188 19/456/188 184/451/188
f 34/81/189 16/80/189 18/38/189
f 16/100/190 29/91/190 186/154/190 181/457/190
f 10/62/191 15/61/191 34/81/191 32/94/191
f 270/462/194 241/447/194 11/31/194 266/30/194
f 180/463/195 175/122/195 36/125/195 38/464/195
f 17/64/263 20/23/263 183/214/263 185/454/263
f 40/113/264 37/575/264 174/104/264 178/103/264
f 575/576/265 7/577/265 14/35/265 576/34/265
f 240/455/268 243/84/268 32/87/268 19/456/268
f 174/119/289 179/118/289 258/453/289 262/452/289
f 180/111/290 178/103/290 263/102/290 257/449/290
f 180/463/291 257/448/291 261/440/291 175/122/291
f 182/39/292 181/442/292 260/441/292 261/440/292
f 186/154/293 185/153/293 258/132/293 259/96/293
f 183/214/294 242/215/294 263/602/294 262/452/294
f 181/457/295 186/154/295 259/96/295 260/95/295
f 8/115/296 270/462/296 266/30/296 5/17/296
f 7/603/297 264/155/297 268/60/297 14/604/297
f 13/99/298 264/105/298 269/45/298 31/44/298
f 8/13/299 61/211/299 265/93/299 270/92/299
f 14/604/300 268/60/300 61/605/300
f 6/606/301 267/42/301 269/45/301 30/107/301
f 5/17/302 266/30/302 267/33/302 6/18/302
f 586/587/313 574/213/313 65/15/313 64/14/313
f 330/744/383 387/745/383 386/586/383
f 385/746/384 384/747/384 328/748/384 327/749/384
f 384/747/385 388/750/385 352/751/385 328/748/385
f 563/752/386 566/753/386 355/754/386 342/755/386
f 628/758/388 629/759/388 334/760/388 333/761/388
f 576/34/10 585/37/12 383/762/389 336/763/389
f 340/764/390 341/765/390 506/766/390 504/767/390
f 629/768/391 631/769/391 353/770/391 334/771/391
f 630/780/393 627/781/393 332/782/393 337/783/393
f 339/784/394 342/755/394 355/754/394
f 337/783/399 356/796/400 338/797/400 335/798/401
f 566/801/402 354/802/402 332/803/402 564/804/402
f 353/770/403 351/805/403 339/806/403 334/771/403
f 632/807/404 564/804/404 332/803/404 627/808/404
f 334/760/405 339/784/405 355/754/405 333/761/405
f 354/809/406 341/765/406 340/764/406 356/796/406
f 622/810/407 498/811/407 499/812/407 621/813/407
f 335/814/408 338/815/408 351/805/408 353/770/408
f 624/816/409 496/817/409 500/818/409 625/819/409
f 626/820/410 631/769/410 352/821/410 329/822/410
f 499/812/411 363/823/411 361/824/411 501/825/411
f 500/818/412 362/826/412 360/827/412 502/828/412
f 386/829/413 385/746/413 327/749/413 330/830/413
f 501/831/414 361/832/414 359/833/414 496/834/414
f 497/835/415 358/836/415 357/837/415 498/838/415
f 498/811/416 357/839/416 363/823/416 499/812/416
f 621/813/417 499/812/417 501/825/417 620/840/417
f 351/805/423 508/857/423 507/858/423 339/806/423
f 626/859/424 630/780/424 337/783/399 335/798/401
f 383/906/442 387/745/442 330/744/442
f 585/212/443 574/213/443 387/745/443 383/906/443
f 505/907/444 565/908/444 563/752/444 342/755/444
f 329/822/445 352/821/445 388/909/445 390/579/445
f 329/822/452 390/579/452 587/233/452 575/232/452
f 623/1111/555 497/835/555 498/838/555 622/1112/555
f 338/797/556 340/764/556 504/767/556 503/1113/556
f 355/754/558 566/753/558 564/1116/558 333/761/558
f 619/1117/559 623/1111/559 504/767/559 506/766/559
f 619/1118/560 506/1119/560 565/1120/560 625/819/560
f 624/1121/561 505/907/561 507/1122/561 620/1123/561
f 565/1120/562 506/1119/562 341/1124/562 563/1125/562
f 356/796/563 340/764/563 338/797/563
f 338/815/564 503/1126/564 508/857/564 351/805/564
f 332/782/565 354/809/565 356/796/565 337/783/565
f 632/1131/568 628/758/568 333/761/568 564/1116/568
f 502/1132/569 360/1133/569 358/836/569 497/835/569
f 339/784/630 507/1122/630 505/907/630 342/755/630
f 362/826/631 500/818/631 496/817/631 359/1215/631
f 575/576/632 576/34/632 336/763/632 329/1216/632
f 563/1125/635 341/1124/635 354/802/635 566/801/635
f 496/834/656 624/1121/656 620/1123/656 501/831/656
f 502/828/657 619/1118/657 625/819/657 500/818/657
f 502/1132/658 497/835/658 623/1111/658 619/1117/658
f 504/767/659 623/1111/659 622/1112/659 503/1113/659
f 508/857/660 621/813/660 620/840/660 507/858/660
f 505/907/661 624/1121/661 625/1232/661 565/908/661
f 503/1126/662 622/810/662 621/813/662 508/857/662
f 330/830/663 327/749/663 628/758/663 632/1131/663
f 329/1233/664 336/1234/664 630/780/664 626/859/664
f 335/814/665 353/770/665 631/769/665 626/820/665
f 330/744/666 632/807/666 627/808/666 383/906/666
f 336/1234/667 383/1235/667 630/780/667
f 328/1236/668 352/821/668 631/769/668 629/768/668
f 327/749/669 328/748/669 629/759/669 628/758/669
f 586/587/680 386/586/680 387/745/680 574/213/680
f 630/780/948 383/1235/948 627/781/948
f 61/605/949 268/60/949 265/63/949
o Cube
v 0.186573 0.221684 -4.415980
v 0.201569 0.219629 -4.415980
v 0.194313 0.278160 -4.444240
v 0.209309 0.276105 -4.444240
v 0.167662 0.140489 -4.467719
v 0.197936 0.136340 -4.467719
v 0.188343 0.291386 -4.450335
v 0.177265 0.210552 -4.409885
v 0.207539 0.206403 -4.409885
v 0.218617 0.287237 -4.450335
v 0.198974 0.300188 -4.413630
v 0.192896 0.255846 -4.391441
v 0.204670 0.254233 -4.391441
v 0.210747 0.298575 -4.413630
v 0.204467 0.329143 -4.387064
v 0.199936 0.296078 -4.370519
v 0.208715 0.294875 -4.370519
v 0.213246 0.327939 -4.387064
v 0.214605 0.393248 -4.372594
v 0.211444 0.370182 -4.361052
v 0.217569 0.369343 -4.361052
v 0.220730 0.392409 -4.372594
v 0.187856 0.231040 -4.499386
v 0.202851 0.228985 -4.499386
v 0.194542 0.279826 -4.459097
v 0.209537 0.277771 -4.459097
v 0.167659 0.140466 -4.467515
v 0.197933 0.136317 -4.467515
v 0.188344 0.291395 -4.450408
v 0.178774 0.221565 -4.508074
v 0.209048 0.217416 -4.508074
v 0.218619 0.287246 -4.450408
v 0.200054 0.308071 -4.483912
v 0.194804 0.269767 -4.515544
v 0.206578 0.268153 -4.515544
v 0.211828 0.306458 -4.483912
v 0.206253 0.342172 -4.503224
v 0.202338 0.313609 -4.526812
v 0.211118 0.312406 -4.526812
v 0.215032 0.340969 -4.503224
v 0.216607 0.407856 -4.502822
v 0.213877 0.387930 -4.519277
v 0.220001 0.387091 -4.519277
v 0.222732 0.407016 -4.502822
vn 0.9924 -0.1165 0.0389
vn -0.0860 -0.6272 0.7741
vn 0.0154 0.1124 -0.9935
vn -0.9907 0.1358 -0.0000
vn 0.9907 -0.1358 -0.0000
vn 0.0603 0.4401 0.8959
vn 0.9924 -0.1177 0.0367
vn -0.9872 0.1548 0.0389
vn 0.1095 0.7988 -0.5915
vn -0.0784 -0.5720 0.8165
vn -0.9883 0.1498 0.0287
vn -0.9874 0.1537 0.0367
vn 0.0910 0.6638 -0.7423
vn -0.0619 -0.4519 0.8899
vn 0.0296 0.2156 -0.9760
vn -0.0170 -0.1241 0.9921
vn 0.9922 -0.1216 0.0287
vn 0.9935 -0.1084 -0.0336
vn -0.0603 -0.4399 -0.8960
vn -0.0152 -0.1106 0.9938
vn 0.0860 0.6274 -0.7740
vn 0.9934 -0.1100 -0.0317
vn -0.9861 0.1629 -0.0336
vn 0.0888 0.6476 0.7568
vn -0.0516 -0.3767 -0.9249
vn -0.9875 0.1558 -0.0248
vn -0.9864 0.1614 -0.0317
vn 0.0661 0.4826 0.8733
vn -0.0334 -0.2434 -0.9694
vn -0.0008 -0.0060 1.0000
vn 0.0135 0.0988 -0.9950
vn 0.9930 -0.1156 -0.0248
vt 0.205031 0.202841
vt 0.332149 0.000195
vt 0.464304 0.054138
vt 0.364498 0.213247
vt 0.000195 0.999805
vt 0.204642 0.999805
vt 0.204641 0.711141
vt 0.000195 0.711141
vt 0.000195 0.423430
vt 0.204641 0.423430
vt 0.205031 0.427079
vt 0.493695 0.613232
vt 0.781406 0.427603
vt 0.205031 0.613622
vt 0.781406 0.614146
vt 0.493695 0.799775
vt 0.051786 0.667791
vt 0.051786 0.466781
vt 0.153051 0.667791
vt 0.153051 0.466781
vt 0.610861 0.081403
vt 0.536437 0.200047
vt 0.332149 0.213637
vt 0.205032 0.416283
vt 0.364498 0.426689
vt 0.464305 0.267580
vt 0.309892 0.901430
vt 0.309892 0.800165
vt 0.205031 0.811043
vt 0.205031 0.890552
vt 0.048700 0.409900
vt 0.106530 0.409900
vt 0.100318 0.329932
vt 0.054913 0.329932
vt 0.610861 0.294845
vt 0.536437 0.413489
vt 0.795348 0.296403
vt 0.847266 0.213637
vt 0.100318 0.239803
vt 0.054913 0.239803
vt 0.060686 0.170592
vt 0.094544 0.170592
vt 0.094544 0.237799
vt 0.060686 0.237799
vt 0.065806 0.075540
vt 0.089425 0.075540
vt 0.089425 0.028656
vt 0.065806 0.028656
vt 0.847266 0.000195
vt 0.795348 0.082961
s 0
usemtl Material.001
f 1002/1837/1056 1004/1838/1056 1014/1839/1056 1013/1840/1056
f 1005/1841/1057 1006/1842/1057 1009/1843/1057 1008/1844/1057
f 1007/1845/1058 1010/1846/1058 1006/1842/1058 1005/1841/1058
f 1005/1847/1059 1008/1848/1059 1007/1849/1059
f 1006/1850/1060 1010/1851/1060 1009/1852/1060
f 1001/1853/1061 1003/1854/1061 1007/1845/1061 1008/1844/1061
f 1002/1855/1061 1001/1853/1061 1008/1844/1061 1009/1843/1061
f 1004/1856/1061 1002/1855/1061 1009/1843/1061 1010/1846/1061
f 1003/1854/1061 1004/1856/1061 1010/1846/1061 1007/1845/1061
f 1013/1840/1062 1014/1839/1062 1018/1857/1062 1017/1858/1062
f 1003/1859/1063 1001/1860/1063 1012/1861/1063 1011/1862/1063
f 1004/1863/1064 1003/1864/1064 1011/1865/1064 1014/1866/1064
f 1001/1867/1065 1002/1868/1065 1013/1869/1065 1012/1870/1065
f 1015/1871/1066 1016/1872/1066 1020/1873/1066 1019/1874/1066
f 1011/1862/1067 1012/1861/1067 1016/1872/1067 1015/1871/1067
f 1014/1875/1068 1011/1876/1068 1015/1877/1068 1018/1878/1068
f 1012/1870/1069 1013/1869/1069 1017/1879/1069 1016/1880/1069
f 1020/1881/1061 1021/1882/1061 1022/1883/1061 1019/1884/1061
f 1018/1878/1070 1015/1877/1070 1019/1884/1070 1022/1883/1070
f 1016/1880/1071 1017/1879/1071 1021/1882/1071 1020/1881/1071
f 1017/1858/1072 1018/1857/1072 1022/1885/1072 1021/1886/1072
f 1024/1837/1073 1035/1840/1073 1036/1839/1073 1026/1838/1073
f 1027/1841/1074 1030/1844/1074 1031/1843/1074 1028/1842/1074
f 1029/1845/1075 1027/1841/1075 1028/1842/1075 1032/1846/1075
f 1027/1847/1059 1029/1849/1059 1030/1848/1059
f 1028/1850/1060 1031/1852/1060 1032/1851/1060
f 1023/1853/1076 1030/1844/1076 1029/1845/1076 1025/1854/1076
f 1024/1855/1076 1031/1843/1076 1030/1844/1076 1023/1853/1076
f 1026/1856/1076 1032/1846/1076 1031/1843/1076 1024/1855/1076
f 1025/1854/1076 1029/1845/1076 1032/1846/1076 1026/1856/1076
f 1035/1840/1077 1039/1858/1077 1040/1857/1077 1036/1839/1077
f 1025/1859/1078 1033/1862/1078 1034/1861/1078 1023/1860/1078
f 1026/1863/1079 1036/1866/1079 1033/1865/1079 1025/1864/1079
f 1023/1867/1080 1034/1870/1080 1035/1869/1080 1024/1868/1080
f 1037/1871/1081 1041/1874/1081 1042/1873/1081 1038/1872/1081
f 1033/1862/1082 1037/1871/1082 1038/1872/1082 1034/1861/1082
f 1036/1875/1083 1040/1878/1083 1037/1877/1083 1033/1876/1083
f 1034/1870/1084 1038/1880/1084 1039/1879/1084 1035/1869/1084
f 1042/1881/1076 1041/1884/1076 1044/1883/1076 1043/1882/1076
f 1040/1878/1085 1044/1883/1085 1041/1884/1085 1037/1877/1085
f 1038/1880/1086 1042/1881/1086 1043/1882/1086 1039/1879/1086
f 1039/1858/1087 1043/1886/1087 1044/1885/1087 1040/1857/1087
