# Blender 5.1.2
# www.blender.org
mtllib Untitled.mtl
o OfficeChair
v -0.093461 0.083696 -0.988802
v -0.093461 0.119809 -0.988802
v -0.102530 0.083696 -0.958927
v -0.102530 0.119809 -0.958927
v -0.127426 0.083696 -0.940088
v -0.127426 0.119809 -0.940088
v -0.158641 0.083696 -0.939481
v -0.158641 0.119809 -0.939481
v -0.184252 0.083696 -0.957338
v -0.184252 0.119809 -0.957338
v -0.194475 0.083696 -0.986838
v -0.194475 0.119809 -0.986838
v -0.185406 0.083696 -1.016712
v -0.185406 0.119809 -1.016712
v -0.160510 0.083696 -1.035551
v -0.160510 0.119809 -1.035551
v -0.129295 0.083696 -1.036158
v -0.129295 0.119809 -1.036158
v -0.103684 0.083696 -1.018301
v -0.103684 0.119809 -1.018301
v -0.118555 0.123348 -0.970100
v -0.112993 0.123348 -0.988422
v -0.133823 0.123348 -0.958547
v -0.152967 0.123348 -0.958175
v -0.168673 0.123348 -0.969126
v -0.174943 0.123348 -0.987217
v -0.169381 0.123348 -1.005539
v -0.154113 0.123348 -1.017092
v -0.134969 0.123348 -1.017465
v -0.119263 0.123348 -1.006513
v -0.118555 0.391741 -0.970100
v -0.112993 0.391741 -0.988422
v -0.133823 0.391741 -0.958547
v -0.152967 0.391741 -0.958175
v -0.168673 0.391741 -0.969126
v -0.174943 0.391741 -0.987217
v -0.169381 0.391741 -1.005539
v -0.154113 0.391741 -1.017092
v -0.134969 0.391741 -1.017465
v -0.119263 0.391741 -1.006513
v -0.482867 0.070950 -0.987822
v -0.482867 0.082382 -0.987822
v -0.167532 0.082180 -0.993249
v -0.167532 0.115667 -0.993249
v -0.482611 0.070950 -0.974642
v -0.482611 0.082382 -0.974642
v -0.167303 0.082180 -0.981479
v -0.167303 0.115667 -0.981479
v -0.408305 0.070950 -0.989272
v -0.408305 0.117133 -0.989272
v -0.408049 0.070950 -0.976092
v -0.408049 0.117133 -0.976092
v -0.445586 0.070950 -0.988547
v -0.445330 0.108726 -0.975367
v -0.445586 0.108726 -0.988547
v -0.445330 0.070950 -0.975367
v -0.470872 0.066114 -0.988056
v -0.470615 0.090858 -0.974875
v -0.470872 0.090858 -0.988056
v -0.470615 0.066114 -0.974875
v -0.470872 0.051705 -0.988056
v -0.482867 0.051705 -0.987822
v -0.482611 0.051705 -0.974642
v -0.470615 0.051705 -0.974875
v -0.449502 0.025643 -0.998440
v -0.448858 0.025643 -0.965329
v -0.454632 0.009851 -0.998340
v -0.453988 0.009851 -0.965229
v -0.468063 0.000091 -0.998079
v -0.467419 0.000091 -0.964968
v -0.484665 0.000091 -0.997757
v -0.484021 0.000091 -0.964645
v -0.498095 0.009851 -0.997495
v -0.497452 0.009851 -0.964384
v -0.503226 0.025643 -0.997396
v -0.502582 0.025643 -0.964284
v -0.498095 0.041435 -0.997495
v -0.497452 0.041435 -0.964384
v -0.484665 0.051195 -0.997757
v -0.484021 0.051195 -0.964645
v -0.468063 0.051195 -0.998079
v -0.467419 0.051195 -0.964968
v -0.454632 0.041435 -0.998340
v -0.453988 0.041435 -0.965229
v -0.447513 0.025417 -1.001720
v -0.446744 0.025417 -0.962129
v -0.505340 0.025417 -1.000596
v -0.504570 0.025417 -0.961005
v -0.499818 0.042416 -1.000703
v -0.499048 0.042416 -0.961112
v -0.485362 0.052921 -1.000984
v -0.484592 0.052921 -0.961393
v -0.467492 0.052921 -1.001332
v -0.466722 0.052921 -0.961741
v -0.453035 0.042415 -1.001613
v -0.452265 0.042416 -0.962022
v -0.443241 0.030555 -1.001803
v -0.442472 0.030555 -0.962212
v -0.508842 0.030555 -0.960922
v -0.509612 0.030555 -1.000513
v -0.503274 0.047553 -1.000636
v -0.502505 0.047553 -0.961045
v -0.486682 0.058058 -1.000958
v -0.485912 0.058058 -0.961367
v -0.466172 0.058058 -1.001357
v -0.465402 0.058058 -0.961766
v -0.449579 0.047553 -1.001680
v -0.448809 0.047553 -0.962089
v -0.248696 0.070950 -0.665508
v -0.248696 0.082382 -0.665508
v -0.156615 0.082180 -0.967354
v -0.156615 0.115667 -0.967354
v -0.236082 0.070950 -0.661679
v -0.236082 0.082382 -0.661679
v -0.145350 0.082180 -0.963934
v -0.145350 0.115667 -0.963934
v -0.227034 0.070950 -0.736869
v -0.227034 0.117133 -0.736869
v -0.214420 0.070950 -0.733040
v -0.214420 0.117133 -0.733040
v -0.237865 0.070950 -0.701189
v -0.225251 0.108726 -0.697359
v -0.237865 0.108726 -0.701189
v -0.225251 0.070950 -0.697359
v -0.245211 0.066114 -0.676989
v -0.232597 0.090858 -0.673160
v -0.245211 0.090858 -0.676989
v -0.232597 0.066114 -0.673160
v -0.245211 0.051705 -0.676989
v -0.248696 0.051705 -0.665508
v -0.236082 0.051705 -0.661679
v -0.232597 0.051705 -0.673160
v -0.248484 0.025643 -0.700522
v -0.216795 0.025643 -0.690902
v -0.249975 0.009851 -0.695612
v -0.218285 0.009851 -0.685992
v -0.253877 0.000091 -0.682757
v -0.222187 0.000091 -0.673138
v -0.258700 0.000091 -0.666869
v -0.227010 0.000091 -0.657249
v -0.262602 0.009851 -0.654014
v -0.230912 0.009851 -0.644395
v -0.264092 0.025643 -0.649105
v -0.232403 0.025643 -0.639485
v -0.262602 0.041435 -0.654014
v -0.230912 0.041435 -0.644395
v -0.258700 0.051194 -0.666869
v -0.227010 0.051194 -0.657249
v -0.253877 0.051194 -0.682757
v -0.222187 0.051194 -0.673138
v -0.249975 0.041435 -0.695612
v -0.218285 0.041435 -0.685992
v -0.250989 0.025417 -0.703426
v -0.213098 0.025417 -0.691924
v -0.267789 0.025417 -0.648082
v -0.229898 0.025417 -0.636580
v -0.266185 0.042415 -0.653367
v -0.228294 0.042415 -0.641865
v -0.261985 0.052921 -0.667203
v -0.224094 0.052921 -0.655701
v -0.256793 0.052921 -0.684306
v -0.218902 0.052921 -0.672803
v -0.252593 0.042415 -0.698141
v -0.214702 0.042415 -0.686639
v -0.249748 0.030555 -0.707515
v -0.211857 0.030555 -0.696013
v -0.231139 0.030555 -0.632492
v -0.269030 0.030555 -0.643994
v -0.267189 0.047553 -0.650059
v -0.229298 0.047553 -0.638557
v -0.262368 0.058058 -0.665940
v -0.224477 0.058058 -0.654438
v -0.256410 0.058058 -0.685569
v -0.218519 0.058058 -0.674067
v -0.251589 0.047553 -0.701449
v -0.213698 0.047553 -0.689947
v 0.130206 0.070950 -0.788617
v 0.130206 0.082382 -0.788617
v -0.128614 0.082180 -0.969734
v -0.128614 0.115667 -0.969734
v 0.137746 0.070950 -0.799431
v 0.137746 0.082382 -0.799431
v -0.121881 0.082180 -0.979391
v -0.121881 0.115667 -0.979391
v 0.069031 0.070950 -0.831271
v 0.069031 0.117133 -0.831271
v 0.076571 0.070950 -0.842085
v 0.076571 0.117133 -0.842085
v 0.099619 0.070950 -0.809944
v 0.107159 0.108726 -0.820758
v 0.099619 0.108726 -0.809944
v 0.107159 0.070950 -0.820758
v 0.120364 0.066114 -0.795480
v 0.127904 0.090858 -0.806293
v 0.120364 0.090858 -0.795480
v 0.127904 0.066114 -0.806293
v 0.120364 0.051705 -0.795480
v 0.130206 0.051705 -0.788617
v 0.137746 0.051705 -0.799431
v 0.127904 0.051705 -0.806293
v 0.096972 0.025643 -0.799639
v 0.115913 0.025643 -0.826805
v 0.101181 0.009851 -0.796704
v 0.120122 0.009851 -0.823870
v 0.112200 0.000091 -0.789021
v 0.131141 0.000091 -0.816187
v 0.125821 0.000091 -0.779524
v 0.144762 0.000091 -0.806690
v 0.136840 0.009851 -0.771841
v 0.155781 0.009851 -0.799007
v 0.141049 0.025643 -0.768906
v 0.159990 0.025643 -0.796072
v 0.136840 0.041434 -0.771841
v 0.155781 0.041434 -0.799007
v 0.125821 0.051194 -0.779524
v 0.144762 0.051194 -0.806690
v 0.112200 0.051194 -0.789021
v 0.131141 0.051194 -0.816187
v 0.101181 0.041434 -0.796704
v 0.120122 0.041434 -0.823870
v 0.093435 0.025417 -0.798154
v 0.116083 0.025417 -0.830637
v 0.140879 0.025417 -0.765074
v 0.163527 0.025417 -0.797557
v 0.136348 0.042415 -0.768233
v 0.158996 0.042415 -0.800715
v 0.124487 0.052921 -0.776503
v 0.147135 0.052921 -0.808985
v 0.109826 0.052921 -0.786725
v 0.132474 0.052921 -0.819208
v 0.097965 0.042415 -0.794995
v 0.120613 0.042415 -0.827478
v 0.089930 0.030555 -0.800598
v 0.112578 0.030555 -0.833081
v 0.167032 0.030555 -0.795113
v 0.144384 0.030555 -0.762630
v 0.139184 0.047553 -0.766256
v 0.161832 0.047553 -0.798738
v 0.125570 0.058058 -0.775748
v 0.148219 0.058058 -0.808230
v 0.108743 0.058058 -0.787481
v 0.131391 0.058058 -0.819963
v 0.095130 0.047553 -0.796973
v 0.117778 0.047553 -0.829455
v 0.130209 0.070950 -1.187018
v 0.130209 0.082382 -1.187018
v -0.122225 0.082180 -0.997100
v -0.122225 0.115667 -0.997100
v 0.122254 0.070950 -1.197530
v 0.122254 0.082382 -1.197530
v -0.129329 0.082180 -1.006488
v -0.129329 0.115667 -1.006488
v 0.070739 0.070950 -1.142018
v 0.070739 0.117133 -1.142018
v 0.062784 0.070950 -1.152530
v 0.062784 0.117133 -1.152530
v 0.100474 0.070950 -1.164518
v 0.092519 0.108726 -1.175030
v 0.100474 0.108726 -1.164518
v 0.092519 0.070950 -1.175030
v 0.120641 0.066114 -1.179778
v 0.112687 0.090858 -1.190290
v 0.120641 0.090858 -1.179778
v 0.112687 0.066114 -1.190290
v 0.120641 0.051705 -1.179778
v 0.130209 0.051705 -1.187018
v 0.122254 0.051705 -1.197530
v 0.112687 0.051705 -1.190290
v 0.109457 0.025643 -1.158816
v 0.089474 0.025643 -1.185225
v 0.113549 0.009851 -1.161912
v 0.093566 0.009851 -1.188321
v 0.124261 0.000091 -1.170018
v 0.104278 0.000091 -1.196427
v 0.137502 0.000091 -1.180037
v 0.117519 0.000091 -1.206446
v 0.148214 0.009851 -1.188143
v 0.128231 0.009851 -1.214552
v 0.152306 0.025643 -1.191239
v 0.132323 0.025643 -1.217648
v 0.148214 0.041434 -1.188143
v 0.128231 0.041434 -1.214552
v 0.137502 0.051194 -1.180037
v 0.117519 0.051194 -1.206446
v 0.124261 0.051194 -1.170018
v 0.104278 0.051194 -1.196427
v 0.113549 0.041434 -1.161912
v 0.093566 0.041434 -1.188321
v 0.109776 0.025417 -1.154993
v 0.085882 0.025417 -1.186571
v 0.155898 0.025417 -1.189893
v 0.132004 0.025417 -1.221470
v 0.151494 0.042415 -1.186560
v 0.127600 0.042415 -1.218138
v 0.139963 0.052921 -1.177835
v 0.116069 0.052921 -1.209413
v 0.125711 0.052921 -1.167051
v 0.101817 0.052921 -1.198628
v 0.114180 0.042415 -1.158326
v 0.090286 0.042415 -1.189903
v 0.106369 0.030555 -1.152415
v 0.082475 0.030555 -1.183993
v 0.135411 0.030555 -1.224048
v 0.159305 0.030555 -1.192471
v 0.154250 0.047553 -1.188646
v 0.130356 0.047553 -1.220223
v 0.141016 0.058058 -1.178632
v 0.117122 0.058058 -1.210209
v 0.124658 0.058058 -1.166254
v 0.100764 0.058058 -1.197832
v 0.111424 0.047553 -1.156240
v 0.087530 0.047553 -1.187818
v -0.248691 0.070950 -1.310133
v -0.248691 0.082382 -1.310133
v -0.146278 0.082180 -1.011633
v -0.146278 0.115667 -1.011633
v -0.261147 0.070950 -1.305816
v -0.261147 0.082382 -1.305816
v -0.157401 0.082180 -1.007778
v -0.157401 0.115667 -1.007778
v -0.224271 0.070950 -1.239668
v -0.224271 0.117133 -1.239668
v -0.236727 0.070950 -1.235351
v -0.236727 0.117133 -1.235351
v -0.236481 0.070950 -1.274901
v -0.248937 0.108726 -1.270584
v -0.236481 0.108726 -1.274901
v -0.248937 0.070950 -1.270584
v -0.244762 0.066114 -1.298797
v -0.257219 0.090858 -1.294480
v -0.244762 0.090858 -1.298797
v -0.257219 0.066114 -1.294480
v -0.244762 0.051705 -1.298797
v -0.248691 0.051705 -1.310133
v -0.261147 0.051705 -1.305816
v -0.257219 0.051705 -1.294480
v -0.228282 0.025643 -1.281682
v -0.259574 0.025643 -1.270838
v -0.229963 0.009851 -1.286530
v -0.261254 0.009851 -1.275686
v -0.234361 0.000091 -1.299223
v -0.265653 0.000091 -1.288379
v -0.239799 0.000091 -1.314912
v -0.271090 0.000091 -1.304068
v -0.244197 0.009851 -1.327605
v -0.275489 0.009851 -1.316761
v -0.245877 0.025643 -1.332453
v -0.277169 0.025643 -1.321609
v -0.244197 0.041435 -1.327605
v -0.275489 0.041435 -1.316761
v -0.239799 0.051194 -1.314912
v -0.271090 0.051194 -1.304068
v -0.234361 0.051194 -1.299223
v -0.265653 0.051194 -1.288379
v -0.229963 0.041435 -1.286530
v -0.261254 0.041435 -1.275686
v -0.224549 0.025417 -1.280804
v -0.261964 0.025417 -1.267838
v -0.243487 0.025417 -1.335453
v -0.280903 0.025417 -1.322487
v -0.241679 0.042415 -1.330235
v -0.279094 0.042415 -1.317268
v -0.236944 0.052921 -1.316572
v -0.274360 0.052921 -1.303606
v -0.231092 0.052921 -1.299685
v -0.268507 0.052921 -1.286718
v -0.226357 0.042415 -1.286022
v -0.263772 0.042415 -1.273056
v -0.223149 0.030555 -1.276767
v -0.260565 0.030555 -1.263800
v -0.282302 0.030555 -1.326524
v -0.244887 0.030555 -1.339490
v -0.242811 0.047553 -1.333501
v -0.280226 0.047553 -1.320534
v -0.237377 0.058058 -1.317820
v -0.274792 0.058058 -1.304853
v -0.230659 0.058058 -1.298437
v -0.268075 0.058058 -1.285471
v -0.225225 0.047553 -1.282756
v -0.262641 0.047553 -1.269790
v 0.056793 0.617633 -1.318756
v 0.044378 0.453082 -1.318515
v -0.180639 0.410792 -1.314139
v -0.255010 0.453363 -1.312693
v -0.292958 0.554730 -1.311955
v 0.067592 0.553457 -1.318966
v -0.002436 0.392425 -1.351846
v 0.001651 0.580039 -1.317684
v 0.006773 0.476542 -1.317783
v -0.193187 0.391480 -1.348136
v -0.219793 0.481161 -1.313378
v -0.250396 0.560732 -1.312783
v 0.024046 0.553803 -1.318119
v -0.095873 0.410792 -1.315787
v 0.028556 0.598836 -1.352448
v -0.253545 0.597544 -1.278480
v 0.045153 0.553630 -1.352771
v 0.026241 0.464812 -1.283921
v -0.001105 0.392425 -1.283389
v -0.093443 0.373132 -1.315835
v -0.238067 0.467262 -1.347264
v -0.236736 0.467262 -1.278807
v -0.272701 0.584925 -1.346590
v -0.271011 0.557731 -1.278141
v 0.024910 0.464812 -1.352377
v 0.043898 0.584484 -1.284264
v -0.095324 0.391962 -1.350039
v -0.191855 0.391480 -1.279680
v -0.109185 0.598200 -1.281287
v -0.254876 0.597544 -1.346937
v -0.226475 0.580039 -1.313248
v -0.281946 0.615049 -1.312169
v 0.029887 0.598836 -1.283992
v -0.110516 0.598200 -1.349744
v -0.110201 0.580039 -1.315509
v -0.109500 0.616361 -1.315522
v -0.271370 0.584925 -1.278134
v -0.272342 0.557731 -1.346597
v -0.246597 0.574986 -1.312856
v -0.297475 0.594865 -1.311867
v 0.046485 0.553630 -1.284314
v 0.042566 0.584484 -1.352720
v 0.018315 0.572676 -1.318008
v 0.068149 0.596292 -1.318977
v -0.204403 0.372167 -1.313677
v 0.012021 0.374058 -1.317885
v -0.093993 0.391962 -1.281583
v -0.015562 0.410792 -1.317349
v 0.069492 0.617633 -0.665679
v 0.057078 0.453082 -0.665437
v -0.167940 0.410792 -0.661062
v -0.242311 0.453363 -0.659615
v -0.280258 0.554730 -0.658878
v 0.080292 0.553457 -0.665889
v 0.010263 0.392425 -0.698768
v 0.014350 0.580039 -0.664606
v 0.019473 0.476542 -0.664706
v -0.180487 0.391480 -0.695059
v -0.207094 0.481161 -0.660300
v -0.237697 0.560732 -0.659705
v 0.036745 0.553803 -0.665042
v -0.083174 0.410792 -0.662710
v 0.041256 0.598836 -0.699371
v -0.240846 0.597544 -0.625403
v 0.057853 0.553630 -0.699693
v 0.038941 0.464812 -0.630843
v 0.011594 0.392425 -0.630311
v -0.080744 0.373132 -0.662757
v -0.225368 0.467262 -0.694186
v -0.224037 0.467262 -0.625730
v -0.260002 0.584925 -0.693513
v -0.258312 0.557731 -0.625063
v 0.037610 0.464812 -0.699300
v 0.056597 0.584484 -0.631187
v -0.082624 0.391962 -0.696962
v -0.179156 0.391480 -0.626602
v -0.096485 0.598200 -0.628210
v -0.242177 0.597544 -0.693859
v -0.213776 0.580039 -0.660170
v -0.269247 0.615049 -0.659092
v 0.042587 0.598836 -0.630914
v -0.097817 0.598200 -0.696666
v -0.097502 0.580039 -0.662431
v -0.096801 0.616361 -0.662445
v -0.258671 0.584925 -0.625056
v -0.259643 0.557731 -0.693520
v -0.233897 0.574986 -0.659779
v -0.284776 0.594865 -0.658790
v 0.059184 0.553630 -0.631237
v 0.055266 0.584484 -0.699643
v 0.031015 0.572676 -0.664930
v 0.080848 0.596292 -0.665899
v -0.191704 0.372168 -0.660600
v 0.024720 0.374058 -0.664808
v -0.081293 0.391962 -0.628505
v -0.002862 0.410792 -0.664272
v -0.275511 0.610673 -1.337975
v -0.294722 0.609944 -1.311921
v 0.050399 0.612933 -1.292951
v 0.065449 0.612336 -1.318924
v 0.024821 0.393847 -1.318134
v 0.061420 0.593340 -1.344527
v 0.040177 0.456014 -1.292752
v -0.224513 0.392414 -1.313286
v -0.095070 0.406084 -1.290122
v -0.184109 0.405964 -1.339752
v -0.251107 0.456838 -1.338450
v -0.250109 0.456838 -1.287107
v -0.288137 0.555480 -1.337730
v -0.287138 0.555480 -1.286387
v -0.282342 0.519355 -1.312161
v 0.039178 0.456014 -1.344094
v 0.062648 0.553501 -1.293189
v 0.061650 0.517655 -1.318850
v 0.008074 0.378650 -1.343490
v -0.200933 0.376996 -1.288064
v -0.153403 0.410792 -1.314669
v -0.233908 0.584415 -1.338784
v -0.237897 0.578776 -1.313026
v 0.009043 0.584738 -1.292147
v 0.009998 0.578198 -1.317846
v -0.006160 0.427229 -1.317532
v 0.024045 0.575628 -1.343800
v 0.011973 0.473610 -1.292204
v -0.196472 0.428384 -1.313831
v -0.093248 0.377839 -1.290158
v -0.201932 0.376996 -1.339406
v -0.224694 0.477686 -1.338963
v -0.223696 0.477686 -1.287621
v -0.256215 0.559981 -1.338350
v -0.255217 0.559981 -1.287008
v -0.240976 0.536239 -1.312966
v 0.010975 0.473610 -1.343546
v 0.029988 0.553760 -1.292554
v 0.018441 0.528732 -1.318010
v -0.012613 0.406200 -1.343087
v -0.183110 0.405964 -1.288410
v -0.161969 0.391626 -1.348743
v -0.266975 0.594360 -1.346701
v -0.265644 0.594360 -1.278245
v 0.037058 0.595267 -1.352613
v 0.038389 0.595267 -1.284157
v 0.008665 0.410538 -1.352061
v 0.009996 0.410538 -1.283605
v -0.211159 0.410399 -1.347787
v -0.209827 0.410399 -1.279330
v -0.262324 0.527797 -1.346792
v -0.260993 0.527797 -1.278335
v 0.039380 0.523194 -1.352659
v 0.040711 0.523194 -1.284202
v -0.160638 0.391626 -1.280287
v -0.169204 0.372461 -1.314361
v -0.110087 0.611821 -1.341192
v -0.274513 0.610673 -1.286633
v -0.110613 0.584579 -1.341182
v -0.232910 0.584415 -1.287442
v -0.209812 0.597737 -1.279330
v -0.211143 0.597737 -1.347787
v -0.191015 0.580039 -1.313937
v -0.229941 0.615435 -1.313180
v -0.109088 0.611821 -1.289850
v -0.109614 0.584579 -1.289839
v 0.049401 0.612933 -1.344293
v 0.008044 0.584738 -1.343489
v -0.009879 0.598658 -1.283218
v -0.011210 0.598658 -1.351675
v -0.030493 0.580039 -1.317059
v 0.009403 0.617277 -1.317834
v -0.291614 0.592380 -1.337662
v -0.290616 0.592380 -1.286320
v -0.253456 0.577471 -1.338404
v -0.252457 0.577471 -1.287062
v -0.272550 0.571847 -1.278111
v -0.273882 0.571847 -1.346567
v -0.251216 0.568896 -1.312767
v -0.295216 0.574797 -1.311911
v 0.061650 0.553501 -1.344531
v 0.062419 0.593340 -1.293185
v 0.028990 0.553760 -1.343896
v 0.025044 0.575628 -1.292458
v 0.046551 0.569576 -1.284316
v 0.045220 0.569576 -1.352772
v 0.023900 0.564277 -1.318116
v 0.067870 0.574875 -1.318971
v -0.011615 0.406200 -1.291745
v -0.094246 0.377839 -1.341500
v 0.009072 0.378650 -1.292147
v -0.096069 0.406084 -1.341465
v -0.029922 0.392293 -1.351311
v -0.019056 0.373794 -1.317281
v -0.028591 0.392293 -1.282854
v -0.039457 0.410792 -1.316884
v -0.262812 0.610673 -0.684898
v -0.282023 0.609944 -0.658843
v 0.063099 0.612934 -0.639873
v 0.078148 0.612336 -0.665847
v 0.037520 0.393847 -0.665057
v 0.074120 0.593340 -0.691449
v 0.052876 0.456015 -0.639675
v -0.211814 0.392414 -0.660208
v -0.082371 0.406084 -0.637045
v -0.171409 0.405964 -0.686675
v -0.238408 0.456838 -0.685372
v -0.237409 0.456838 -0.634030
v -0.275437 0.555480 -0.684652
v -0.274439 0.555480 -0.633310
v -0.269642 0.519355 -0.659084
v 0.051878 0.456015 -0.691017
v 0.075348 0.553501 -0.640112
v 0.074349 0.517655 -0.665773
v 0.020773 0.378650 -0.690412
v -0.188234 0.376996 -0.634986
v -0.140703 0.410792 -0.661591
v -0.221209 0.584415 -0.685707
v -0.225198 0.578776 -0.659948
v 0.021742 0.584738 -0.639069
v 0.022697 0.578198 -0.664769
v 0.006539 0.427229 -0.664454
v 0.036745 0.575628 -0.690723
v 0.024672 0.473610 -0.639126
v -0.183773 0.428384 -0.660754
v -0.080548 0.377839 -0.637080
v -0.189232 0.376996 -0.686328
v -0.211995 0.477686 -0.685886
v -0.210997 0.477686 -0.634543
v -0.243516 0.559982 -0.685273
v -0.242518 0.559982 -0.633931
v -0.228277 0.536239 -0.659888
v 0.023674 0.473610 -0.690468
v 0.042688 0.553760 -0.639476
v 0.031140 0.528732 -0.664933
v 0.000086 0.406200 -0.690010
v -0.170411 0.405964 -0.635333
v -0.149270 0.391626 -0.695666
v -0.254276 0.594360 -0.693624
v -0.252945 0.594360 -0.625167
v 0.049757 0.595267 -0.699536
v 0.051088 0.595267 -0.631079
v 0.021364 0.410538 -0.698984
v 0.022695 0.410538 -0.630527
v -0.198459 0.410399 -0.694709
v -0.197128 0.410399 -0.626253
v -0.249625 0.527797 -0.693714
v -0.248294 0.527797 -0.625258
v 0.052079 0.523194 -0.699581
v 0.053410 0.523194 -0.631125
v -0.147938 0.391626 -0.627209
v -0.156505 0.372461 -0.661284
v -0.097387 0.611821 -0.688114
v -0.261814 0.610673 -0.633555
v -0.097913 0.584579 -0.688104
v -0.220211 0.584415 -0.634364
v -0.197113 0.597737 -0.626253
v -0.198444 0.597737 -0.694710
v -0.178316 0.580039 -0.660860
v -0.217242 0.615435 -0.660103
v -0.096389 0.611821 -0.636772
v -0.096915 0.584579 -0.636762
v 0.062100 0.612934 -0.691216
v 0.020744 0.584738 -0.690412
v 0.002820 0.598658 -0.630141
v 0.001489 0.598658 -0.698597
v -0.017793 0.580039 -0.663981
v 0.022102 0.617277 -0.664757
v -0.278915 0.592380 -0.684585
v -0.277917 0.592380 -0.633242
v -0.240756 0.577471 -0.685327
v -0.239758 0.577471 -0.633984
v -0.259851 0.571847 -0.625033
v -0.261182 0.571847 -0.693490
v -0.238516 0.568896 -0.659689
v -0.282517 0.574797 -0.658834
v 0.074349 0.553501 -0.691454
v 0.075118 0.593340 -0.640107
v 0.041689 0.553760 -0.690819
v 0.037743 0.575628 -0.639380
v 0.059250 0.569576 -0.631238
v 0.057919 0.569576 -0.699695
v 0.036599 0.564277 -0.665039
v 0.080570 0.574875 -0.665894
v 0.001085 0.406200 -0.638667
v -0.081547 0.377839 -0.688422
v 0.021772 0.378650 -0.639070
v -0.083369 0.406084 -0.688387
v -0.017223 0.392293 -0.698234
v -0.006357 0.373794 -0.664204
v -0.015892 0.392293 -0.629777
v -0.026758 0.410792 -0.663807
v -0.288118 0.606048 -1.337730
v -0.287120 0.606048 -1.286388
v 0.058018 0.608069 -1.344461
v 0.059017 0.608069 -1.293118
v 0.020449 0.398020 -1.343730
v 0.021448 0.398020 -1.292388
v -0.221508 0.396910 -1.339025
v -0.220509 0.396910 -1.287683
v -0.277670 0.521465 -1.337933
v -0.276672 0.521465 -1.286591
v 0.055749 0.519040 -1.344417
v 0.056748 0.519040 -1.293074
v -0.154879 0.406000 -1.288959
v -0.155877 0.406000 -1.340302
v -0.245500 0.582672 -1.338559
v -0.244501 0.582672 -1.287216
v 0.016430 0.582466 -1.343652
v 0.017428 0.582466 -1.292310
v -0.002787 0.423057 -1.343278
v -0.001788 0.423057 -1.291936
v -0.200477 0.423888 -1.339434
v -0.199478 0.423888 -1.288092
v -0.246646 0.534128 -1.338536
v -0.245647 0.534128 -1.287194
v 0.023343 0.527348 -1.343786
v 0.024341 0.527348 -1.292444
v -0.166730 0.377252 -1.288729
v -0.167728 0.377252 -1.340071
v -0.225574 0.611011 -1.338946
v -0.224576 0.611011 -1.287604
v -0.196380 0.584464 -1.339514
v -0.195381 0.584464 -1.288172
v 0.004915 0.612622 -1.292066
v -0.025006 0.584694 -1.291484
v 0.003917 0.612622 -1.343409
v -0.026005 0.584694 -1.342827
v -0.290215 0.574060 -1.337689
v -0.289217 0.574060 -1.286347
v -0.257215 0.569634 -1.338331
v -0.256216 0.569634 -1.286988
v 0.061875 0.573550 -1.344536
v 0.062873 0.573550 -1.293193
v 0.028897 0.565601 -1.343894
v 0.029895 0.565601 -1.292552
v -0.036408 0.406167 -1.291263
v -0.022105 0.378418 -1.342903
v -0.021107 0.378418 -1.291560
v -0.037406 0.406167 -1.342605
v -0.275419 0.606048 -0.684653
v -0.274420 0.606048 -0.633310
v 0.070718 0.608069 -0.691383
v 0.071716 0.608069 -0.640041
v 0.033149 0.398020 -0.690653
v 0.034147 0.398020 -0.639310
v -0.208808 0.396911 -0.685948
v -0.207810 0.396911 -0.634605
v -0.264971 0.521465 -0.684856
v -0.263972 0.521465 -0.633513
v 0.068449 0.519040 -0.691339
v 0.069447 0.519040 -0.639997
v -0.142179 0.406000 -0.635882
v -0.143178 0.406000 -0.687224
v -0.232800 0.582672 -0.685481
v -0.231802 0.582672 -0.634139
v 0.029129 0.582466 -0.690575
v 0.030128 0.582466 -0.639232
v 0.009913 0.423057 -0.690201
v 0.010911 0.423057 -0.638859
v -0.187777 0.423888 -0.686357
v -0.186779 0.423888 -0.635014
v -0.233946 0.534128 -0.685459
v -0.232948 0.534128 -0.634117
v 0.036042 0.527348 -0.690709
v 0.037041 0.527348 -0.639367
v -0.154030 0.377252 -0.635651
v -0.155029 0.377252 -0.686994
v -0.212875 0.611011 -0.685869
v -0.211877 0.611011 -0.634526
v -0.183681 0.584464 -0.686436
v -0.182682 0.584464 -0.635094
v 0.017614 0.612622 -0.638989
v -0.012307 0.584694 -0.638407
v 0.016616 0.612622 -0.690331
v -0.013306 0.584694 -0.689749
v -0.277516 0.574060 -0.684612
v -0.276518 0.574060 -0.633269
v -0.244516 0.569634 -0.685253
v -0.243517 0.569634 -0.633911
v 0.074574 0.573550 -0.691458
v 0.075573 0.573550 -0.640116
v 0.041596 0.565602 -0.690817
v 0.042595 0.565602 -0.639475
v -0.023709 0.406167 -0.638185
v -0.009406 0.378418 -0.689825
v -0.008408 0.378418 -0.638483
v -0.024707 0.406167 -0.689528
v 0.098828 0.362201 -0.957473
v 0.090638 0.407375 -0.957314
v 0.163254 0.394619 -0.958726
v 0.136003 0.430127 -0.958196
v 0.097465 0.362201 -1.027582
v 0.089275 0.407375 -1.027423
v 0.161891 0.394619 -1.028835
v 0.134639 0.430127 -1.028305
v 0.158712 0.462489 -0.958638
v 0.199334 0.442686 -0.959428
v 0.197971 0.442686 -1.029536
v 0.157349 0.462489 -1.028746
v 0.170392 0.497295 -0.958865
v 0.210341 0.498688 -0.959642
v 0.208977 0.498688 -1.029750
v 0.169029 0.497295 -1.028973
v 0.179519 0.591739 -0.959042
v 0.214759 0.590945 -0.959728
v 0.213396 0.590945 -1.029836
v 0.178155 0.591739 -1.029151
v 0.141779 0.383813 -0.958309
v 0.120304 0.373007 -0.957891
v 0.105759 0.414959 -0.957608
v 0.120881 0.422543 -0.957902
v 0.118940 0.373007 -1.028000
v 0.140416 0.383813 -1.028417
v 0.119518 0.422543 -1.028011
v 0.104396 0.414959 -1.027717
v 0.142209 0.440915 -1.028452
v 0.149779 0.451702 -1.028599
v 0.151142 0.451702 -0.958491
v 0.143573 0.440915 -0.958344
v 0.187307 0.426663 -0.959194
v 0.175281 0.410641 -0.958960
v 0.173918 0.410641 -1.029069
v 0.185944 0.426663 -1.029302
v 0.204007 0.466459 -0.959519
v 0.207675 0.485126 -0.959590
v 0.206312 0.485126 -1.029698
v 0.202643 0.466459 -1.029627
v 0.162307 0.477265 -1.028843
v 0.166200 0.488867 -1.028919
v 0.167564 0.488867 -0.958810
v 0.163670 0.477265 -0.958734
v 0.174258 0.551405 -1.029075
v 0.175621 0.551405 -0.958967
v 0.212872 0.551545 -0.959691
v 0.211509 0.551545 -1.029800
v 0.173878 0.533368 -0.958933
v 0.172135 0.515332 -0.958899
v 0.212028 0.533926 -0.959675
v 0.211185 0.516307 -0.959658
v 0.170772 0.515332 -1.029007
v 0.172515 0.533368 -1.029041
v 0.209821 0.516307 -1.029767
v 0.210665 0.533926 -1.029783
v 0.127559 0.385770 -0.970828
v 0.116305 0.411391 -0.970609
v 0.126694 0.385770 -1.015354
v 0.115439 0.411391 -1.015135
v 0.132637 0.420056 -0.970251
v 0.147568 0.395801 -1.016436
v 0.148460 0.395801 -0.970559
v 0.131745 0.420056 -1.016128
v 0.145219 0.429167 -0.971925
v 0.163309 0.408984 -0.972276
v 0.144383 0.429167 -1.014945
v 0.162473 0.408984 -1.015297
v 0.153283 0.440598 -1.014187
v 0.154083 0.440598 -0.973029
v 0.174006 0.424362 -0.973416
v 0.173205 0.424362 -1.014574
v 0.159403 0.453803 -1.018486
v 0.186519 0.437968 -1.019013
v 0.160366 0.453803 -0.968970
v 0.187482 0.437968 -0.969498
v 0.195983 0.456264 -1.021745
v 0.165515 0.468185 -0.966523
v 0.197045 0.456264 -0.967136
v 0.164454 0.468185 -1.021132
v 0.199331 0.476931 -0.970406
v 0.198395 0.476931 -1.018566
v 0.170763 0.481927 -1.018029
v 0.171700 0.481927 -0.969869
v 0.203867 0.492053 -0.968227
v 0.172756 0.492935 -1.020335
v 0.202842 0.492053 -1.020920
v 0.173780 0.492935 -0.967642
v 0.175775 0.506453 -0.967267
v 0.205928 0.507357 -0.967854
v 0.174735 0.506454 -1.020787
v 0.204888 0.507357 -1.021373
v 0.177948 0.524452 -0.968319
v 0.206303 0.525015 -0.968870
v 0.176946 0.524452 -1.019821
v 0.205302 0.525015 -1.020372
v 0.251120 1.116040 -0.994877
v 0.243984 1.037906 -0.775918
v 0.172582 0.614977 -1.276162
v 0.230014 0.594674 -0.994467
v 0.169547 0.556440 -0.993291
v 0.195708 0.536527 -0.993800
v 0.210528 0.598363 -0.695344
v 0.281876 1.127653 -0.995475
v 0.265352 1.045117 -1.226302
v 0.163585 1.036822 -1.199668
v 0.178347 1.110554 -0.993462
v 0.114609 0.637719 -0.725343
v 0.101369 0.582479 -0.991965
v 0.042112 0.647535 -0.990813
v 0.100289 1.046637 -0.991944
v 0.171613 1.036822 -0.786838
v 0.132401 0.828025 -1.237500
v 0.230445 0.811390 -1.268651
v 0.274338 1.045117 -0.764181
v 0.295138 1.041428 -0.995733
v 0.235477 1.037906 -1.213394
v 0.212522 0.816644 -0.734573
v 0.183577 0.614977 -0.710752
v 0.198914 0.598363 -1.292606
v 0.104234 0.637719 -1.258901
v 0.069853 0.837840 -0.991352
v 0.141923 0.828025 -0.747823
v 0.241104 0.811390 -0.720507
v 0.261067 0.807701 -0.995071
v 0.202431 0.816644 -1.253484
v 0.219336 0.595596 -1.218317
v 0.275678 1.107019 -1.159486
v 0.297838 1.104252 -0.995786
v 0.282059 1.107019 -0.831347
v 0.292184 1.042350 -0.822315
v 0.202316 0.551986 -0.769870
v 0.216931 0.549220 -0.994212
v 0.251293 1.096506 -0.839502
v 0.193606 0.551986 -1.217817
v 0.245252 1.096506 -1.150141
v 0.167557 0.571074 -1.205361
v 0.175803 0.571074 -0.781304
v 0.176521 0.543349 -0.993427
v 0.191144 0.604361 -0.698950
v 0.261541 1.126594 -0.995080
v 0.245237 1.045158 -1.222829
v 0.099492 0.596289 -1.192088
v 0.114106 1.044184 -1.147083
v 0.125178 1.099483 -0.992428
v 0.062830 0.645081 -0.791056
v 0.052900 0.603651 -0.991023
v 0.172810 1.092121 -1.139979
v 0.178510 1.092121 -0.846840
v 0.107273 0.596289 -0.791920
v 0.152068 0.571062 -0.992951
v 0.165506 0.627126 -0.722350
v 0.230195 1.107018 -0.994470
v 0.215213 1.032185 -1.203754
v 0.285445 1.042350 -1.168905
v 0.258741 0.808623 -0.789394
v 0.254103 1.045158 -0.766869
v 0.210795 0.814547 -1.264613
v 0.083110 0.835386 -1.175309
v 0.120127 1.044184 -0.837460
v 0.223360 1.032185 -0.784763
v 0.183564 0.820272 -1.242150
v 0.087306 0.957572 -0.991692
v 0.158977 0.947756 -0.768738
v 0.150255 0.947756 -1.217263
v 0.250430 0.945417 -1.245998
v 0.260193 0.945417 -0.743920
v 0.280605 0.941729 -0.995451
v 0.221351 0.943523 -1.232039
v 0.230593 0.943523 -0.756737
v 0.250747 0.808623 -1.200501
v 0.221312 0.814547 -0.723778
v 0.090251 0.835386 -0.808051
v 0.193228 0.820272 -0.745165
v 0.228046 0.595596 -0.770370
v 0.179685 0.604361 -1.288249
v 0.055049 0.645081 -1.191224
v 0.154976 0.627126 -1.263870
v 0.195080 0.694663 -0.716790
v 0.211304 0.682537 -1.286705
v 0.115302 0.712916 -1.253629
v 0.053073 0.722731 -0.991026
v 0.125464 0.712916 -0.731041
v 0.222679 0.682537 -0.701722
v 0.242284 0.678849 -0.994705
v 0.184311 0.694663 -1.270575
v 0.210539 0.561960 -1.160057
v 0.288164 1.088921 -1.119911
v 0.216991 0.561960 -0.828245
v 0.292997 1.088921 -0.871378
v 0.174447 0.558602 -1.214457
v 0.255425 1.106235 -1.156904
v 0.261721 1.106235 -0.833140
v 0.183041 0.558602 -0.772483
v 0.150163 0.585078 -1.196061
v 0.064672 0.612484 -1.139518
v 0.134017 1.083238 -1.103654
v 0.138334 1.083238 -0.881630
v 0.070436 0.612484 -0.843097
v 0.224575 1.088310 -1.143174
v 0.230360 1.088310 -0.845660
v 0.158060 0.585078 -0.789921
v 0.270620 0.942651 -1.183607
v 0.277942 0.942651 -0.807048
v 0.240147 0.946788 -0.746878
v 0.230514 0.946788 -1.242262
v 0.100863 0.955118 -1.160216
v 0.107404 0.955118 -0.823822
v 0.210535 0.941790 -0.766392
v 0.201684 0.941790 -1.221612
v 0.231696 0.679771 -1.213951
v 0.203133 0.687413 -0.705243
v 0.073712 0.720277 -0.795383
v 0.176523 0.703445 -0.728133
v 0.240227 0.679771 -0.775214
v 0.191909 0.687413 -1.282427
v 0.066090 0.720277 -1.187324
v 0.166209 0.703445 -1.258520
v 0.118836 0.405339 -0.992305
v 0.045388 0.405339 -0.708065
v -0.248312 0.405339 -1.267977
v -0.247262 0.351009 -0.985186
v -0.446574 0.405339 -0.981310
v -0.462500 0.385096 -0.981001
v -0.241455 0.385096 -0.686555
v 0.134762 0.385096 -0.992615
v 0.045562 0.385096 -1.289624
v 0.023224 0.451591 -1.257325
v 0.102910 0.451591 -0.991995
v -0.233179 0.451591 -0.718580
v -0.430648 0.451591 -0.981620
v -0.238367 0.494644 -0.985359
v 0.028412 0.494643 -0.990547
v 0.033599 0.451591 -0.723768
v -0.243555 0.451591 -1.252138
v -0.253069 0.385096 -1.283817
v 0.057176 0.385096 -0.692362
v 0.051369 0.351009 -0.990993
v 0.034393 0.405339 -1.273475
v -0.237317 0.405339 -0.702568
v 0.057176 0.359531 -0.692362
v -0.253069 0.359531 -1.283817
v 0.045562 0.359531 -1.289624
v 0.134762 0.359531 -0.992615
v -0.241455 0.359531 -0.686555
v -0.462500 0.359531 -0.981001
v -0.251617 0.353139 -1.209159
v 0.109559 0.359531 -1.216183
v 0.113914 0.353139 -0.992209
v 0.118269 0.359531 -0.768236
v 0.055725 0.353139 -0.767020
v -0.404336 0.359531 -0.758074
v -0.408691 0.353139 -0.982047
v 0.103223 0.405339 -0.779892
v -0.413046 0.385096 -1.206020
v 0.094977 0.405339 -1.203950
v -0.399757 0.405339 -1.194330
v -0.391511 0.405339 -0.770272
v -0.458519 0.398678 -0.981078
v -0.240420 0.398678 -0.690558
v 0.130781 0.398678 -0.992537
v 0.042770 0.398678 -1.285587
v -0.386468 0.451591 -1.182639
v 0.024521 0.483880 -1.190631
v 0.084285 0.483880 -0.991633
v -0.234476 0.483880 -0.785275
v -0.382578 0.483880 -0.982555
v 0.080394 0.451591 -1.191717
v 0.088176 0.451591 -0.791549
v -0.378687 0.451591 -0.782471
v -0.434629 0.418502 -0.981543
v -0.234214 0.418502 -0.714577
v 0.106891 0.418502 -0.992073
v 0.026016 0.418502 -1.261363
v 0.047014 0.353139 -1.214967
v -0.242907 0.353139 -0.761213
v 0.054229 0.398678 -0.696288
v -0.251880 0.398678 -1.279857
v -0.242258 0.483880 -1.185443
v 0.032302 0.483880 -0.790463
v 0.036546 0.418502 -0.719842
v -0.244744 0.418502 -1.256098
v -0.075532 0.494643 -0.988525
v -0.070344 0.451591 -0.721747
v -0.080720 0.451591 -1.255304
v -0.070792 0.359531 -1.287362
v -0.059178 0.359531 -0.690099
v -0.064985 0.351009 -0.988730
v -0.075756 0.405339 -1.271333
v -0.064761 0.405339 -0.705923
v 0.109559 0.385096 -1.216183
v 0.118269 0.385096 -0.768236
v -0.404336 0.385096 -0.758074
v -0.413046 0.359531 -1.206020
v -0.070792 0.385096 -1.287362
v -0.059178 0.385096 -0.690099
v 0.057176 0.370183 -0.692362
v -0.253069 0.370183 -1.283817
v 0.045562 0.370183 -1.289624
v 0.134762 0.370183 -0.992615
v -0.241455 0.370183 -0.686555
v -0.462500 0.370183 -0.981001
v -0.370065 0.354796 -1.148767
v 0.094473 0.354796 -1.157800
v -0.363613 0.354796 -0.816955
v 0.100925 0.354796 -0.825988
v -0.409724 0.398678 -1.203098
v 0.105913 0.398678 -1.213125
v 0.114508 0.398678 -0.771150
v -0.401129 0.398678 -0.761123
v -0.389791 0.418502 -1.185562
v -0.348072 0.475509 -1.131492
v 0.066917 0.475509 -1.139562
v 0.072681 0.475509 -0.843141
v -0.342308 0.475509 -0.835071
v 0.084040 0.418502 -1.194775
v 0.091937 0.418502 -0.788635
v -0.381893 0.418502 -0.779421
v -0.069340 0.353139 -1.212704
v -0.060629 0.353139 -0.764757
v -0.060574 0.398678 -0.694055
v -0.072033 0.398678 -1.283355
v -0.079423 0.483880 -1.188609
v -0.071641 0.483880 -0.788441
v -0.068949 0.418502 -0.717791
v -0.079479 0.418502 -1.259311
v 0.109559 0.370183 -1.216183
v 0.118269 0.370183 -0.768236
v -0.404336 0.370183 -0.758074
v -0.413046 0.370183 -1.206020
v -0.070792 0.370183 -1.287362
v -0.059178 0.370183 -0.690099
vn 0.9569 -0.0000 0.2905
vn 0.6034 -0.0000 0.7974
vn 0.0194 -0.0000 0.9998
vn -0.5719 -0.0000 0.8203
vn -0.9449 -0.0000 0.3274
vn -0.9569 -0.0000 -0.2905
vn -0.6034 -0.0000 -0.7974
vn -0.0194 -0.0000 -0.9998
vn 0.1129 0.9823 0.1492
vn 0.5719 -0.0000 -0.8203
vn 0.9449 -0.0000 -0.3274
vn -0.0000 -1.0000 -0.0000
vn 0.1768 0.9823 -0.0613
vn 0.1070 0.9823 -0.1534
vn -0.0036 0.9823 -0.1870
vn -0.1129 0.9823 -0.1492
vn -0.1790 0.9823 -0.0543
vn -0.1768 0.9823 0.0613
vn -0.1070 0.9823 0.1534
vn 0.1790 0.9823 0.0543
vn 0.0036 0.9823 0.1870
vn -0.0000 1.0000 -0.0000
vn -0.0180 -0.0000 -0.9998
vn -0.0165 -0.0000 -0.9999
vn 0.9998 -0.0000 -0.0194
vn -0.9998 -0.0000 0.0194
vn -0.5769 0.8167 0.0112
vn 0.0061 1.0000 -0.0001
vn 0.0466 -0.9989 -0.0009
vn 0.0224 -0.0000 0.9997
vn 0.0195 -0.0000 0.9998
vn 0.0209 -0.0000 0.9998
vn -0.2199 0.9755 0.0043
vn 0.1878 -0.9822 -0.0037
vn 0.9509 -0.3090 -0.0185
vn 0.5877 -0.8090 -0.0114
vn -0.5877 -0.8090 0.0114
vn -0.9509 -0.3090 0.0185
vn -0.9509 0.3090 0.0185
vn -0.5877 0.8090 0.0114
vn 0.5877 0.8090 -0.0114
vn 0.9509 0.3090 -0.0185
vn -0.9368 0.3494 0.0182
vn -0.5348 0.8449 0.0104
vn 0.5348 0.8449 -0.0104
vn 0.9368 0.3494 -0.0182
vn 0.7687 -0.6394 -0.0149
vn -0.7687 -0.6394 0.0149
vn -0.9566 -0.0000 -0.2913
vn -0.9566 -0.0000 -0.2914
vn -0.9564 -0.0000 -0.2922
vn 0.2905 -0.0000 -0.9569
vn -0.2905 -0.0000 0.9569
vn -0.1676 0.8167 0.5521
vn 0.0018 1.0000 -0.0058
vn 0.0135 -0.9989 -0.0445
vn 0.9581 -0.0000 0.2866
vn 0.9569 -0.0000 0.2903
vn 0.9575 -0.0000 0.2886
vn -0.0639 0.9755 0.2105
vn 0.0546 -0.9822 -0.1797
vn 0.2763 -0.3090 -0.9101
vn 0.1707 -0.8090 -0.5624
vn -0.1707 -0.8090 0.5624
vn -0.2763 -0.3090 0.9101
vn -0.2763 0.3090 0.9101
vn -0.1707 0.8090 0.5624
vn 0.1707 0.8090 -0.5624
vn 0.2763 0.3090 -0.9101
vn -0.2722 0.3494 0.8966
vn -0.1554 0.8449 0.5118
vn 0.1554 0.8449 -0.5118
vn 0.2722 0.3494 -0.8966
vn 0.2233 -0.6394 -0.7357
vn -0.2233 -0.6394 0.7357
vn -0.5728 -0.0000 0.8197
vn -0.5729 -0.0000 0.8196
vn -0.5738 -0.0000 0.8190
vn -0.8203 -0.0000 -0.5719
vn 0.8203 -0.0000 0.5719
vn 0.4733 0.8167 0.3300
vn -0.0050 1.0000 -0.0035
vn -0.0381 -0.9989 -0.0266
vn 0.5690 -0.0000 -0.8224
vn 0.5718 -0.0000 -0.8204
vn 0.5705 -0.0000 -0.8213
vn 0.1804 0.9755 0.1258
vn -0.1541 -0.9822 -0.1074
vn -0.7801 -0.3090 -0.5440
vn -0.4822 -0.8090 -0.3362
vn 0.4822 -0.8090 0.3362
vn 0.7801 -0.3090 0.5440
vn 0.7801 0.3090 0.5440
vn 0.4822 0.8090 0.3362
vn -0.4822 0.8090 -0.3362
vn -0.7801 0.3090 -0.5440
vn 0.7686 0.3494 0.5359
vn 0.4387 0.8449 0.3059
vn -0.4387 0.8449 -0.3059
vn -0.7686 0.3494 -0.5359
vn -0.6307 -0.6394 -0.4397
vn 0.6307 -0.6394 0.4397
vn 0.6020 -0.0000 0.7985
vn 0.6033 -0.0000 0.7975
vn 0.6005 -0.0000 0.7996
vn -0.7974 -0.0000 0.6034
vn 0.7974 -0.0000 -0.6034
vn 0.4601 0.8167 -0.3482
vn -0.0048 1.0000 0.0037
vn -0.0371 -0.9989 0.0280
vn -0.6052 -0.0000 -0.7961
vn -0.6044 -0.0000 -0.7967
vn -0.6043 -0.0000 -0.7968
vn 0.1754 0.9755 -0.1327
vn -0.1498 -0.9822 0.1133
vn -0.7584 -0.3090 0.5739
vn -0.4687 -0.8090 0.3547
vn 0.4687 -0.8090 -0.3547
vn 0.7584 -0.3090 -0.5739
vn 0.7584 0.3090 -0.5739
vn 0.4687 0.8090 -0.3547
vn -0.4687 0.8090 0.3547
vn -0.7584 0.3090 0.5739
vn 0.7472 0.3494 -0.5654
vn 0.4265 0.8449 -0.3227
vn -0.4265 0.8449 0.3227
vn -0.7472 0.3494 0.5654
vn -0.6131 -0.6394 0.4639
vn 0.6131 -0.6394 -0.4639
vn 0.9455 -0.0000 -0.3256
vn 0.9449 -0.0000 -0.3273
vn 0.9462 -0.0000 -0.3236
vn 0.3274 -0.0000 0.9449
vn -0.3274 -0.0000 -0.9449
vn -0.1889 0.8167 -0.5452
vn 0.0020 1.0000 0.0057
vn 0.0152 -0.9989 0.0440
vn -0.9443 -0.0000 0.3292
vn -0.9446 -0.0000 0.3284
vn -0.9446 -0.0000 0.3283
vn -0.0720 0.9755 -0.2078
vn 0.9449 -0.0000 -0.3275
vn 0.0615 -0.9822 0.1775
vn 0.3275 -0.0000 0.9449
vn 0.3114 -0.3090 0.8986
vn 0.1925 -0.8090 0.5554
vn -0.1925 -0.8090 -0.5554
vn -0.3114 -0.3090 -0.8986
vn -0.3114 0.3090 -0.8986
vn -0.1925 0.8090 -0.5554
vn 0.1925 0.8090 0.5554
vn 0.3114 0.3090 0.8986
vn -0.3068 0.3494 -0.8853
vn -0.1751 0.8449 -0.5054
vn 0.1751 0.8449 0.5054
vn 0.3068 0.3494 0.8853
vn -0.9449 -0.0000 0.3275
vn 0.2518 -0.6394 0.7265
vn -0.2518 -0.6394 -0.7265
vn -0.0105 0.9841 -0.1774
vn -0.0105 0.9841 -0.1773
vn -0.0107 0.9844 -0.1755
vn -0.0036 0.9841 0.1777
vn -0.0038 0.9844 0.1759
vn -0.0036 0.9841 0.1776
vn 0.4926 0.8285 0.2663
vn 0.4819 0.8285 -0.2853
vn 0.9414 -0.2508 -0.2255
vn 0.9495 -0.2508 0.1887
vn 0.9355 -0.3044 0.1796
vn 0.9278 -0.3044 -0.2158
vn -0.0042 0.9829 -0.1840
vn -0.0042 0.9831 -0.1829
vn -0.0042 0.9831 -0.1830
vn 0.7199 0.6567 -0.2246
vn 0.7281 0.6567 0.1965
vn 0.0029 0.9829 0.1840
vn 0.0029 0.9831 0.1830
vn 0.0029 0.9831 0.1829
vn -0.9078 -0.3730 -0.1915
vn -0.8806 -0.4360 -0.1856
vn -0.8727 -0.4360 0.2197
vn -0.8997 -0.3730 0.2266
vn -0.9765 -0.1092 -0.1861
vn -0.9399 -0.2845 -0.1889
vn -0.9318 -0.2845 0.2253
vn -0.9685 -0.1092 0.2239
vn 0.9738 -0.0119 -0.2271
vn 0.9819 -0.0119 0.1890
vn 0.9683 -0.1626 0.1894
vn 0.9602 -0.1626 -0.2269
vn 0.3769 -0.2470 -0.8927
vn -0.0132 -0.5248 -0.8511
vn -0.0132 -0.5213 -0.8532
vn -0.0132 -0.5243 -0.8514
vn -0.0182 0.5256 -0.8505
vn -0.0183 0.5217 -0.8529
vn -0.0182 0.5251 -0.8509
vn -0.4184 0.2402 -0.8759
vn -0.0028 -0.9838 -0.1790
vn -0.0028 -0.9839 -0.1789
vn -0.0027 -0.9843 -0.1763
vn -0.2368 -0.9456 -0.2231
vn -0.2279 -0.9456 0.2322
vn 0.0041 -0.9838 0.1790
vn 0.0041 -0.9843 0.1763
vn 0.0041 -0.9839 0.1789
vn -0.9581 0.2166 -0.1874
vn -0.9588 0.2127 -0.1882
vn -0.9588 0.2128 -0.1882
vn -0.9514 0.2534 -0.1749
vn -0.9439 0.2534 0.2117
vn -0.9501 0.2166 0.2245
vn -0.9508 0.2128 0.2253
vn -0.9508 0.2127 0.2253
vn -0.0136 -0.5114 -0.8593
vn -0.0135 -0.5117 -0.8590
vn -0.0133 -0.5149 -0.8571
vn -0.3450 -0.3170 -0.8835
vn 0.3172 0.3118 -0.8956
vn -0.0183 0.5108 -0.8595
vn -0.0183 0.5112 -0.8592
vn -0.0184 0.5147 -0.8572
vn 0.9079 0.3529 -0.2261
vn 0.9096 0.3491 -0.2251
vn 0.9160 0.3529 0.1907
vn 0.9177 0.3491 0.1896
vn 0.8985 0.3992 0.1823
vn 0.8908 0.3992 -0.2171
vn 0.9695 0.0994 -0.2241
vn 0.9775 0.0994 0.1863
vn 0.9193 0.3454 0.1885
vn 0.9113 0.3454 -0.2241
vn -0.9818 -0.0105 -0.1896
vn -0.9595 0.2089 -0.1890
vn -0.9514 0.2089 0.2262
vn -0.9737 -0.0105 0.2276
vn -0.0042 0.9836 -0.1803
vn -0.0041 0.9841 -0.1778
vn -0.0041 0.9841 -0.1777
vn 0.0028 0.9836 0.1803
vn 0.0028 0.9841 0.1777
vn 0.0028 0.9841 0.1778
vn -0.0196 0.5235 -0.8518
vn -0.0196 0.5245 -0.8512
vn -0.0196 0.5276 -0.8493
vn 0.1472 0.3354 -0.9305
vn -0.1492 -0.3800 -0.9129
vn -0.0150 -0.5222 -0.8527
vn -0.0150 -0.5232 -0.8521
vn -0.0149 -0.5269 -0.8498
vn 0.0133 0.5411 0.8409
vn 0.0133 0.5401 0.8415
vn 0.0133 0.5367 0.8436
vn -0.1107 0.4062 0.9071
vn 0.1113 -0.4522 0.8850
vn 0.0179 -0.5425 0.8399
vn 0.0180 -0.5414 0.8406
vn 0.0180 -0.5375 0.8431
vn 0.4454 -0.0037 -0.8953
vn 0.4382 -0.0820 -0.8951
vn -0.4713 0.0913 -0.8772
vn -0.4795 -0.0004 -0.8775
vn 0.4795 -0.1441 0.8656
vn 0.4678 -0.1152 0.8763
vn -0.4360 0.1085 0.8934
vn -0.4523 0.1344 0.8817
vn 0.0199 -0.5248 0.8510
vn 0.0199 -0.5244 0.8513
vn 0.0200 -0.5213 0.8531
vn 0.4114 -0.2470 0.8774
vn -0.3840 0.2402 0.8915
vn 0.0149 0.5256 0.8506
vn 0.0149 0.5251 0.8509
vn 0.0149 0.5217 0.8530
vn 0.0048 -0.9836 -0.1806
vn 0.0047 -0.9839 -0.1786
vn 0.0047 -0.9839 -0.1785
vn 0.0118 -0.9836 0.1802
vn 0.0116 -0.9839 0.1782
vn 0.0116 -0.9839 0.1783
vn 0.0116 -0.9832 0.1823
vn 0.0116 -0.9832 0.1824
vn 0.0045 -0.9832 -0.1827
vn 0.0045 -0.9832 -0.1826
vn -0.4440 -0.2066 -0.8719
vn -0.4446 -0.1736 -0.8787
vn 0.4122 0.1697 -0.8951
vn 0.4155 0.1999 -0.8873
vn -0.4101 -0.1736 0.8954
vn -0.4097 -0.2066 0.8885
vn 0.4497 0.1999 0.8705
vn 0.4467 0.1697 0.8784
vn -0.4516 -0.0030 -0.8922
vn -0.3508 0.1328 -0.9270
vn 0.2544 -0.2547 -0.9330
vn 0.3922 -0.0968 -0.9148
vn -0.4484 -0.0515 0.8923
vn -0.4255 -0.1419 0.8938
vn 0.4563 0.1542 0.8763
vn 0.4828 0.0498 0.8743
vn 0.4334 -0.1152 -0.8938
vn 0.4455 -0.1441 -0.8836
vn -0.4862 0.1344 -0.8634
vn -0.4704 0.1085 -0.8758
vn 0.4434 0.0382 0.8955
vn 0.3575 0.1186 0.9263
vn -0.2691 -0.2140 0.9390
vn -0.3809 -0.1200 0.9168
vn -0.0132 -0.5180 -0.8553
vn -0.0132 -0.5182 -0.8552
vn -0.0184 0.5153 -0.8568
vn -0.0183 0.5211 -0.8533
vn -0.3104 -0.3170 0.8962
vn 0.0199 -0.5114 0.8591
vn 0.0200 -0.5150 0.8570
vn 0.0199 -0.5118 0.8589
vn 0.0151 0.5108 0.8596
vn 0.0150 0.5147 0.8572
vn 0.0151 0.5112 0.8593
vn 0.3517 0.3118 0.8826
vn 0.0133 0.5322 0.8465
vn 0.0135 0.5245 0.8513
vn 0.0134 0.5276 0.8494
vn 0.0133 0.5321 0.8466
vn 0.0181 -0.5321 0.8465
vn 0.0181 -0.5322 0.8464
vn 0.0182 -0.5232 0.8520
vn 0.0182 -0.5269 0.8497
vn -0.1459 0.4062 -0.9021
vn -0.0194 0.5411 -0.8407
vn -0.0195 0.5367 -0.8435
vn -0.0194 0.5401 -0.8414
vn -0.0147 -0.5425 -0.8399
vn -0.0147 -0.5374 -0.8432
vn -0.0147 -0.5414 -0.8407
vn 0.0768 -0.4522 -0.8886
vn 0.1234 -0.9732 -0.1940
vn -0.0026 -0.9856 -0.1690
vn -0.0027 -0.9851 -0.1719
vn -0.0026 -0.9856 -0.1692
vn 0.0039 -0.9856 0.1690
vn 0.0039 -0.9856 0.1692
vn 0.0040 -0.9851 0.1718
vn 0.1308 -0.9732 0.1890
vn -0.3519 0.9063 -0.2341
vn -0.3425 0.9063 0.2476
vn -0.0037 0.9853 0.1706
vn -0.0037 0.9853 0.1707
vn -0.0039 0.9850 0.1726
vn -0.0103 0.9853 -0.1703
vn -0.0106 0.9850 -0.1723
vn -0.0103 0.9853 -0.1705
vn 0.1832 0.3354 0.9241
vn 0.0136 0.5235 0.8519
vn 0.0182 -0.5222 0.8526
vn -0.1136 -0.3800 0.9180
vn -0.0196 0.5322 -0.8464
vn -0.0196 0.5321 -0.8465
vn -0.0148 -0.5321 -0.8466
vn -0.0148 -0.5322 -0.8465
vn -0.0027 -0.9847 -0.1741
vn 0.0041 -0.9847 0.1741
vn -0.0106 0.9847 -0.1739
vn -0.0039 0.9847 0.1742
vn -0.3145 0.1328 0.9399
vn -0.4165 -0.0030 0.9091
vn 0.4275 -0.0968 0.8988
vn 0.2904 -0.2547 0.9224
vn -0.4599 -0.1419 -0.8766
vn -0.4828 -0.0515 -0.8742
vn 0.4485 0.0498 -0.8924
vn 0.4219 0.1542 -0.8934
vn 0.4580 -0.8569 -0.2367
vn 0.4668 -0.8569 0.2187
vn 0.8392 -0.5024 0.2081
vn 0.8305 -0.5024 -0.2406
vn -0.9454 0.2044 -0.2536
vn -0.9755 -0.0926 -0.1997
vn -0.9670 -0.0926 0.2374
vn -0.9349 0.2044 0.2902
vn 0.4727 -0.0820 0.8774
vn 0.4799 -0.0037 0.8773
vn -0.4450 -0.0004 0.8955
vn -0.4369 0.0913 0.8949
vn 0.3212 0.1186 -0.9395
vn 0.4082 0.0382 -0.9121
vn -0.4162 -0.1200 -0.9013
vn -0.3054 -0.2140 -0.9279
vn -0.5968 -0.7632 -0.2475
vn -0.8505 -0.4793 -0.2167
vn -0.8414 -0.4793 0.2496
vn -0.5868 -0.7632 0.2705
vn 0.9395 0.1874 -0.2869
vn 0.9499 0.1874 0.2501
vn 0.9790 0.0042 0.2040
vn 0.9703 0.0042 -0.2419
vn 0.0042 -0.9830 -0.1835
vn 0.0113 -0.9830 0.1832
vn -0.6908 -0.6869 0.2259
vn -0.6990 -0.6869 -0.1988
vn 0.8186 -0.5291 -0.2236
vn 0.8267 -0.5291 0.1916
vn 0.0114 -0.9841 0.1774
vn 0.0045 -0.9841 -0.1777
vn 0.0200 -0.5180 0.8551
vn 0.0200 -0.5182 0.8550
vn 0.0150 0.5153 0.8569
vn 0.0149 0.5211 0.8534
vn -0.8514 0.4896 -0.1879
vn -0.0041 0.9843 -0.1767
vn 0.0028 0.9843 0.1767
vn -0.8435 0.4896 0.2209
vn -0.0132 -0.5244 -0.8514
vn -0.0028 -0.9839 -0.1788
vn -0.0027 -0.9843 -0.1764
vn -0.0133 -0.5150 -0.8571
vn -0.0183 0.5112 -0.8593
vn -0.0196 0.5244 -0.8512
vn 0.0180 -0.5374 0.8431
vn 0.0199 -0.5243 0.8513
vn 0.0200 -0.5214 0.8531
vn 0.0149 0.5218 0.8530
vn 0.0199 -0.5117 0.8589
vn 0.0151 0.5112 0.8594
vn 0.0135 0.5244 0.8513
vn -0.0027 -0.9851 -0.1718
vn -0.3425 0.9063 0.2477
vn 0.6191 0.4552 -0.6400
vn 0.9778 0.2087 -0.0190
vn 0.9838 0.1784 -0.0191
vn -0.4493 0.8933 0.0087
vn 0.4482 -0.8939 -0.0087
vn -0.7247 0.6889 0.0141
vn 0.3518 0.6919 -0.6305
vn 0.3760 0.6919 0.6163
vn -0.3752 0.9269 0.0073
vn 0.9952 -0.0962 -0.0194
vn 0.7746 0.6323 -0.0151
vn -0.0165 0.8461 -0.5328
vn 0.0042 0.8461 0.5331
vn -0.0225 -0.9997 0.0004
vn -0.9987 0.0478 0.0194
vn -0.2030 -0.9792 0.0039
vn -0.3137 -0.9495 0.0061
vn -0.8660 0.4998 0.0168
vn -0.8618 0.5069 0.0168
vn -0.6383 -0.3797 0.6696
vn -0.7185 -0.2791 0.6371
vn 0.6861 0.3490 -0.6384
vn -0.1401 0.9901 0.0027
vn -0.1740 0.9847 0.0034
vn 0.6188 0.6011 0.5057
vn 0.5237 0.6987 0.4874
vn 0.5987 0.6011 -0.5294
vn 0.5043 0.6987 -0.5074
vn 0.9868 0.1605 -0.0192
vn 0.9602 0.2787 -0.0187
vn 0.2010 0.5873 0.7840
vn 0.1157 0.8103 0.5745
vn 0.1703 0.5873 -0.7913
vn 0.0932 0.8103 -0.5786
vn 0.9765 0.2147 -0.0190
vn 0.8471 0.5312 -0.0165
vn -0.8313 0.5556 0.0162
vn -0.7097 0.7044 0.0138
vn 0.9191 0.3937 -0.0179
vn 0.9025 0.4304 -0.0175
vn -0.0327 0.6819 -0.7307
vn -0.0256 0.7225 -0.6909
vn -0.0043 0.6819 0.7315
vn 0.0013 0.7225 0.6914
vn -0.8688 0.4948 0.0169
vn -0.8489 0.5283 0.0165
vn -0.7427 -0.2791 -0.6087
vn 0.7104 0.3490 0.6112
vn 0.1387 0.9903 -0.0027
vn 0.9321 -0.3618 -0.0181
vn 0.6435 0.4552 0.6154
vn 0.0809 0.9967 -0.0016
vn 0.9547 -0.2968 -0.0186
vn -0.6639 -0.3797 -0.6443
vn -0.1007 -0.9949 0.0020
vn -0.6768 -0.5431 -0.4969
vn -0.6570 -0.5431 0.5229
vn -0.9996 0.0221 0.0194
vn -0.0293 -0.9996 0.0006
vn -0.5908 -0.6454 -0.4841
vn -0.5715 -0.6454 0.5067
vn -0.9972 -0.0722 0.0194
vn -0.9993 0.0331 0.0194
vn -0.4103 -0.6544 0.6351
vn -0.4347 -0.6544 -0.6187
vn 0.2175 -0.9760 -0.0042
vn -0.9876 -0.1556 0.0192
vn 0.6335 -0.7737 -0.0123
vn -0.2650 -0.5682 -0.7790
vn -0.2345 -0.5682 0.7888
vn -0.9198 -0.3920 0.0179
vn 0.4922 -0.8704 -0.0096
vn -0.1958 -0.7940 -0.5755
vn -0.1733 -0.7940 0.5827
vn -0.0448 -0.8404 0.5402
vn -0.0658 -0.8404 -0.5380
vn 0.5371 -0.8434 -0.0104
vn -0.8850 -0.4652 0.0172
vn -0.8977 -0.4403 0.0175
vn 0.0365 -0.6820 0.7305
vn 0.0081 -0.6820 -0.7313
vn 0.8552 -0.5180 -0.0166
vn -0.8798 -0.4751 0.0171
vn 0.0299 -0.7226 0.6906
vn 0.0030 -0.7226 -0.6913
vn 0.8355 -0.5493 -0.0162
vn -0.7079 0.7007 0.0889
vn -0.7108 0.7007 -0.0613
vn -0.3956 0.9130 -0.0999
vn -0.3914 0.9130 0.1152
vn -0.7358 0.2336 0.6357
vn -0.7435 0.5322 0.4050
vn -0.4392 0.6852 0.5810
vn -0.4379 0.2383 0.8669
vn -0.7847 0.1575 -0.5995
vn -0.9129 -0.3147 -0.2600
vn -0.6948 -0.5881 -0.4140
vn -0.5035 0.1339 -0.8536
vn 0.9885 -0.1434 -0.0480
vn 0.9885 -0.1431 -0.0486
vn 0.9885 -0.1430 -0.0487
vn 0.9896 -0.1434 0.0096
vn 0.9897 -0.1430 0.0102
vn 0.9897 -0.1431 0.0102
vn 0.9532 -0.3020 0.0152
vn 0.9519 -0.3020 -0.0523
vn -0.8824 -0.4699 -0.0241
vn -0.8808 -0.4699 0.0584
vn -0.6392 -0.7657 0.0717
vn -0.6415 -0.7657 -0.0468
vn 0.5886 -0.8070 0.0483
vn -0.3328 -0.9400 0.0747
vn -0.3355 -0.9400 -0.0617
vn 0.5863 -0.8070 -0.0711
vn 0.9647 -0.1239 0.2324
vn -0.1531 0.0966 0.9835
vn -0.3392 -0.7815 0.5237
vn 0.8484 -0.4985 0.1778
vn 0.8649 0.4900 -0.1088
vn -0.0540 0.9910 -0.1226
vn -0.0492 0.9910 0.1246
vn 0.8685 0.4900 0.0751
vn 0.9432 -0.0853 -0.3211
vn -0.1657 0.2149 -0.9625
vn -0.1134 0.7375 -0.6657
vn 0.9432 0.1829 -0.2775
vn -0.0592 0.2020 -0.9776
vn -0.7092 0.2213 -0.6693
vn -0.5122 0.7008 -0.4965
vn 0.0119 0.7326 -0.6806
vn 0.0650 0.9898 -0.1270
vn -0.2611 0.9562 -0.1320
vn -0.2558 0.9562 0.1421
vn 0.0699 0.9898 0.1244
vn -0.0416 0.0815 0.9958
vn -0.7648 0.1523 0.6260
vn -0.6779 -0.6244 0.3881
vn -0.2023 -0.8213 0.5334
vn -0.2177 -0.9732 0.0736
vn -0.4426 -0.8924 0.0879
vn -0.4457 -0.8924 -0.0706
vn -0.2204 -0.9732 -0.0651
vn -0.9837 0.1460 0.1047
vn -0.9834 0.1471 0.1064
vn -0.9834 0.1472 0.1065
vn -0.9870 0.1460 -0.0664
vn -0.9867 0.1472 -0.0682
vn -0.9868 0.1471 -0.0681
vn -0.9503 -0.3027 -0.0728
vn -0.9468 -0.3027 0.1097
vn -0.8681 0.4758 0.1415
vn -0.8729 0.4758 -0.1077
vn -0.9848 0.1512 -0.0856
vn -0.9848 0.1511 -0.0852
vn -0.9853 0.1504 -0.0813
vn -0.9807 0.1512 0.1238
vn -0.9814 0.1504 0.1196
vn -0.9808 0.1511 0.1234
vn 0.0384 0.7326 0.6796
vn -0.4925 0.7008 0.5161
vn -0.6827 0.2213 0.6964
vn -0.0212 0.2020 0.9792
vn -0.0672 0.1482 -0.9867
vn -0.7688 0.1886 -0.6110
vn -0.7415 0.2045 -0.6390
vn -0.0627 0.1754 -0.9825
vn 0.9541 -0.1072 -0.2797
vn -0.1736 0.1619 -0.9714
vn -0.1685 0.1886 -0.9675
vn 0.9494 -0.0971 -0.2986
vn 0.9532 0.1829 0.2406
vn -0.0875 0.7375 0.6696
vn -0.1282 0.2149 0.9682
vn 0.9550 -0.0853 0.2842
vn 0.9977 -0.0208 -0.0640
vn 0.9995 -0.0208 0.0252
vn 0.9898 -0.1416 0.0161
vn 0.9898 -0.1416 0.0159
vn 0.9898 -0.1419 0.0146
vn 0.9884 -0.1416 -0.0546
vn 0.9885 -0.1419 -0.0531
vn 0.9884 -0.1416 -0.0544
vn -0.7587 0.5322 -0.3758
vn -0.7600 0.2336 -0.6066
vn -0.4712 0.2383 -0.8492
vn -0.4615 0.6852 -0.5635
vn -0.7406 0.1994 0.6417
vn -0.7360 0.2169 0.6414
vn -0.4386 0.2149 0.8726
vn -0.4445 0.1911 0.8752
vn -0.9021 -0.3147 0.2953
vn -0.7608 0.1575 0.6295
vn -0.4699 0.1339 0.8725
vn -0.6782 -0.5881 0.4407
vn 0.8409 -0.4985 -0.2107
vn -0.3593 -0.7815 -0.5101
vn -0.1912 0.0966 -0.9768
vn 0.9549 -0.1239 -0.2697
vn -0.2229 -0.8213 -0.5251
vn -0.6925 -0.6244 -0.3615
vn -0.7885 0.1523 -0.5958
vn -0.0803 0.0815 -0.9934
vn -0.9825 0.1490 0.1119
vn -0.9820 0.1496 0.1150
vn -0.9861 0.1490 -0.0736
vn -0.9858 0.1496 -0.0768
vn -0.0245 0.1754 0.9842
vn -0.7161 0.2045 0.6673
vn -0.7445 0.1886 0.6404
vn -0.0288 0.1482 0.9885
vn 0.9603 -0.0971 0.2615
vn -0.1307 0.1886 0.9733
vn -0.1357 0.1619 0.9774
vn 0.9642 -0.1072 0.2424
vn 0.9885 -0.1424 -0.0505
vn 0.9885 -0.1424 -0.0504
vn 0.9897 -0.1424 0.0120
vn 0.9897 -0.1424 0.0119
vn -0.7603 0.2169 -0.6123
vn -0.7649 0.1994 -0.6124
vn -0.4782 0.1911 -0.8572
vn -0.4722 0.2149 -0.8549
vn 0.4872 0.8725 0.0358
vn 0.4855 0.8725 -0.0547
vn 0.7373 0.6705 -0.0831
vn 0.7399 0.6705 0.0544
vn 0.0095 0.8734 0.4869
vn 0.3294 0.9062 0.2652
vn 0.5281 0.7351 0.4252
vn 0.0144 0.6721 0.7403
vn -0.0095 0.8734 -0.4869
vn -0.2090 0.8784 -0.4298
vn -0.3202 0.6811 -0.6585
vn -0.0144 0.6721 -0.7403
vn -0.0002 -1.0000 -0.0095
vn 0.0002 -1.0000 0.0095
vn -0.0156 -0.9998 0.0117
vn -0.0160 -0.9998 -0.0111
vn -0.4858 0.8675 -0.1068
vn -0.4813 0.8675 0.1256
vn -0.7255 0.6617 0.1893
vn -0.7323 0.6617 -0.1609
vn -0.9676 -0.0000 0.2525
vn -0.9305 0.2742 0.2428
vn -0.9393 0.2742 -0.2064
vn -0.9767 -0.0000 -0.2147
vn 0.0187 0.2814 0.9594
vn -0.3850 0.2878 0.8769
vn -0.4020 -0.0000 0.9156
vn 0.9937 -0.0000 -0.1120
vn 0.9539 0.2802 -0.1075
vn 0.9573 0.2802 0.0704
vn 0.9973 -0.0000 0.0733
vn -0.0187 0.2814 -0.9594
vn 0.7115 0.3306 -0.6200
vn 0.7539 -0.0000 -0.6570
vn -0.0193 0.1195 -0.9926
vn -0.0085 0.9001 -0.4356
vn 0.4658 0.8174 -0.3388
vn 0.7463 0.1423 -0.6503
vn 0.9866 0.1190 -0.1112
vn 0.8168 0.5668 -0.1074
vn 0.8204 0.5668 0.0755
vn 0.9902 0.1190 0.0728
vn 0.0193 0.1195 0.9926
vn 0.0085 0.9001 0.4356
vn -0.1961 0.9080 0.3702
vn -0.3990 0.1224 0.9087
vn -0.9610 0.1162 0.2508
vn -0.4808 0.8641 0.1488
vn -0.4862 0.8641 -0.1300
vn -0.9701 0.1162 -0.2132
vn 0.0010 0.9986 0.0537
vn -0.0010 0.9986 -0.0537
vn -0.0902 0.9940 -0.0624
vn -0.0877 0.9940 0.0659
vn 0.2259 0.9724 0.0584
vn 0.2235 0.9724 -0.0671
vn 0.7710 0.1423 0.6208
vn 0.4786 0.8174 0.3205
vn -0.4340 0.1224 -0.8925
vn -0.2104 0.9080 -0.3623
vn -0.4373 -0.0000 -0.8993
vn -0.4188 0.2878 -0.8613
vn 0.7789 -0.0000 0.6272
vn 0.7351 0.3306 0.5919
vn 0.0406 -0.9991 -0.0122
vn 0.0410 -0.9991 0.0106
vn 0.3188 0.9062 -0.2778
vn 0.5111 0.7351 -0.4454
vn -0.1921 0.8784 0.4376
vn -0.2944 0.6811 0.6704
vn 0.1027 -0.9923 0.0688
vn 0.0017 -0.9964 0.0853
vn -0.0408 -0.9967 -0.0703
vn -0.0017 -0.9964 -0.0853
vn 0.1000 -0.9923 -0.0727
vn 0.2468 -0.9685 -0.0324
vn 0.2479 -0.9685 0.0228
vn -0.0381 -0.9967 0.0718
vn -0.0979 -0.9947 0.0303
vn -0.0990 -0.9947 -0.0265
s 1
usemtl Grey
f 1//1 2//1 4//1 3//1
f 3//2 4//2 6//2 5//2
f 5//3 6//3 8//3 7//3
f 7//4 8//4 10//4 9//4
f 9//5 10//5 12//5 11//5
f 11//6 12//6 14//6 13//6
f 13//7 14//7 16//7 15//7
f 15//8 16//8 18//8 17//8
f 6//9 4//9 21//9 23//9
f 17//10 18//10 20//10 19//10
f 19//11 20//11 2//11 1//11
f 1//12 3//12 5//12 7//12 9//12 11//12 13//12 15//12 17//12 19//12
f 22//11 30//11 40//11 32//11
f 2//13 20//13 30//13 22//13
f 20//14 18//14 29//14 30//14
f 18//15 16//15 28//15 29//15
f 16//16 14//16 27//16 28//16
f 14//17 12//17 26//17 27//17
f 12//18 10//18 25//18 26//18
f 10//19 8//19 24//19 25//19
f 4//20 2//20 22//20 21//20
f 8//21 6//21 23//21 24//21
f 31//22 32//22 40//22 39//22 38//22 37//22 36//22 35//22 34//22 33//22
f 28//7 27//7 37//7 38//7
f 25//4 24//4 34//4 35//4
f 21//1 22//1 32//1 31//1
f 29//8 28//8 38//8 39//8
f 26//5 25//5 35//5 36//5
f 23//2 21//2 31//2 33//2
f 30//10 29//10 39//10 40//10
f 27//6 26//6 36//6 37//6
f 24//3 23//3 33//3 34//3
f 49//23 50//8 44//24 43//24
f 43//25 44//25 48//25 47//25
f 60//3 58//3 46//3 45//3
f 45//26 46//26 42//26 41//26
f 41//8 57//8 61//8 62//8
f 58//27 59//27 42//27 46//27
f 48//28 44//28 50//28 52//28
f 43//29 47//29 51//29 49//29
f 47//30 48//30 52//31 51//32
f 53//8 55//8 50//8 49//23
f 57//8 59//8 55//8 53//8
f 52//33 50//33 55//33 54//33
f 49//12 51//12 56//12 53//12
f 51//32 52//31 54//3 56//3
f 41//8 42//8 59//8 57//8
f 54//27 55//27 59//27 58//27
f 53//34 56//34 60//34 57//34
f 56//3 54//3 58//3 60//3
f 61//12 64//12 63//12 62//12
f 60//3 45//3 63//3 64//3
f 57//25 60//25 64//25 61//25
f 45//26 41//26 62//26 63//26
f 87//35 89//35 90//35 88//35
f 89//36 91//36 92//36 90//36
f 91//12 93//12 94//12 92//12
f 93//37 95//37 96//37 94//37
f 95//38 85//38 86//38 96//38
f 100//43 99//43 102//43 101//43
f 101//44 102//44 104//44 103//44
f 103//22 104//22 106//22 105//22
f 105//45 106//45 108//45 107//45
f 107//46 108//46 98//46 97//46
f 88//3 90//3 102//3 99//3
f 86//47 85//47 97//47 98//47
f 85//8 95//8 107//8 97//8
f 95//8 93//8 105//8 107//8
f 87//48 88//48 99//48 100//48
f 93//8 91//8 103//8 105//8
f 96//3 86//3 98//3 108//3
f 91//8 89//8 101//8 103//8
f 94//3 96//3 108//3 106//3
f 89//8 87//8 100//8 101//8
f 92//3 94//3 106//3 104//3
f 90//3 92//3 104//3 102//3
f 117//49 118//50 112//51 111//51
f 111//52 112//52 116//52 115//52
f 128//1 126//1 114//1 113//1
f 113//53 114//53 110//53 109//53
f 109//6 125//6 129//6 130//6
f 126//54 127//54 110//54 114//54
f 116//55 112//55 118//55 120//55
f 111//56 115//56 119//56 117//56
f 115//57 116//57 120//58 119//59
f 121//6 123//6 118//50 117//49
f 125//6 127//6 123//6 121//6
f 120//60 118//60 123//60 122//60
f 117//12 119//12 124//12 121//12
f 119//59 120//58 122//1 124//1
f 109//6 110//6 127//6 125//6
f 122//54 123//54 127//54 126//54
f 121//61 124//61 128//61 125//61
f 124//1 122//1 126//1 128//1
f 129//12 132//12 131//12 130//12
f 128//1 113//1 131//1 132//1
f 125//52 128//52 132//52 129//52
f 113//53 109//53 130//53 131//53
f 155//62 157//62 158//62 156//62
f 157//63 159//63 160//63 158//63
f 159//12 161//12 162//12 160//12
f 161//64 163//64 164//64 162//64
f 163//65 153//65 154//65 164//65
f 168//70 167//70 170//70 169//70
f 169//71 170//71 172//71 171//71
f 171//22 172//22 174//22 173//22
f 173//72 174//72 176//72 175//72
f 175//73 176//73 166//73 165//73
f 156//1 158//1 170//1 167//1
f 154//74 153//74 165//74 166//74
f 153//6 163//6 175//6 165//6
f 163//6 161//6 173//6 175//6
f 155//75 156//75 167//75 168//75
f 161//6 159//6 171//6 173//6
f 164//1 154//1 166//1 176//1
f 159//6 157//6 169//6 171//6
f 162//1 164//1 176//1 174//1
f 157//6 155//6 168//6 169//6
f 160//1 162//1 174//1 172//1
f 158//1 160//1 172//1 170//1
f 185//76 186//77 180//78 179//78
f 179//79 180//79 184//79 183//79
f 196//10 194//10 182//10 181//10
f 181//80 182//80 178//80 177//80
f 177//4 193//4 197//4 198//4
f 194//81 195//81 178//81 182//81
f 184//82 180//82 186//82 188//82
f 179//83 183//83 187//83 185//83
f 183//84 184//84 188//85 187//86
f 189//4 191//4 186//77 185//76
f 193//4 195//4 191//4 189//4
f 188//87 186//87 191//87 190//87
f 185//12 187//12 192//12 189//12
f 187//86 188//85 190//10 192//10
f 177//4 178//4 195//4 193//4
f 190//81 191//81 195//81 194//81
f 189//88 192//88 196//88 193//88
f 192//10 190//10 194//10 196//10
f 197//12 200//12 199//12 198//12
f 196//10 181//10 199//10 200//10
f 193//79 196//79 200//79 197//79
f 181//80 177//80 198//80 199//80
f 223//89 225//89 226//89 224//89
f 225//90 227//90 228//90 226//90
f 227//12 229//12 230//12 228//12
f 229//91 231//91 232//91 230//91
f 231//92 221//92 222//92 232//92
f 236//97 235//97 238//97 237//97
f 237//98 238//98 240//98 239//98
f 239//22 240//22 242//22 241//22
f 241//99 242//99 244//99 243//99
f 243//100 244//100 234//100 233//100
f 224//10 226//10 238//10 235//10
f 222//101 221//101 233//101 234//101
f 221//4 231//4 243//4 233//4
f 231//4 229//4 241//4 243//4
f 223//102 224//102 235//102 236//102
f 229//4 227//4 239//4 241//4
f 232//10 222//10 234//10 244//10
f 227//4 225//4 237//4 239//4
f 230//10 232//10 244//10 242//10
f 225//4 223//4 236//4 237//4
f 228//10 230//10 242//10 240//10
f 226//10 228//10 240//10 238//10
f 253//103 254//104 248//105 247//105
f 247//106 248//106 252//106 251//106
f 264//7 262//7 250//7 249//7
f 249//107 250//107 246//107 245//107
f 245//2 261//2 265//2 266//2
f 262//108 263//108 246//108 250//108
f 252//109 248//109 254//109 256//109
f 247//110 251//110 255//110 253//110
f 251//111 252//111 256//112 255//113
f 257//2 259//2 254//104 253//103
f 261//2 263//2 259//2 257//2
f 256//114 254//114 259//114 258//114
f 253//12 255//12 260//12 257//12
f 255//113 256//112 258//7 260//7
f 245//2 246//2 263//2 261//2
f 258//108 259//108 263//108 262//108
f 257//115 260//115 264//115 261//115
f 260//7 258//7 262//7 264//7
f 265//12 268//12 267//12 266//12
f 264//7 249//7 267//7 268//7
f 261//106 264//106 268//106 265//106
f 249//107 245//107 266//107 267//107
f 291//116 293//116 294//116 292//116
f 293//117 295//117 296//117 294//117
f 295//12 297//12 298//12 296//12
f 297//118 299//118 300//118 298//118
f 299//119 289//119 290//119 300//119
f 304//124 303//124 306//124 305//124
f 305//125 306//125 308//125 307//125
f 307//22 308//22 310//22 309//22
f 309//126 310//126 312//126 311//126
f 311//127 312//127 302//127 301//127
f 292//7 294//7 306//7 303//7
f 290//128 289//128 301//128 302//128
f 289//2 299//2 311//2 301//2
f 299//2 297//2 309//2 311//2
f 291//129 292//129 303//129 304//129
f 297//2 295//2 307//2 309//2
f 300//7 290//7 302//7 312//7
f 295//2 293//2 305//2 307//2
f 298//7 300//7 312//7 310//7
f 293//2 291//2 304//2 305//2
f 296//7 298//7 310//7 308//7
f 294//7 296//7 308//7 306//7
f 321//130 322//131 316//132 315//132
f 315//133 316//133 320//133 319//133
f 332//5 330//5 318//5 317//5
f 317//134 318//134 314//134 313//134
f 313//11 329//11 333//11 334//11
f 330//135 331//135 314//135 318//135
f 320//136 316//136 322//136 324//136
f 315//137 319//137 323//137 321//137
f 319//138 320//138 324//139 323//140
f 325//11 327//11 322//131 321//130
f 329//11 331//11 327//11 325//11
f 324//141 322//141 327//141 326//141
f 321//12 323//12 328//12 325//12
f 323//140 324//139 326//5 328//5
f 313//11 314//142 331//11 329//11
f 326//135 327//135 331//135 330//135
f 325//143 328//143 332//143 329//143
f 328//5 326//5 330//5 332//5
f 333//12 336//12 335//12 334//12
f 332//5 317//5 335//5 336//5
f 329//144 332//144 336//144 333//144
f 317//134 313//134 334//134 335//134
f 359//145 361//145 362//145 360//145
f 361//146 363//146 364//146 362//146
f 363//12 365//12 366//12 364//12
f 365//147 367//147 368//147 366//147
f 367//148 357//148 358//148 368//148
f 372//153 371//153 374//153 373//153
f 373//154 374//154 376//154 375//154
f 375//22 376//22 378//22 377//22
f 377//155 378//155 380//155 379//155
f 379//156 380//156 370//156 369//156
f 360//157 362//157 374//5 371//157
f 358//158 357//158 369//158 370//158
f 357//142 367//11 379//11 369//142
f 367//11 365//11 377//11 379//11
f 359//159 360//159 371//159 372//159
f 365//11 363//11 375//11 377//11
f 368//5 358//5 370//5 380//5
f 363//11 361//142 373//142 375//11
f 366//5 368//5 380//5 378//5
f 361//142 359//142 372//142 373//142
f 364//5 366//5 378//5 376//5
f 362//157 364//5 376//5 374//5
usemtl Black
f 65//35 66//35 68//35 67//35
f 67//36 68//36 70//36 69//36
f 69//12 70//12 72//12 71//12
f 71//37 72//37 74//37 73//37
f 73//38 74//38 76//38 75//38
f 75//39 76//39 78//39 77//39
f 77//40 78//40 80//40 79//40
f 79//22 80//22 82//22 81//22
f 68//3 66//3 84//3 82//3 80//3 78//3 76//3 74//3 72//3 70//3
f 81//41 82//41 84//41 83//41
f 83//42 84//42 66//42 65//42
f 65//8 67//8 69//8 71//8 73//8 75//8 77//8 79//8 81//8 83//8
f 133//62 134//62 136//62 135//62
f 135//63 136//63 138//63 137//63
f 137//12 138//12 140//12 139//12
f 139//64 140//64 142//64 141//64
f 141//65 142//65 144//65 143//65
f 143//66 144//66 146//66 145//66
f 145//67 146//67 148//67 147//67
f 147//22 148//22 150//22 149//22
f 136//1 134//1 152//1 150//1 148//1 146//1 144//1 142//1 140//1 138//1
f 149//68 150//68 152//68 151//68
f 151//69 152//69 134//69 133//69
f 133//6 135//6 137//6 139//6 141//6 143//6 145//6 147//6 149//6 151//6
f 201//89 202//89 204//89 203//89
f 203//90 204//90 206//90 205//90
f 205//12 206//12 208//12 207//12
f 207//91 208//91 210//91 209//91
f 209//92 210//92 212//92 211//92
f 211//93 212//93 214//93 213//93
f 213//94 214//94 216//94 215//94
f 215//22 216//22 218//22 217//22
f 204//10 202//10 220//10 218//10 216//10 214//10 212//10 210//10 208//10 206//10
f 217//95 218//95 220//95 219//95
f 219//96 220//96 202//96 201//96
f 201//4 203//4 205//4 207//4 209//4 211//4 213//4 215//4 217//4 219//4
f 269//116 270//116 272//116 271//116
f 271//117 272//117 274//117 273//117
f 273//12 274//12 276//12 275//12
f 275//118 276//118 278//118 277//118
f 277//119 278//119 280//119 279//119
f 279//120 280//120 282//120 281//120
f 281//121 282//121 284//121 283//121
f 283//22 284//22 286//22 285//22
f 272//7 270//7 288//7 286//7 284//7 282//7 280//7 278//7 276//7 274//7
f 285//122 286//122 288//122 287//122
f 287//123 288//123 270//123 269//123
f 269//2 271//2 273//2 275//2 277//2 279//2 281//2 283//2 285//2 287//2
f 337//145 338//145 340//145 339//145
f 339//146 340//146 342//146 341//146
f 341//12 342//12 344//12 343//12
f 343//147 344//147 346//147 345//147
f 345//148 346//148 348//148 347//148
f 347//149 348//149 350//149 349//149
f 349//150 350//150 352//150 351//150
f 351//22 352//22 354//22 353//22
f 340//5 338//5 356//5 354//5 352//5 350//5 348//5 346//5 344//5 342//5
f 353//151 354//151 356//151 355//151
f 355//152 356//152 338//152 337//152
f 337//11 339//11 341//11 343//11 345//11 347//11 349//11 351//11 353//11 355//11
f 381//160 543//160 703//161 548//162
f 381//163 548//164 701//165 479//163
f 381//166 479//166 672//166 480//166
f 381//167 480//167 671//167 543//167
f 382//168 492//168 679//168 494//168
f 382//169 494//169 680//169 483//169
f 382//170 483//170 674//170 481//170
f 382//171 481//171 673//171 492//171
f 383//172 497//173 682//174 486//172
f 383//175 486//175 689//175 505//175
f 383//176 505//176 690//176 517//176
f 383//177 517//177 681//178 497//179
f 384//180 491//180 677//180 487//180
f 384//181 487//181 675//181 484//181
f 384//182 484//182 676//182 488//182
f 384//183 488//183 678//183 491//183
f 385//184 556//184 705//184 489//184
f 385//185 489//185 677//185 491//185
f 385//186 491//186 678//186 490//186
f 385//187 490//187 706//187 556//187
f 386//188 557//188 709//188 564//188
f 386//189 564//189 710//189 493//189
f 386//190 493//190 680//190 494//190
f 386//191 494//191 679//191 557//191
f 387//192 523//192 673//192 495//192
f 387//193 495//193 714//194 569//195
f 387//196 569//197 716//198 516//196
f 387//199 516//199 687//199 523//199
f 388//200 547//201 704//202 544//200
f 388//203 544//203 685//203 501//203
f 388//204 501//204 686//204 500//204
f 388//205 500//205 702//206 547//207
f 389//208 515//209 693//210 513//208
f 389//211 513//211 687//211 502//211
f 389//212 502//212 688//212 504//212
f 389//213 504//213 694//214 515//215
f 390//216 518//217 696//218 507//216
f 390//219 507//219 675//219 525//219
f 390//220 525//220 689//220 486//220
f 390//221 486//221 682//222 518//223
f 391//224 508//224 691//225 512//225
f 391//226 512//227 692//227 509//226
f 391//228 509//228 690//228 505//228
f 391//229 505//229 689//229 508//229
f 392//230 510//230 707//230 555//230
f 392//231 555//231 708//231 511//231
f 392//232 511//232 692//227 512//227
f 392//233 512//225 691//225 510//233
f 393//234 563//234 711//234 559//234
f 393//235 559//235 693//210 515//209
f 393//236 515//215 694//214 514//236
f 393//237 514//237 712//237 563//237
f 394//238 572//239 716//240 568//238
f 394//238 568//238 682//174 497//173
f 394//241 497//179 681//178 485//241
f 394//241 485//241 713//242 572//243
f 395//244 546//245 703//246 543//244
f 395//247 543//247 671//247 521//247
f 395//248 521//248 685//248 544//248
f 395//249 544//249 704//250 546//251
f 396//252 537//253 698//254 534//252
f 396//255 534//255 670//255 520//255
f 396//256 520//256 684//256 536//256
f 396//257 536//257 700//258 537//259
f 397//260 562//260 709//260 557//260
f 397//261 557//261 679//261 529//261
f 397//262 529//262 693//262 559//262
f 397//263 559//263 711//263 562//263
f 398//264 524//264 674//264 483//264
f 398//265 483//265 680//265 530//265
f 398//266 530//266 694//266 504//266
f 398//267 504//267 688//267 524//267
f 399//268 571//269 715//270 567//268
f 399//271 567//271 674//271 524//271
f 399//272 524//272 688//272 565//272
f 399//273 565//273 713//274 571//275
f 400//276 566//276 714//277 570//278
f 400//279 570//280 715//281 506//279
f 400//279 506//279 695//282 532//283
f 400//276 532//284 696//285 566//276
f 401//286 525//286 675//286 487//286
f 401//287 487//287 677//287 527//287
f 401//288 527//288 691//288 508//288
f 401//289 508//289 689//289 525//289
f 402//290 528//290 678//290 488//290
f 402//291 488//291 676//291 526//291
f 402//292 526//292 690//292 509//292
f 402//293 509//293 692//293 528//293
f 403//294 554//294 705//294 549//294
f 403//295 549//295 669//295 519//295
f 403//296 519//296 683//296 551//296
f 403//297 551//297 707//297 554//297
f 404//298 553//298 706//298 490//298
f 404//299 490//299 678//299 528//299
f 404//300 528//300 692//300 511//300
f 404//301 511//301 708//301 553//301
f 405//302 529//302 679//302 492//302
f 405//303 492//303 673//303 523//303
f 405//304 523//304 687//304 513//304
f 405//305 513//305 693//305 529//305
f 406//306 561//306 710//306 558//306
f 406//307 558//307 672//307 522//307
f 406//308 522//308 686//308 560//308
f 406//309 560//309 712//309 561//309
f 407//310 569//195 714//194 566//311
f 407//310 566//311 696//218 518//217
f 407//312 518//223 682//222 568//313
f 407//312 568//313 716//198 569//197
f 408//314 526//314 676//314 496//314
f 408//315 496//315 695//316 531//317
f 408//318 531//319 681//320 517//318
f 408//321 517//321 690//321 526//321
f 409//322 545//323 701//324 541//325
f 409//322 541//325 698//254 537//253
f 409//326 537//259 700//258 542//327
f 409//326 542//327 702//328 545//329
f 410//330 519//330 669//330 477//330
f 410//331 477//331 697//332 538//333
f 410//334 538//335 699//336 498//334
f 410//337 498//337 683//337 519//337
f 411//338 499//338 683//338 498//338
f 411//339 498//339 699//340 539//341
f 411//342 539//343 700//344 536//342
f 411//345 536//345 684//345 499//345
f 412//346 477//346 669//346 478//346
f 412//347 478//347 670//347 534//347
f 412//348 534//348 698//349 540//350
f 412//351 540//352 697//353 477//351
f 413//354 522//354 672//354 479//354
f 413//355 479//355 701//324 545//323
f 413//356 545//329 702//328 500//356
f 413//357 500//357 686//357 522//357
f 414//358 538//333 697//332 533//359
f 414//358 533//359 703//246 546//245
f 414//360 546//251 704//250 535//361
f 414//360 535//361 699//336 538//335
f 415//362 539//341 699//340 535//362
f 415//362 535//362 704//202 547//201
f 415//363 547//207 702//206 542//363
f 415//363 542//363 700//344 539//343
f 416//364 533//364 697//353 540//352
f 416//365 540//350 698//349 541//365
f 416//365 541//365 701//165 548//164
f 416//364 548//162 703//161 533//364
f 417//366 520//366 670//366 550//366
f 417//367 550//367 706//367 553//367
f 417//368 553//368 708//368 552//368
f 417//369 552//369 684//369 520//369
f 418//370 527//370 677//370 489//370
f 418//371 489//371 705//371 554//371
f 418//372 554//372 707//372 510//372
f 418//373 510//373 691//373 527//373
f 419//374 551//374 683//374 499//374
f 419//375 499//375 684//375 552//375
f 419//376 552//376 708//376 555//376
f 419//377 555//377 707//377 551//377
f 420//378 478//378 669//378 549//378
f 420//379 549//379 705//379 556//379
f 420//380 556//380 706//380 550//380
f 420//381 550//381 670//381 478//381
f 421//382 530//382 680//382 493//382
f 421//383 493//383 710//383 561//383
f 421//384 561//384 712//384 514//384
f 421//385 514//385 694//385 530//385
f 422//386 521//386 671//386 482//386
f 422//387 482//387 709//387 562//387
f 422//388 562//388 711//388 503//388
f 422//389 503//389 685//389 521//389
f 423//390 501//390 685//390 503//390
f 423//391 503//391 711//391 563//391
f 423//392 563//392 712//392 560//392
f 423//393 560//393 686//393 501//393
f 424//394 482//394 671//394 480//394
f 424//395 480//395 672//395 558//395
f 424//396 558//396 710//396 564//396
f 424//397 564//397 709//397 482//397
f 425//398 507//398 696//285 532//284
f 425//399 532//283 695//282 496//399
f 425//400 496//400 676//400 484//400
f 425//401 484//401 675//401 507//401
f 426//402 495//402 673//402 481//402
f 426//403 481//403 674//403 567//403
f 426//404 567//404 715//281 570//280
f 426//405 570//278 714//277 495//405
f 427//406 531//317 695//316 506//407
f 427//406 506//407 715//270 571//269
f 427//408 571//275 713//274 485//409
f 427//408 485//409 681//320 531//319
f 428//410 502//410 687//410 516//410
f 428//411 516//411 716//240 572//239
f 428//412 572//243 713//242 565//412
f 428//413 565//413 688//413 502//413
f 429//160 639//160 751//161 644//162
f 429//163 644//164 749//165 575//163
f 429//166 575//166 720//166 576//166
f 429//167 576//167 719//167 639//167
f 430//168 588//168 727//168 590//168
f 430//169 590//169 728//169 579//169
f 430//170 579//170 722//170 577//170
f 430//171 577//171 721//171 588//171
f 431//172 593//173 730//174 582//172
f 431//175 582//175 737//175 601//175
f 431//176 601//176 738//176 613//176
f 431//177 613//177 729//178 593//179
f 432//180 587//180 725//180 583//180
f 432//181 583//181 723//181 580//181
f 432//182 580//182 724//182 584//182
f 432//183 584//183 726//183 587//183
f 433//184 652//184 753//184 585//184
f 433//185 585//185 725//185 587//185
f 433//186 587//186 726//186 586//186
f 433//187 586//187 754//187 652//187
f 434//188 653//188 757//188 660//188
f 434//189 660//189 758//189 589//189
f 434//190 589//190 728//190 590//190
f 434//191 590//191 727//191 653//191
f 435//192 619//192 721//192 591//192
f 435//193 591//193 762//194 665//414
f 435//196 665//197 764//198 612//196
f 435//199 612//199 735//199 619//199
f 436//200 643//415 752//416 640//200
f 436//203 640//203 733//203 597//203
f 436//204 597//204 734//204 596//204
f 436//205 596//205 750//206 643//207
f 437//208 611//209 741//210 609//208
f 437//211 609//211 735//211 598//211
f 437//212 598//212 736//212 600//212
f 437//213 600//213 742//214 611//215
f 438//216 614//217 744//417 603//216
f 438//219 603//219 723//219 621//219
f 438//220 621//220 737//220 582//220
f 438//221 582//221 730//418 614//223
f 439//224 604//224 739//225 608//225
f 439//226 608//227 740//227 605//226
f 439//228 605//228 738//228 601//228
f 439//229 601//229 737//229 604//229
f 440//230 606//230 755//230 651//230
f 440//231 651//231 756//231 607//231
f 440//232 607//232 740//227 608//227
f 440//233 608//225 739//225 606//233
f 441//234 659//234 759//234 655//234
f 441//235 655//235 741//210 611//209
f 441//236 611//215 742//214 610//236
f 441//237 610//237 760//237 659//237
f 442//238 668//239 764//240 664//238
f 442//238 664//238 730//174 593//173
f 442//241 593//179 729//178 581//241
f 442//241 581//241 761//242 668//243
f 443//244 642//419 751//246 639//244
f 443//247 639//247 719//247 617//247
f 443//248 617//248 733//248 640//248
f 443//249 640//249 752//250 642//251
f 444//252 633//253 746//254 630//252
f 444//255 630//255 718//255 616//255
f 444//256 616//256 732//256 632//256
f 444//257 632//257 748//258 633//420
f 445//260 658//260 757//260 653//260
f 445//261 653//261 727//261 625//261
f 445//262 625//262 741//262 655//262
f 445//263 655//263 759//263 658//263
f 446//264 620//264 722//264 579//264
f 446//265 579//265 728//265 626//265
f 446//266 626//266 742//266 600//266
f 446//267 600//267 736//267 620//267
f 447//268 667//421 763//422 663//268
f 447//271 663//271 722//271 620//271
f 447//272 620//272 736//272 661//272
f 447//273 661//273 761//274 667//423
f 448//276 662//276 762//277 666//278
f 448//279 666//280 763//281 602//279
f 448//279 602//279 743//282 628//283
f 448//276 628//284 744//285 662//276
f 449//286 621//286 723//286 583//286
f 449//287 583//287 725//287 623//287
f 449//288 623//288 739//288 604//288
f 449//289 604//289 737//289 621//289
f 450//290 624//290 726//290 584//290
f 450//291 584//291 724//291 622//291
f 450//292 622//292 738//292 605//292
f 450//293 605//293 740//293 624//293
f 451//294 650//294 753//294 645//294
f 451//295 645//295 717//295 615//295
f 451//296 615//296 731//296 647//296
f 451//297 647//297 755//297 650//297
f 452//298 649//298 754//298 586//298
f 452//299 586//299 726//299 624//299
f 452//300 624//300 740//300 607//300
f 452//301 607//301 756//301 649//301
f 453//302 625//302 727//302 588//302
f 453//303 588//303 721//303 619//303
f 453//304 619//304 735//304 609//304
f 453//305 609//305 741//305 625//305
f 454//306 657//306 758//306 654//306
f 454//307 654//307 720//307 618//307
f 454//308 618//308 734//308 656//308
f 454//309 656//309 760//309 657//309
f 455//310 665//414 762//194 662//311
f 455//310 662//311 744//417 614//217
f 455//312 614//223 730//418 664//313
f 455//312 664//313 764//198 665//197
f 456//314 622//314 724//314 592//314
f 456//315 592//315 743//316 627//424
f 456//318 627//319 729//425 613//318
f 456//321 613//321 738//321 622//321
f 457//322 641//426 749//324 637//325
f 457//322 637//325 746//254 633//253
f 457//326 633//420 748//258 638//327
f 457//326 638//327 750//328 641//329
f 458//330 615//330 717//330 573//330
f 458//331 573//331 745//332 634//333
f 458//334 634//335 747//336 594//334
f 458//337 594//337 731//337 615//337
f 459//338 595//338 731//338 594//338
f 459//339 594//339 747//427 635//341
f 459//342 635//343 748//344 632//342
f 459//345 632//345 732//345 595//345
f 460//346 573//346 717//346 574//346
f 460//428 574//428 718//428 630//428
f 460//348 630//348 746//349 636//350
f 460//351 636//352 745//353 573//351
f 461//354 618//354 720//354 575//354
f 461//355 575//355 749//324 641//426
f 461//356 641//329 750//328 596//356
f 461//357 596//357 734//357 618//357
f 462//358 634//333 745//332 629//359
f 462//358 629//359 751//246 642//419
f 462//360 642//251 752//250 631//361
f 462//360 631//361 747//336 634//335
f 463//362 635//341 747//427 631//362
f 463//362 631//362 752//416 643//415
f 463//363 643//207 750//206 638//363
f 463//363 638//363 748//344 635//343
f 464//364 629//364 745//353 636//352
f 464//365 636//350 746//349 637//365
f 464//365 637//365 749//165 644//164
f 464//364 644//162 751//161 629//364
f 465//366 616//366 718//366 646//366
f 465//367 646//367 754//367 649//367
f 465//368 649//368 756//368 648//368
f 465//369 648//369 732//369 616//369
f 466//370 623//370 725//370 585//370
f 466//371 585//371 753//371 650//371
f 466//372 650//372 755//372 606//372
f 466//373 606//373 739//373 623//373
f 467//374 647//374 731//374 595//374
f 467//375 595//375 732//375 648//375
f 467//376 648//376 756//376 651//376
f 467//377 651//377 755//377 647//377
f 468//378 574//378 717//378 645//378
f 468//379 645//379 753//379 652//379
f 468//380 652//380 754//380 646//380
f 468//381 646//381 718//381 574//381
f 469//382 626//382 728//382 589//382
f 469//383 589//383 758//383 657//383
f 469//384 657//384 760//384 610//384
f 469//385 610//385 742//385 626//385
f 470//386 617//386 719//386 578//386
f 470//387 578//387 757//387 658//387
f 470//388 658//388 759//388 599//388
f 470//389 599//389 733//389 617//389
f 471//390 597//390 733//390 599//390
f 471//391 599//391 759//391 659//391
f 471//392 659//392 760//392 656//392
f 471//393 656//393 734//393 597//393
f 472//394 578//394 719//394 576//394
f 472//395 576//395 720//395 654//395
f 472//396 654//396 758//396 660//396
f 472//397 660//397 757//397 578//397
f 473//398 603//398 744//285 628//284
f 473//399 628//283 743//282 592//399
f 473//400 592//400 724//400 580//400
f 473//401 580//401 723//401 603//401
f 474//402 591//402 721//402 577//402
f 474//403 577//403 722//403 663//403
f 474//404 663//404 763//281 666//280
f 474//405 666//278 762//277 591//405
f 475//406 627//424 743//316 602//407
f 475//406 602//407 763//422 667//421
f 475//408 667//423 761//274 581//409
f 475//408 581//409 729//425 627//319
f 476//410 598//410 735//410 612//410
f 476//411 612//411 764//240 668//239
f 476//412 668//243 761//242 661//412
f 476//413 661//413 736//413 598//413
f 827//429 825//429 768//429 767//429
f 839//430 837//430 776//430 773//430
f 789//3 792//3 770//3 769//3
f 769//431 770//431 766//431 765//431
f 786//432 789//432 769//432 765//432
f 792//433 787//433 766//433 770//433
f 851//434 849//434 778//434 779//434
f 840//435 839//435 773//435 774//435
f 837//436 838//436 775//436 776//436
f 838//437 840//437 774//437 775//437
f 810//438 809//438 784//438 781//438
f 852//439 850//439 780//439 777//439
f 849//440 852//440 777//440 778//440
f 850//441 851//441 779//441 780//441
f 782//442 781//442 784//442 783//442
f 811//8 810//8 781//8 782//8
f 809//3 812//3 783//3 784//3
f 812//443 811//443 782//443 783//443
f 828//444 825//444 788//444 791//444
f 824//445 822//445 787//445 792//445
f 827//446 826//446 790//446 785//446
f 821//447 823//447 789//447 786//447
f 826//448 828//448 791//448 790//448
f 823//449 824//449 792//449 789//449
f 765//8 766//8 787//8 786//8
f 821//450 822//450 788//450 785//450
f 832//451 830//451 798//451 799//451
f 836//452 835//452 797//452 800//452
f 831//453 832//453 799//453 793//453
f 833//454 836//454 800//454 794//454
f 830//455 829//455 796//455 798//455
f 835//456 834//456 795//456 797//456
f 829//457 831//457 793//457 796//457
f 834//458 833//458 794//458 795//458
f 844//459 841//459 804//459 805//459
f 847//460 846//460 803//460 806//460
f 843//461 842//461 808//461 801//461
f 845//462 848//462 807//462 802//462
f 842//463 844//463 805//463 808//463
f 848//464 847//464 806//464 807//464
f 841//465 843//465 801//465 804//465
f 846//466 845//466 802//466 803//466
f 820//443 815//443 811//443 812//443
f 818//3 820//3 812//3 809//3
f 815//8 813//8 810//8 811//8
f 813//438 818//438 809//438 810//438
f 853//467 855//467 817//467 814//467
f 857//468 859//468 818//468 813//468
f 854//469 853//469 814//469 816//469
f 858//470 857//470 813//470 815//470
f 855//471 856//471 819//471 817//471
f 859//472 860//472 820//472 818//472
f 856//473 854//473 816//473 819//473
f 860//474 858//474 815//474 820//474
f 786//475 787//475 822//475 821//475
f 790//476 791//476 824//476 823//476
f 785//477 790//477 823//477 821//477
f 791//478 788//478 822//478 824//478
f 771//479 772//479 828//479 826//479
f 767//480 771//480 826//480 827//480
f 772//481 768//481 825//481 828//481
f 785//482 788//482 825//482 827//482
f 768//483 772//483 831//483 829//483
f 767//484 768//484 829//484 830//484
f 772//485 771//485 832//485 831//485
f 771//486 767//486 830//486 832//486
f 796//487 793//487 833//487 834//487
f 798//488 796//488 834//488 835//488
f 793//489 799//489 836//489 833//489
f 799//490 798//490 835//490 836//490
f 800//491 797//491 840//491 838//491
f 794//492 800//492 838//492 837//492
f 797//493 795//493 839//493 840//493
f 795//494 794//494 837//494 839//494
f 775//495 774//495 843//495 841//495
f 773//496 776//496 844//496 842//496
f 774//497 773//497 842//497 843//497
f 776//498 775//498 841//498 844//498
f 804//499 801//499 845//499 846//499
f 808//500 805//500 847//500 848//500
f 801//501 808//501 848//501 845//501
f 805//502 804//502 846//502 847//502
f 806//503 803//503 851//503 850//503
f 802//504 807//504 852//504 849//504
f 807//505 806//505 850//505 852//505
f 803//506 802//506 849//506 851//506
f 779//507 778//507 854//507 856//507
f 780//508 779//508 856//508 855//508
f 778//509 777//509 853//509 854//509
f 777//510 780//510 855//510 853//510
f 819//511 816//511 858//511 860//511
f 817//512 819//512 860//512 859//512
f 816//513 814//513 857//513 858//513
f 814//514 817//514 859//514 857//514
f 861//515 898//515 957//515 905//515
f 861//516 905//516 956//516 900//516
f 861//517 900//517 964//517 917//517
f 861//518 917//518 965//518 898//518
f 862//519 934//519 969//519 921//519
f 862//520 921//520 957//520 898//520
f 862//521 898//521 965//521 925//521
f 862//522 925//522 973//522 934//522
f 863//523 950//523 980//523 940//523
f 863//524 940//524 955//524 901//524
f 863//525 901//525 959//525 942//525
f 863//526 942//526 982//526 950//526
f 864//527 891//527 975//528 949//529
f 864//530 949//531 979//532 939//530
f 864//533 939//533 953//533 897//533
f 864//534 897//534 951//534 891//534
f 865//535 901//535 955//535 903//535
f 865//536 903//536 958//536 902//536
f 865//537 902//537 966//537 915//537
f 865//538 915//538 959//538 901//538
f 866//539 897//539 953//539 896//539
f 866//540 896//540 958//540 903//540
f 866//541 903//541 955//541 899//541
f 866//542 899//542 951//542 897//542
f 867//543 939//543 979//543 948//543
f 867//544 948//544 976//544 904//544
f 867//545 904//545 958//545 896//545
f 867//546 896//546 953//546 939//546
f 868//547 893//547 952//547 892//547
f 868//548 892//548 956//548 905//548
f 868//549 905//549 957//549 894//549
f 868//550 894//550 954//550 893//550
f 869//551 919//551 967//551 930//551
f 869//552 930//552 970//552 906//552
f 869//553 906//553 956//553 892//553
f 869//554 892//554 952//554 919//554
f 878//595 935//595 975//595 944//595
f 878//596 944//596 980//596 922//596
f 878//597 922//597 970//597 930//597
f 878//598 930//598 967//598 935//598
f 879//599 895//599 954//599 894//599
f 879//600 894//600 957//600 921//600
f 879//601 921//601 969//601 931//601
f 879//602 931//602 968//602 895//602
f 880//603 919//603 952//603 893//603
f 880//604 893//604 954//604 895//604
f 880//605 895//605 968//606 932//607
f 880//608 932//609 967//610 919//608
f 881//611 900//611 956//611 906//611
f 881//612 906//612 970//612 933//612
f 881//613 933//613 974//613 918//613
f 881//614 918//614 964//614 900//614
f 882//615 943//615 976//615 936//615
f 882//616 936//616 969//616 934//616
f 882//617 934//617 973//617 938//617
f 882//618 938//618 978//618 943//618
f 883//619 902//619 958//619 904//619
f 883//620 904//620 976//620 943//620
f 883//621 943//621 978//621 916//621
f 883//622 916//622 966//622 902//622
f 884//623 891//623 951//623 899//623
f 884//624 899//624 955//624 940//624
f 884//625 940//625 980//625 944//625
f 884//626 944//626 975//626 891//626
f 888//639 920//639 968//639 931//639
f 888//640 931//640 969//640 936//640
f 888//641 936//641 976//641 948//641
f 888//642 948//642 979//642 920//642
f 889//643 935//644 967//610 932//609
f 889//645 932//607 968//606 920//646
f 889//645 920//646 979//532 949//531
f 889//643 949//529 975//528 935//644
f 890//647 933//647 970//647 922//647
f 890//648 922//648 980//648 950//648
f 890//649 950//649 982//649 926//649
f 890//650 926//650 974//650 933//650
f 983//651 1018//651 1073//651 1025//651
f 983//652 1025//652 1072//652 1020//652
f 983//653 1020//653 1080//653 1037//653
f 983//654 1037//654 1081//654 1018//654
f 984//655 1054//655 1085//655 1041//655
f 984//656 1041//656 1073//656 1018//656
f 984//657 1018//657 1081//657 1045//657
f 984//658 1045//658 1089//658 1054//658
f 985//659 1053//659 1086//659 1042//659
f 985//660 1042//660 1071//660 1021//660
f 985//661 1021//661 1075//661 1046//661
f 985//662 1046//662 1090//662 1053//662
f 986//663 1011//663 1083//663 1052//663
f 986//664 1052//664 1084//664 1040//664
f 986//665 1040//665 1069//665 1017//665
f 986//666 1017//666 1067//666 1011//666
f 987//667 1021//667 1071//667 1023//667
f 987//668 1023//668 1074//668 1022//668
f 987//669 1022//669 1082//669 1035//669
f 987//670 1035//670 1075//670 1021//670
f 988//671 1066//671 1093//671 1057//671
f 988//672 1057//672 1074//672 1023//672
f 988//673 1023//673 1071//673 1019//673
f 988//674 1019//674 1094//674 1066//674
f 989//3 1065//3 1096//3 1060//3
f 989//675 1060//675 1085//675 1024//675
f 989//676 1024//676 1074//676 1057//676
f 989//677 1057//677 1093//677 1065//677
f 990//678 1064//678 1091//678 1055//678
f 990//679 1055//679 1072//679 1025//679
f 990//680 1025//680 1073//680 1056//680
f 990//681 1056//681 1092//681 1064//681
f 991//8 1063//8 1095//8 1059//8
f 991//682 1059//682 1086//682 1026//682
f 991//683 1026//683 1072//683 1055//683
f 991//684 1055//684 1091//684 1063//684
f 1000//711 1062//711 1094//711 1019//711
f 1000//712 1019//712 1071//712 1042//712
f 1000//682 1042//682 1086//682 1059//682
f 1000//8 1059//8 1095//8 1062//8
f 1001//713 1061//713 1092//713 1056//713
f 1001//714 1056//714 1073//714 1041//714
f 1001//675 1041//675 1085//675 1060//675
f 1001//3 1060//3 1096//3 1061//3
f 1002//715 1039//715 1068//715 1013//715
f 1002//716 1013//716 1070//716 1015//716
f 1002//664 1015//664 1084//664 1052//664
f 1002//663 1052//663 1083//663 1039//663
f 1003//717 1020//717 1072//717 1026//717
f 1003//659 1026//659 1086//659 1053//659
f 1003//662 1053//662 1090//662 1038//662
f 1003//718 1038//718 1080//718 1020//718
f 1004//719 1022//719 1074//719 1024//719
f 1004//655 1024//655 1085//655 1054//655
f 1004//658 1054//658 1089//658 1036//658
f 1004//720 1036//720 1082//720 1022//720
f 1005//721 1015//721 1070//721 1014//721
f 1005//713 1014//713 1092//713 1061//713
f 1005//3 1061//3 1096//3 1051//3
f 1005//722 1051//722 1084//722 1015//722
f 1006//723 1011//723 1067//723 1058//723
f 1006//711 1058//711 1094//711 1062//711
f 1006//8 1062//8 1095//8 1050//8
f 1006//724 1050//724 1083//724 1011//724
f 1007//724 1039//724 1083//724 1050//724
f 1007//8 1050//8 1095//8 1063//8
f 1007//684 1063//684 1091//684 1012//684
f 1007//725 1012//725 1068//725 1039//725
f 1008//726 1013//726 1068//726 1012//726
f 1008//678 1012//678 1091//678 1064//678
f 1008//681 1064//681 1092//681 1014//681
f 1008//727 1014//727 1070//727 1013//727
f 1009//722 1040//722 1084//722 1051//722
f 1009//3 1051//3 1096//3 1065//3
f 1009//677 1065//677 1093//677 1016//677
f 1009//728 1016//728 1069//728 1040//728
f 1010//729 1017//729 1069//729 1016//729
f 1010//671 1016//671 1093//671 1066//671
f 1010//674 1066//674 1094//674 1058//674
f 1010//730 1058//730 1067//730 1017//730
usemtl Chair
f 870//555 918//555 974//555 929//555
f 870//556 929//556 971//556 908//556
f 870//557 908//557 961//557 912//557
f 870//558 912//558 964//558 918//558
f 871//559 917//559 964//559 912//559
f 871//560 912//560 961//560 909//560
f 871//561 909//561 962//561 913//561
f 871//562 913//562 965//562 917//562
f 872//563 916//563 978//563 947//563
f 872//564 947//564 977//564 910//564
f 872//565 910//565 963//565 914//565
f 872//566 914//566 966//566 916//566
f 873//567 915//567 966//567 914//567
f 873//568 914//568 963//568 911//568
f 873//569 911//569 960//569 907//569
f 873//570 907//570 959//570 915//570
f 874//571 910//571 977//572 946//573
f 874//574 946//575 981//576 941//574
f 874//577 941//577 960//577 911//577
f 874//578 911//578 963//578 910//578
f 875//579 924//579 962//579 909//579
f 875//580 909//580 961//580 908//580
f 875//581 908//581 971//582 927//583
f 875//584 927//585 972//586 924//584
f 876//587 925//587 965//587 913//587
f 876//588 913//588 962//588 924//588
f 876//589 924//589 972//589 928//589
f 876//590 928//590 973//590 925//590
f 877//591 926//591 982//591 945//591
f 877//592 945//592 981//592 923//592
f 877//593 923//593 971//593 929//593
f 877//594 929//594 974//594 926//594
f 885//627 942//627 959//627 907//627
f 885//628 907//628 960//628 941//628
f 885//629 941//629 981//629 945//629
f 885//630 945//630 982//630 942//630
f 886//631 937//632 972//586 927//585
f 886//633 927//583 971//582 923//634
f 886//633 923//634 981//576 946//575
f 886//631 946//573 977//572 937//632
f 887//635 938//635 973//635 928//635
f 887//636 928//636 972//636 937//636
f 887//637 937//637 977//637 947//637
f 887//638 947//638 978//638 938//638
f 992//685 1038//685 1090//685 1049//685
f 992//686 1049//686 1087//686 1028//686
f 992//687 1028//687 1077//687 1032//687
f 992//688 1032//688 1080//688 1038//688
f 993//689 1037//689 1080//689 1032//689
f 993//690 1032//690 1077//690 1029//690
f 993//691 1029//691 1078//691 1033//691
f 993//692 1033//692 1081//692 1037//692
f 994//693 1036//693 1089//693 1048//693
f 994//694 1048//694 1088//694 1030//694
f 994//695 1030//695 1079//695 1034//695
f 994//696 1034//696 1082//696 1036//696
f 995//697 1035//697 1082//697 1034//697
f 995//698 1034//698 1079//698 1031//698
f 995//699 1031//699 1076//699 1027//699
f 995//700 1027//700 1075//700 1035//700
f 996//701 1030//701 1088//701 1047//701
f 996//702 1047//702 1087//702 1043//702
f 996//703 1043//703 1076//703 1031//703
f 996//704 1031//704 1079//704 1030//704
f 997//705 1044//705 1078//705 1029//705
f 997//706 1029//706 1077//706 1028//706
f 997//702 1028//702 1087//702 1047//702
f 997//701 1047//701 1088//701 1044//701
f 998//707 1045//707 1081//707 1033//707
f 998//708 1033//708 1078//708 1044//708
f 998//694 1044//694 1088//694 1048//694
f 998//693 1048//693 1089//693 1045//693
f 999//709 1046//709 1075//709 1027//709
f 999//710 1027//710 1076//710 1043//710
f 999//686 1043//686 1087//686 1049//686
f 999//685 1049//685 1090//685 1046//685
o table
v 0.833676 0.103264 -0.158376
v 0.833676 0.206528 -0.158376
v -0.751323 0.103264 -0.158376
v -0.751323 0.206528 -0.158376
v -0.751323 0.103264 -0.048577
v -0.751323 0.206528 -0.048577
v 0.833676 0.103264 -0.048577
v 0.833676 0.206528 -0.048577
v 0.833676 0.592353 0.372752
v 0.833676 0.592353 0.262953
v -0.751323 0.592353 0.372752
v -0.751323 0.592353 0.262953
v -0.751323 0.592353 -0.579705
v 0.833676 0.592353 -0.579705
v 0.833676 0.592353 -0.469906
v 0.936940 0.592353 0.262953
v 0.936940 0.592353 -0.469906
v -0.751323 0.592353 -0.469906
v -0.854587 0.592353 0.262953
v -0.854587 0.592353 -0.469906
v 0.885308 0.103264 0.262953
v 0.885308 0.103264 -0.469906
v 0.833676 0.103264 0.262953
v 0.833676 0.103264 -0.469906
v -0.802955 0.103264 0.262953
v -0.751323 0.103264 0.262953
v -0.802955 0.103264 -0.469906
v -0.751323 0.103264 -0.469906
v 0.885308 0.206528 -0.469906
v 0.885308 0.206528 0.262953
v 0.833676 0.206528 -0.469906
v 0.833676 0.206528 0.262953
v -0.802955 0.206528 0.262953
v -0.751323 0.206528 0.262953
v -0.802955 0.206528 -0.469906
v -0.751323 0.206528 -0.469906
v -0.751323 0.000000 -0.579705
v -0.751323 0.000000 -0.469906
v -0.854587 0.000000 0.262953
v -0.854587 0.000000 0.372752
v -0.854587 0.695616 0.372752
v -0.854587 0.695616 -0.579705
v -0.854587 0.000000 -0.469906
v -0.854587 0.000000 -0.579705
v -0.751323 0.000000 0.372752
v -0.751323 0.000000 0.262953
v 0.936940 0.000000 -0.469906
v 0.936940 0.000000 -0.579705
v 0.833676 0.000000 -0.469906
v 0.833676 0.000000 -0.579705
v 0.936940 0.000000 0.372752
v 0.936940 0.000000 0.262953
v 0.833676 0.000000 0.372752
v 0.833676 0.000000 0.262953
v 0.936940 0.695616 -0.579705
v 0.936940 0.695616 0.372752
vn -0.5773 0.5773 -0.5774
vn -0.3015 -0.9045 -0.3015
vn 0.3015 -0.9045 -0.3015
vn 0.3015 0.9045 -0.3015
vn 0.3015 0.9045 0.3015
vn 0.3015 -0.9045 0.3015
vn -0.3015 -0.9045 0.3015
vn -0.5773 0.5774 0.5773
vn -0.4472 -0.8944 -0.0000
vn -0.3015 -0.3015 0.9045
vn 0.3015 -0.3015 0.9045
vn 0.3015 -0.3015 -0.9045
vn -0.3015 -0.3015 -0.9045
vn -0.0000 -1.0000 -0.0000
vn 0.9045 -0.3015 -0.3015
vn -0.0000 -0.7071 -0.7071
vn -0.0000 -0.7071 0.7071
vn 0.9045 -0.3015 0.3015
vn -0.9045 -0.3015 -0.3015
vn -0.9045 -0.3015 0.3015
vn -0.5773 -0.5773 -0.5774
vn -0.5773 -0.5773 0.5774
vn 0.5773 -0.5773 0.5774
vn 0.3015 0.3015 -0.9045
vn 0.3015 0.3015 0.9045
vn -0.0000 0.7071 0.7071
vn -0.0000 0.7071 -0.7071
vn -0.0000 -0.0000 -0.0000
vn -0.0000 1.0000 -0.0000
vn -0.3015 0.3015 -0.9045
vn 0.9045 0.3015 -0.3015
vn -0.3015 0.3015 0.9045
vn 0.5774 0.5774 0.5773
vn 0.5773 -0.5774 -0.5773
vn 1.0000 -0.0000 -0.0000
vn 0.5774 -0.5774 0.5774
vn -0.5774 -0.5774 -0.5773
vn -0.5773 -0.5774 0.5773
vn -0.5774 0.5773 0.5774
vn -0.5774 0.5773 -0.5774
vn -0.5774 -0.5774 -0.5774
vn 0.5774 -0.5773 0.5773
vn 0.5773 -0.5774 0.5773
vn 0.5774 -0.5774 0.5773
vn 0.5774 0.5773 -0.5774
vn 0.5773 0.5773 0.5774
vn -1.0000 -0.0000 -0.0000
vt 1.909586 3.819173
vt 1.909586 1.909586
vt 31.219860 1.909586
vt 31.219860 3.819173
vt -31.219860 3.819173
vt -31.219860 1.909586
vt -1.909586 1.909586
vt -1.909586 3.819173
vt -1.909586 15.582680
vt -1.909586 17.613119
vt -31.219860 17.613119
vt -31.219860 15.582680
vt -31.219860 0.000000
vt -1.909586 0.000000
vt -1.909586 2.030446
vt -0.000000 15.582680
vt -0.000000 2.030446
vt -31.219860 2.030446
vt -33.129452 15.582680
vt -33.129452 2.030446
vt -0.954793 2.030446
vt -0.954793 15.582680
vt -1.909586 9.821785
vt -1.909586 7.791339
vt -31.219860 7.791339
vt -31.219860 9.821785
vt -32.174660 15.582680
vt -32.174660 2.030446
vt 0.954793 15.582680
vt 0.954793 2.030446
vt 1.909586 2.030446
vt 1.909586 15.582680
vt 1.909586 7.791339
vt 1.909586 9.821785
vt 31.219860 7.791339
vt 31.219860 9.821785
vt 32.174660 15.582680
vt 31.219860 15.582680
vt 32.174660 2.030446
vt 31.219860 2.030446
vt 0.000000 0.000000
vt 0.000000 10.953960
vt -2.030446 10.953960
vt -2.030446 0.000000
vt -2.030446 3.819173
vt -2.030446 1.909586
vt -7.791339 3.819173
vt -7.791339 1.909586
vt 15.582680 10.953960
vt 15.582680 0.000000
vt 17.613119 0.000000
vt 17.613119 12.863540
vt 2.030446 10.953960
vt -0.000000 12.863540
vt 2.030446 0.000000
vt -0.000000 0.000000
vt -15.582680 3.819173
vt -15.582680 10.953960
vt -17.613119 10.953960
vt -15.582680 1.909586
vt -17.613119 0.000000
vt -15.582680 0.000000
vt -9.821785 1.909586
vt -9.821785 3.819173
vt -33.129452 17.613119
vt 15.582680 3.819173
vt 2.030446 3.819173
vt 2.030446 1.909586
vt 15.582680 1.909586
vt -0.000000 0.000000
vt -0.000000 2.030446
vt -1.909586 0.000000
vt 32.174660 1.909586
vt 31.219860 0.000000
vt 33.129452 0.000000
vt 33.129452 10.953960
vt 32.174660 3.819173
vt 31.219860 10.953960
vt -0.000000 15.582680
vt -0.000000 17.613119
vt -0.000000 12.863540
vt -17.613119 12.863540
vt -15.582680 0.000000
vt -17.613119 0.000000
vt -2.030446 0.000000
vt -0.000000 0.000000
vt -1.909586 -0.000000
vt -0.000000 0.000000
vt -0.954793 1.909586
vt -0.000000 10.953960
vt -0.954793 3.819173
vt -1.909586 10.953960
vt -33.129452 0.000000
vt -31.219860 0.000000
vt -32.174660 1.909586
vt -33.129452 10.953960
vt -32.174660 3.819173
vt -31.219860 10.953960
vt -0.000000 0.000000
vt 1.909586 0.000000
vt 0.954793 1.909586
vt -0.000000 10.953960
vt 0.954793 3.819173
vt 1.909586 10.953960
vt 7.791339 1.909586
vt 7.791339 3.819173
vt 2.030446 0.000000
vt 0.000000 10.953960
vt 0.000000 0.000000
vt -31.219860 0.000000
vt -33.129452 0.000000
vt 9.821785 3.819173
vt 9.821785 1.909586
vt 15.582680 0.000000
vt 17.613119 0.000000
vt 17.613119 10.953960
vt 33.129452 17.613119
vt -0.000000 17.613119
vt 0.000000 0.000000
vt 33.129452 0.000000
vt 31.219860 0.000000
vt 33.129452 0.000000
vt 33.129452 12.863540
vt 0.000000 12.863540
vt 0.000000 0.000000
vt 1.909586 0.000000
vt -1.909586 0.000000
vt -0.000000 0.000000
vt -0.000000 12.863540
vt -33.129452 12.863540
vt -33.129452 0.000000
vt -31.219860 0.000000
s 1
usemtl wood
f 1098/1/731 1097/2/732 1099/3/733
f 1099/3/733 1100/4/734 1098/1/731
f 1102/5/735 1101/6/736 1103/7/737
f 1103/7/737 1104/8/738 1102/5/735
f 1106/9/739 1105/10/740 1107/11/741
f 1106/9/739 1107/11/741 1108/12/733
f 1106/9/739 1108/12/733 1109/13/742
f 1106/9/739 1109/13/742 1110/14/743
s 0
f 1106/9/744 1110/14/744 1111/15/744
s 1
f 1112/16/745 1106/9/746 1111/15/747
f 1111/15/747 1113/17/748 1112/16/745
s 0
f 1108/12/744 1114/18/744 1109/13/744
s 1
f 1114/18/747 1108/12/733 1115/19/749
f 1115/19/749 1116/20/750 1114/18/747
f 1118/21/741 1117/22/742 1119/9/751
f 1119/9/751 1103/23/737 1118/21/741
f 1103/23/737 1097/24/732 1118/21/741
f 1097/24/732 1120/15/752 1118/21/741
f 1099/25/733 1097/24/732 1103/23/737
f 1103/23/737 1101/26/736 1099/25/733
f 1121/27/743 1099/25/733 1101/26/736
f 1101/26/736 1122/12/745 1121/27/743
f 1121/27/743 1123/28/740 1099/25/733
f 1124/18/753 1099/25/733 1123/28/740
f 1126/29/754 1125/30/755 1127/31/756
f 1127/31/756 1128/32/757 1126/29/754
s 0
f 1127/31/758 1098/33/758 1128/32/758
f 1098/33/759 1104/34/759 1128/32/759
s 1
f 1098/33/731 1100/35/734 1104/34/738
f 1100/35/734 1102/36/735 1104/34/738
f 1102/36/735 1100/35/734 1129/37/760
f 1129/37/760 1130/38/761 1102/36/735
f 1100/35/734 1131/39/762 1129/37/760
f 1100/35/734 1132/40/763 1131/39/762
f 1133/41/764 1109/42/742 1114/43/765
f 1114/43/765 1134/44/766 1133/41/764
s 0
f 1114/43/765 1132/45/765 1134/44/765
f 1132/45/765 1124/46/765 1134/44/765
s 1
f 1132/45/763 1100/47/734 1124/46/753
f 1100/47/734 1099/48/733 1124/46/753
f 1115/49/749 1135/50/767 1136/51/768
f 1115/49/749 1136/51/768 1137/52/769
f 1116/53/750 1115/49/749 1137/52/769
f 1116/53/750 1137/52/769 1138/54/770
f 1139/55/768 1116/53/750 1138/54/770
f 1138/54/770 1140/56/771 1139/55/768
f 1130/57/761 1108/58/733 1107/59/741
f 1107/59/741 1122/60/745 1130/57/761
f 1122/60/745 1107/59/741 1141/61/772
f 1141/61/772 1142/62/764 1122/60/745
f 1130/57/761 1122/60/745 1101/63/736
f 1101/63/736 1102/64/735 1130/57/761
f 1142/12/764 1141/11/772 1136/65/768
f 1136/65/768 1135/19/767 1142/12/764
f 1129/66/760 1131/67/762 1123/68/740
f 1123/68/740 1121/69/743 1129/66/760
f 1144/70/764 1143/71/773 1145/15/768
f 1145/15/768 1146/72/771 1144/70/764
f 1121/73/743 1142/74/764 1135/75/767
f 1135/75/767 1115/76/749 1121/73/743
f 1115/76/749 1129/77/760 1121/73/743
f 1115/76/749 1130/4/761 1129/77/760
f 1115/76/749 1108/78/733 1130/4/761
f 1142/74/764 1121/73/743 1122/3/745
f 1118/46/741 1125/45/755 1126/57/754
f 1126/57/754 1117/60/742 1118/46/741
f 1148/79/764 1147/80/774 1149/10/768
f 1149/10/768 1150/9/771 1148/79/764
f 1113/43/748 1151/81/775 1152/82/776
f 1152/82/776 1112/58/745 1113/43/748
f 1152/82/776 1148/83/764 1112/58/745
f 1152/82/776 1147/84/774 1148/83/764
f 1151/81/775 1113/43/748 1143/85/773
f 1143/85/773 1144/86/764 1151/81/775
f 1120/7/752 1145/87/768 1143/88/773
f 1143/88/773 1118/89/741 1120/7/752
f 1143/88/773 1113/90/748 1118/89/741
f 1113/90/748 1125/91/755 1118/89/741
f 1113/90/748 1111/92/747 1125/91/755
f 1127/8/756 1125/91/755 1111/92/747
f 1139/93/768 1134/94/766 1124/6/753
f 1124/6/753 1123/95/740 1139/93/768
f 1116/96/750 1139/93/768 1123/95/740
f 1123/95/740 1131/97/762 1116/96/750
f 1131/97/762 1132/5/763 1116/96/750
f 1132/5/763 1114/98/747 1116/96/750
f 1148/99/764 1150/100/771 1119/2/751
f 1119/2/751 1117/101/742 1148/99/764
f 1112/102/745 1148/99/764 1117/101/742
f 1117/101/742 1126/103/754 1112/102/745
f 1126/103/754 1128/1/757 1112/102/745
f 1128/1/757 1106/104/746 1112/102/745
f 1127/67/777 1120/68/752 1097/105/732
f 1097/105/732 1098/106/731 1127/67/777
s 0
f 1120/68/777 1127/67/777 1111/53/777
f 1145/107/777 1120/68/777 1111/53/777
s 1
f 1145/107/768 1111/53/777 1110/108/743
f 1110/108/743 1146/109/771 1145/107/768
f 1133/110/764 1134/18/766 1139/20/768
f 1139/20/768 1140/111/771 1133/110/764
f 1128/66/777 1104/112/738 1103/113/737
f 1103/113/737 1119/69/751 1128/66/777
s 0
f 1119/69/777 1106/49/777 1128/66/777
f 1119/69/777 1150/114/777 1106/49/777
s 1
f 1150/114/771 1149/115/768 1106/49/739
f 1149/115/768 1105/116/740 1106/49/739
f 1137/117/769 1152/118/776 1151/119/775
f 1151/119/775 1138/120/770 1137/117/769
f 1133/121/764 1140/122/771 1138/123/770
f 1138/123/770 1109/78/742 1133/121/764
f 1109/78/742 1138/123/770 1151/124/775
f 1110/104/743 1109/78/742 1151/124/775
f 1110/104/743 1151/124/775 1144/125/764
f 1144/125/764 1146/126/771 1110/104/743
f 1105/92/740 1149/127/768 1147/128/774
f 1147/128/774 1152/129/776 1105/92/740
f 1152/129/776 1137/130/769 1105/92/740
f 1107/98/741 1105/92/740 1137/130/769
f 1107/98/741 1137/130/769 1136/131/768
f 1136/131/768 1141/132/772 1107/98/741
o table.001
v 2.703269 0.421329 -0.707334
v 2.638827 0.421329 -0.788023
v 1.464769 0.421329 0.281778
v 1.400328 0.421329 0.201089
v 1.464769 0.531128 0.281778
v 1.400328 0.531128 0.201089
v 2.703269 0.531128 -0.707334
v 2.638827 0.531128 -0.788023
v 2.398055 0.952457 -1.089502
v 2.398055 0.842658 -1.089502
v 1.159555 0.952457 -0.100390
v 1.159555 0.842658 -0.100390
v 1.159556 -0.000000 -0.100390
v 2.398055 -0.000000 -1.089502
v 2.398055 0.109800 -1.089502
v 2.478744 0.842658 -1.153943
v 2.478744 0.109800 -1.153943
v 1.159556 0.109800 -0.100390
v 1.078866 0.842658 -0.035949
v 1.078866 0.109800 -0.035949
v 2.743613 0.842658 -0.739555
v 2.743613 0.109800 -0.739555
v 2.703269 0.842658 -0.707334
v 2.703269 0.109800 -0.707334
v 1.424424 0.842658 0.313999
v 1.464769 0.842658 0.281778
v 1.424424 0.109800 0.313999
v 1.464769 0.109800 0.281778
v 2.679172 0.109800 -0.820244
v 2.679172 0.842658 -0.820244
v 2.638827 0.109800 -0.788023
v 2.638827 0.842658 -0.788023
v 1.359983 0.842658 0.233309
v 1.400328 0.842658 0.201089
v 1.359983 0.109800 0.233309
v 1.400328 0.109800 0.201089
v 1.529210 0.000000 0.362467
v 1.529210 0.109800 0.362467
v 1.448521 0.842658 0.426908
v 1.448521 0.952457 0.426908
v 1.014425 0.952457 -0.116638
v 1.014425 -0.000000 -0.116638
v 1.448521 0.109800 0.426908
v 1.448521 0.000000 0.426908
v 1.529210 0.952457 0.362467
v 1.529210 0.842658 0.362467
v 2.848399 0.109800 -0.691086
v 2.848399 -0.000000 -0.691086
v 2.767710 0.109800 -0.626645
v 2.767710 0.000000 -0.626645
v 2.848399 0.952457 -0.691086
v 2.848399 0.842658 -0.691086
v 2.767710 0.952457 -0.626645
v 2.767710 0.842658 -0.626645
v 2.414303 -0.000000 -1.234632
v 2.414303 0.952457 -1.234632
vn -0.8114 -0.5774 -0.0908
vn 0.3289 -0.3015 0.8949
vn 0.8001 -0.3015 0.5186
vn -0.3289 -0.3015 -0.8949
vn -0.3289 0.3015 -0.8949
vn 0.8001 0.3015 0.5186
vn 0.3289 0.3015 0.8949
vn -0.8114 0.5773 -0.0908
vn 0.2087 -0.0000 0.9780
vn -0.0474 0.9045 0.4238
vn 0.4238 0.9045 0.0475
vn 0.4238 -0.9045 0.0474
vn -0.0474 -0.9045 0.4238
vn 0.6240 -0.0000 0.7814
vn 0.8950 -0.3015 -0.3289
vn 0.4413 -0.7071 0.5525
vn 0.4413 0.7071 0.5525
vn 0.8949 0.3015 -0.3289
vn -0.5186 -0.3015 0.8001
vn -0.5186 0.3015 0.8001
vn 0.4238 0.9045 0.0474
vn -0.0908 -0.5774 0.8114
vn -0.0908 0.5774 0.8114
vn 0.8949 -0.3015 -0.3289
vn 0.8114 0.5774 0.0909
vn 0.0474 -0.9045 -0.4238
vn 0.0474 0.9045 -0.4238
vn -0.4413 0.7071 -0.5525
vn -0.4413 -0.7071 -0.5525
vn -0.0000 -0.0000 -0.0000
vn -0.6241 -0.0000 -0.7814
vn -0.6240 -0.0000 -0.7814
vn -0.4238 -0.9045 -0.0474
vn 0.5186 -0.3015 -0.8001
vn -0.4238 0.9045 -0.0474
vn 0.0908 0.5773 -0.8114
vn 0.8114 -0.5773 0.0909
vn 0.7814 -0.0000 -0.6240
vn 0.8114 0.5774 0.0908
vn 0.7814 -0.0000 -0.6241
vn -0.0908 -0.5773 0.8114
vn -0.0908 0.5773 0.8114
vn -0.8114 0.5774 -0.0908
vn 0.8114 0.5773 0.0908
vn 0.0909 -0.5774 -0.8114
vn 0.0908 0.5774 -0.8114
vn -0.7814 -0.0000 0.6240
vn -0.7814 -0.0000 0.6241
vt 1.909586 3.819173
vt 1.909586 1.909586
vt 31.219860 1.909586
vt 31.219860 3.819173
vt -31.219860 3.819173
vt -31.219860 1.909586
vt -1.909586 1.909586
vt -1.909586 3.819173
vt -1.909586 15.582680
vt -1.909586 17.613119
vt -31.219860 17.613119
vt -31.219860 15.582680
vt -31.219860 0.000000
vt -1.909586 0.000000
vt -1.909586 2.030446
vt -0.000000 15.582680
vt -0.000000 2.030446
vt -31.219860 2.030446
vt -33.129452 15.582680
vt -33.129452 2.030446
vt -0.954793 2.030446
vt -0.954793 15.582680
vt -1.909586 9.821785
vt -1.909586 7.791339
vt -31.219860 7.791339
vt -31.219860 9.821785
vt -32.174660 15.582680
vt -32.174660 2.030446
vt 0.954793 15.582680
vt 0.954793 2.030446
vt 1.909586 2.030446
vt 1.909586 15.582680
vt 1.909586 7.791339
vt 1.909586 9.821785
vt 31.219860 7.791339
vt 31.219860 9.821785
vt 32.174660 15.582680
vt 31.219860 15.582680
vt 32.174660 2.030446
vt 31.219860 2.030446
vt 0.000000 0.000000
vt 0.000000 10.953960
vt -2.030446 10.953960
vt -2.030446 0.000000
vt -2.030446 3.819173
vt -2.030446 1.909586
vt -7.791339 3.819173
vt -7.791339 1.909586
vt 15.582680 10.953960
vt 15.582680 0.000000
vt 17.613119 0.000000
vt 17.613119 12.863540
vt 2.030446 10.953960
vt -0.000000 12.863540
vt 2.030446 0.000000
vt -0.000000 0.000000
vt -15.582680 3.819173
vt -15.582680 10.953960
vt -17.613119 10.953960
vt -15.582680 1.909586
vt -17.613119 0.000000
vt -15.582680 0.000000
vt -9.821785 1.909586
vt -9.821785 3.819173
vt -33.129452 17.613119
vt 15.582680 3.819173
vt 2.030446 3.819173
vt 2.030446 1.909586
vt 15.582680 1.909586
vt -0.000000 0.000000
vt -0.000000 2.030446
vt -1.909586 0.000000
vt 32.174660 1.909586
vt 31.219860 0.000000
vt 33.129452 0.000000
vt 33.129452 10.953960
vt 32.174660 3.819173
vt 31.219860 10.953960
vt -0.000000 15.582680
vt -0.000000 17.613119
vt -0.000000 12.863540
vt -17.613119 12.863540
vt -15.582680 0.000000
vt -17.613119 0.000000
vt -2.030446 0.000000
vt -0.000000 0.000000
vt -1.909586 -0.000000
vt -0.000000 0.000000
vt -0.954793 1.909586
vt -0.000000 10.953960
vt -0.954793 3.819173
vt -1.909586 10.953960
vt -33.129452 0.000000
vt -31.219860 0.000000
vt -32.174660 1.909586
vt -33.129452 10.953960
vt -32.174660 3.819173
vt -31.219860 10.953960
vt -0.000000 0.000000
vt 1.909586 0.000000
vt 0.954793 1.909586
vt -0.000000 10.953960
vt 0.954793 3.819173
vt 1.909586 10.953960
vt 7.791339 1.909586
vt 7.791339 3.819173
vt 2.030446 0.000000
vt 0.000000 10.953960
vt 0.000000 0.000000
vt -31.219860 0.000000
vt -33.129452 0.000000
vt 9.821785 3.819173
vt 9.821785 1.909586
vt 15.582680 0.000000
vt 17.613119 0.000000
vt 17.613119 10.953960
vt 33.129452 17.613119
vt -0.000000 17.613119
vt 0.000000 0.000000
vt 33.129452 0.000000
vt 31.219860 0.000000
vt 33.129452 0.000000
vt 33.129452 12.863540
vt 0.000000 12.863540
vt 0.000000 0.000000
vt 1.909586 0.000000
vt -1.909586 0.000000
vt -0.000000 0.000000
vt -0.000000 12.863540
vt -33.129452 12.863540
vt -33.129452 0.000000
vt -31.219860 0.000000
s 1
usemtl wood.001
f 1154/133/778 1153/134/779 1155/135/780
f 1155/135/780 1156/136/781 1154/133/778
f 1158/137/782 1157/138/783 1159/139/784
f 1159/139/784 1160/140/785 1158/137/782
f 1162/141/786 1161/142/787 1163/143/788
f 1162/141/786 1163/143/788 1164/144/780
f 1162/141/786 1164/144/780 1165/145/789
f 1162/141/786 1165/145/789 1166/146/790
s 0
f 1162/141/791 1166/146/791 1167/147/791
s 1
f 1168/148/792 1162/141/793 1167/147/794
f 1167/147/794 1169/149/795 1168/148/792
s 0
f 1164/144/791 1170/150/791 1165/145/791
s 1
f 1170/150/794 1164/144/780 1171/151/796
f 1171/151/796 1172/152/797 1170/150/794
f 1174/153/798 1173/154/789 1175/141/799
f 1175/141/799 1159/155/784 1174/153/798
f 1159/155/784 1153/156/779 1174/153/798
f 1153/156/779 1176/147/800 1174/153/798
f 1155/157/780 1153/156/779 1159/155/784
f 1159/155/784 1157/158/783 1155/157/780
f 1177/159/790 1155/157/780 1157/158/783
f 1157/158/783 1178/144/801 1177/159/790
f 1177/159/790 1179/160/787 1155/157/780
f 1180/150/802 1155/157/780 1179/160/787
f 1182/161/803 1181/162/804 1183/163/805
f 1183/163/805 1184/164/806 1182/161/803
s 0
f 1183/163/807 1154/165/807 1184/164/807
f 1154/165/808 1160/166/808 1184/164/809
s 1
f 1154/165/778 1156/167/781 1160/166/785
f 1156/167/781 1158/168/782 1160/166/785
f 1158/168/782 1156/167/781 1185/169/810
f 1185/169/810 1186/170/811 1158/168/782
f 1156/167/781 1187/171/812 1185/169/810
f 1156/167/781 1188/172/813 1187/171/812
f 1189/173/814 1165/174/789 1170/175/815
f 1170/175/815 1190/176/816 1189/173/814
s 0
f 1170/175/817 1188/177/817 1190/176/815
f 1188/177/817 1180/178/817 1190/176/815
s 1
f 1188/177/813 1156/179/781 1180/178/802
f 1156/179/781 1155/180/780 1180/178/802
f 1171/181/796 1191/182/818 1192/183/819
f 1171/181/796 1192/183/819 1193/184/820
f 1172/185/797 1171/181/796 1193/184/820
f 1172/185/797 1193/184/820 1194/186/778
f 1195/187/819 1172/185/797 1194/186/778
f 1194/186/778 1196/188/799 1195/187/819
f 1186/189/811 1164/190/780 1163/191/788
f 1163/191/788 1178/192/801 1186/189/811
f 1178/192/801 1163/191/788 1197/193/821
f 1197/193/821 1198/194/814 1178/192/801
f 1186/189/811 1178/192/801 1157/195/783
f 1157/195/783 1158/196/782 1186/189/811
f 1198/144/814 1197/143/821 1192/197/819
f 1192/197/819 1191/151/818 1198/144/814
f 1185/198/810 1187/199/812 1179/200/787
f 1179/200/787 1177/201/790 1185/198/810
f 1200/202/814 1199/203/821 1201/147/819
f 1201/147/819 1202/204/799 1200/202/814
f 1177/205/790 1198/206/814 1191/207/818
f 1191/207/818 1171/208/796 1177/205/790
f 1171/208/796 1185/209/810 1177/205/790
f 1171/208/796 1186/136/811 1185/209/810
f 1171/208/796 1164/210/780 1186/136/811
f 1198/206/814 1177/205/790 1178/135/801
f 1174/178/798 1181/177/804 1182/189/803
f 1182/189/803 1173/192/789 1174/178/798
f 1204/211/814 1203/212/821 1205/142/819
f 1205/142/819 1206/141/799 1204/211/814
f 1169/175/795 1207/213/822 1208/214/823
f 1208/214/823 1168/190/792 1169/175/795
f 1208/214/823 1204/215/814 1168/190/792
f 1208/214/823 1203/216/821 1204/215/814
f 1207/213/822 1169/175/795 1199/217/821
f 1199/217/821 1200/218/814 1207/213/822
f 1176/139/800 1201/219/819 1199/220/821
f 1199/220/821 1174/221/798 1176/139/800
f 1199/220/821 1169/222/795 1174/221/798
f 1169/222/795 1181/223/804 1174/221/798
f 1169/222/795 1167/224/794 1181/223/804
f 1183/140/805 1181/223/804 1167/224/794
f 1195/225/819 1190/226/816 1180/138/802
f 1180/138/802 1179/227/787 1195/225/819
f 1172/228/797 1195/225/819 1179/227/787
f 1179/227/787 1187/229/812 1172/228/797
f 1187/229/812 1188/137/813 1172/228/797
f 1188/137/813 1170/230/794 1172/228/797
f 1204/231/814 1206/232/799 1175/134/799
f 1175/134/799 1173/233/789 1204/231/814
f 1168/234/792 1204/231/814 1173/233/789
f 1173/233/789 1182/235/803 1168/234/792
f 1182/235/803 1184/133/806 1168/234/792
f 1184/133/806 1162/236/793 1168/234/792
f 1183/199/824 1176/200/800 1153/237/779
f 1153/237/779 1154/238/778 1183/199/824
s 0
f 1176/200/825 1183/199/825 1167/185/824
f 1201/239/825 1176/200/825 1167/185/824
s 1
f 1201/239/819 1167/185/824 1166/240/790
f 1166/240/790 1202/241/799 1201/239/819
f 1189/242/814 1190/150/816 1195/152/819
f 1195/152/819 1196/243/799 1189/242/814
f 1184/198/824 1160/244/785 1159/245/784
f 1159/245/784 1175/201/799 1184/198/824
s 0
f 1175/201/825 1162/181/824 1184/198/824
f 1175/201/824 1206/246/825 1162/181/824
s 1
f 1206/246/799 1205/247/819 1162/181/786
f 1205/247/819 1161/248/787 1162/181/786
f 1193/249/820 1208/250/823 1207/251/822
f 1207/251/822 1194/252/778 1193/249/820
f 1189/253/814 1196/254/799 1194/255/778
f 1194/255/778 1165/210/789 1189/253/814
f 1165/210/789 1194/255/778 1207/256/822
f 1166/236/790 1165/210/789 1207/256/822
f 1166/236/790 1207/256/822 1200/257/814
f 1200/257/814 1202/258/799 1166/236/790
f 1161/224/787 1205/259/819 1203/260/821
f 1203/260/821 1208/261/823 1161/224/787
f 1208/261/823 1193/262/820 1161/224/787
f 1163/230/788 1161/224/787 1193/262/820
f 1163/230/788 1193/262/820 1192/263/819
f 1192/263/819 1197/264/821 1163/230/788
o table.002
v 0.850038 0.159768 -1.518353
v 0.858027 0.250152 -1.567652
v 0.478079 0.922756 -0.179801
v 0.486069 1.013139 -0.229101
v 0.584474 0.927883 -0.153159
v 0.592463 1.018267 -0.202458
v 0.956433 0.164896 -1.491710
v 0.964422 0.255279 -1.541009
v 1.402536 0.612654 -1.622973
v 1.296141 0.607527 -1.649615
v 1.030577 1.375642 -0.284422
v 0.924183 1.370514 -0.311064
v 0.107655 1.331163 -0.515532
v 0.479614 0.568176 -1.854083
v 0.586009 0.573303 -1.827440
v 1.320375 0.557818 -1.736823
v 0.610242 0.523594 -1.914648
v 0.214050 1.336291 -0.488889
v 0.899949 1.420223 -0.223857
v 0.189817 1.386000 -0.401682
v 1.270418 0.154589 -1.459723
v 0.560286 0.120366 -1.637547
v 1.258302 0.179444 -1.416119
v 0.548169 0.145220 -1.593944
v 0.874226 0.967286 -0.033964
v 0.886343 0.942431 -0.077567
v 0.164094 0.933062 -0.211789
v 0.176211 0.908208 -0.255392
v 0.568275 0.210749 -1.686847
v 1.278408 0.244973 -1.509022
v 0.556158 0.235604 -1.643243
v 1.266291 0.269827 -1.465418
v 0.882216 1.057669 -0.083263
v 0.894332 1.032815 -0.126867
v 0.172083 1.023446 -0.261088
v 0.184200 0.998591 -0.304692
v 0.061826 0.812697 -0.232735
v 0.168221 0.817824 -0.206093
v 0.854120 0.901757 0.058940
v 0.960515 0.906884 0.085582
v 1.014333 1.515735 -0.246514
v 0.091411 1.471256 -0.477623
v 0.143988 0.867533 -0.118885
v 0.037593 0.862406 -0.145528
v 0.984748 0.857175 -0.001626
v 0.878354 0.852048 -0.028268
v 0.564413 0.005127 -1.631852
v 0.458019 0.000000 -1.658494
v 0.540180 0.054837 -1.544644
v 0.433785 0.049709 -1.571287
v 1.380941 0.044478 -1.427385
v 1.274546 0.039351 -1.454027
v 1.356707 0.094188 -1.340177
v 1.250313 0.089060 -1.366819
v 0.511837 0.608850 -1.990590
v 1.434759 0.653329 -1.759480
vn -0.6503 0.7563 0.0719
vn -0.4329 -0.6607 0.6133
vn -0.2914 -0.9509 0.1040
vn -0.1514 0.6325 -0.7596
vn 0.4329 0.6606 -0.6133
vn 0.2929 -0.9228 0.2504
vn 0.1514 -0.6325 0.7596
vn 0.4686 0.8102 0.3520
vn -0.1741 -0.5676 0.8047
vn 0.7824 -0.0765 0.6181
vn 0.9239 -0.3668 0.1088
vn -0.8291 -0.4513 -0.3302
vn -0.9706 -0.1610 0.1791
vn -0.0774 -0.8753 0.4774
vn -0.1032 -0.7134 -0.6931
vn -0.7399 -0.6519 0.1660
vn 0.6305 -0.5859 0.5092
vn 0.4811 -0.6853 -0.5468
vn -0.5277 0.1574 0.8347
vn 0.0566 0.1856 0.9810
vn -0.7396 -0.2544 0.6231
vn 0.3793 -0.2004 0.9033
vn 0.6503 -0.7563 -0.0718
vn -0.7824 0.0765 -0.6181
vn 0.9706 0.1610 -0.1791
vn 0.7399 0.6519 -0.1660
vn -0.6305 0.5859 -0.5092
vn -0.0000 -0.0000 -0.0000
vn 0.0774 0.8753 -0.4774
vn 0.0774 0.8752 -0.4775
vn -0.9239 0.3668 -0.1088
vn -0.0566 -0.1856 -0.9810
vn 0.8291 0.4513 0.3302
vn 0.7396 0.2544 -0.6231
vn -0.4686 -0.8102 -0.3520
vn 0.2347 -0.4814 -0.8445
vn 0.6503 -0.7563 -0.0719
vn 0.2347 -0.4813 -0.8445
vn 0.3793 -0.2005 0.9033
vn 0.4686 0.8102 0.3521
vn -0.3793 0.2004 -0.9033
vn -0.2347 0.4814 0.8445
vn -0.2347 0.4813 0.8445
vt 1.909586 3.819173
vt 1.909586 1.909586
vt 31.219860 1.909586
vt 31.219860 3.819173
vt -31.219860 3.819173
vt -31.219860 1.909586
vt -1.909586 1.909586
vt -1.909586 3.819173
vt -1.909586 15.582680
vt -1.909586 17.613119
vt -31.219860 17.613119
vt -31.219860 15.582680
vt -31.219860 0.000000
vt -1.909586 0.000000
vt -1.909586 2.030446
vt -0.000000 15.582680
vt -0.000000 2.030446
vt -31.219860 2.030446
vt -33.129452 15.582680
vt -33.129452 2.030446
vt -0.954793 2.030446
vt -0.954793 15.582680
vt -1.909586 9.821785
vt -1.909586 7.791339
vt -31.219860 7.791339
vt -31.219860 9.821785
vt -32.174660 15.582680
vt -32.174660 2.030446
vt 0.954793 15.582680
vt 0.954793 2.030446
vt 1.909586 2.030446
vt 1.909586 15.582680
vt 1.909586 7.791339
vt 1.909586 9.821785
vt 31.219860 7.791339
vt 31.219860 9.821785
vt 32.174660 15.582680
vt 31.219860 15.582680
vt 32.174660 2.030446
vt 31.219860 2.030446
vt 0.000000 0.000000
vt 0.000000 10.953960
vt -2.030446 10.953960
vt -2.030446 0.000000
vt -2.030446 3.819173
vt -2.030446 1.909586
vt -7.791339 3.819173
vt -7.791339 1.909586
vt 15.582680 10.953960
vt 15.582680 0.000000
vt 17.613119 0.000000
vt 17.613119 12.863540
vt 2.030446 10.953960
vt -0.000000 12.863540
vt 2.030446 0.000000
vt -0.000000 0.000000
vt -15.582680 3.819173
vt -15.582680 10.953960
vt -17.613119 10.953960
vt -15.582680 1.909586
vt -17.613119 0.000000
vt -15.582680 0.000000
vt -9.821785 1.909586
vt -9.821785 3.819173
vt -33.129452 17.613119
vt 15.582680 3.819173
vt 2.030446 3.819173
vt 2.030446 1.909586
vt 15.582680 1.909586
vt -0.000000 0.000000
vt -0.000000 2.030446
vt -1.909586 0.000000
vt 32.174660 1.909586
vt 31.219860 0.000000
vt 33.129452 0.000000
vt 33.129452 10.953960
vt 32.174660 3.819173
vt 31.219860 10.953960
vt -0.000000 15.582680
vt -0.000000 17.613119
vt -0.000000 12.863540
vt -17.613119 12.863540
vt -15.582680 0.000000
vt -17.613119 0.000000
vt -2.030446 0.000000
vt -0.000000 0.000000
vt -1.909586 -0.000000
vt -0.000000 0.000000
vt -0.954793 1.909586
vt -0.000000 10.953960
vt -0.954793 3.819173
vt -1.909586 10.953960
vt -33.129452 0.000000
vt -31.219860 0.000000
vt -32.174660 1.909586
vt -33.129452 10.953960
vt -32.174660 3.819173
vt -31.219860 10.953960
vt -0.000000 0.000000
vt 1.909586 0.000000
vt 0.954793 1.909586
vt -0.000000 10.953960
vt 0.954793 3.819173
vt 1.909586 10.953960
vt 7.791339 1.909586
vt 7.791339 3.819173
vt 2.030446 0.000000
vt 0.000000 10.953960
vt 0.000000 0.000000
vt -31.219860 0.000000
vt -33.129452 0.000000
vt 9.821785 3.819173
vt 9.821785 1.909586
vt 15.582680 0.000000
vt 17.613119 0.000000
vt 17.613119 10.953960
vt 33.129452 17.613119
vt -0.000000 17.613119
vt 0.000000 0.000000
vt 33.129452 0.000000
vt 31.219860 0.000000
vt 33.129452 0.000000
vt 33.129452 12.863540
vt 0.000000 12.863540
vt 0.000000 0.000000
vt 1.909586 0.000000
vt -1.909586 0.000000
vt -0.000000 0.000000
vt -0.000000 12.863540
vt -33.129452 12.863540
vt -33.129452 0.000000
vt -31.219860 0.000000
s 1
usemtl wood.002
f 1210/265/826 1209/266/827 1211/267/828
f 1211/267/828 1212/268/829 1210/265/826
f 1214/269/830 1213/270/831 1215/271/832
f 1215/271/832 1216/272/833 1214/269/830
f 1218/273/834 1217/274/835 1219/275/836
f 1218/273/834 1219/275/836 1220/276/828
f 1218/273/834 1220/276/828 1221/277/837
f 1218/273/834 1221/277/837 1222/278/838
s 0
f 1218/273/839 1222/278/839 1223/279/839
s 1
f 1224/280/840 1218/273/841 1223/279/842
f 1223/279/842 1225/281/843 1224/280/840
s 0
f 1220/276/839 1226/282/839 1221/277/839
s 1
f 1226/282/842 1220/276/828 1227/283/844
f 1227/283/844 1228/284/845 1226/282/842
f 1230/285/836 1229/286/837 1231/273/846
f 1231/273/846 1215/287/832 1230/285/836
f 1215/287/832 1209/288/827 1230/285/836
f 1209/288/827 1232/279/847 1230/285/836
f 1211/289/828 1209/288/827 1215/287/832
f 1215/287/832 1213/290/831 1211/289/828
f 1233/291/838 1211/289/828 1213/290/831
f 1213/290/831 1234/276/840 1233/291/838
f 1233/291/838 1235/292/835 1211/289/828
f 1236/282/848 1211/289/828 1235/292/835
f 1238/293/849 1237/294/850 1239/295/851
f 1239/295/851 1240/296/852 1238/293/849
s 0
f 1239/295/853 1210/297/853 1240/296/853
f 1210/297/854 1216/298/854 1240/296/855
s 1
f 1210/297/826 1212/299/829 1216/298/833
f 1212/299/829 1214/300/830 1216/298/833
f 1214/300/830 1212/299/829 1241/301/856
f 1241/301/856 1242/302/857 1214/300/830
f 1212/299/829 1243/303/858 1241/301/856
f 1212/299/829 1244/304/859 1243/303/858
f 1245/305/860 1221/306/837 1226/307/861
f 1226/307/861 1246/308/862 1245/305/860
s 0
f 1226/307/863 1244/309/863 1246/308/861
f 1244/309/863 1236/310/863 1246/308/861
s 1
f 1244/309/859 1212/311/829 1236/310/848
f 1212/311/829 1211/312/828 1236/310/848
f 1227/313/844 1247/314/846 1248/315/864
f 1227/313/844 1248/315/864 1249/316/865
f 1228/317/845 1227/313/844 1249/316/865
f 1228/317/845 1249/316/865 1250/318/826
f 1251/319/864 1228/317/845 1250/318/826
f 1250/318/826 1252/320/846 1251/319/864
f 1242/321/857 1220/322/828 1219/323/836
f 1219/323/836 1234/324/840 1242/321/857
f 1234/324/840 1219/323/836 1253/325/862
f 1253/325/862 1254/326/860 1234/324/840
f 1242/321/857 1234/324/840 1213/327/831
f 1213/327/831 1214/328/830 1242/321/857
f 1254/276/860 1253/275/862 1248/329/864
f 1248/329/864 1247/283/846 1254/276/860
f 1241/330/856 1243/331/858 1235/332/835
f 1235/332/835 1233/333/838 1241/330/856
f 1256/334/860 1255/335/862 1257/279/864
f 1257/279/864 1258/336/846 1256/334/860
f 1233/337/838 1254/338/860 1247/339/846
f 1247/339/846 1227/340/844 1233/337/838
f 1227/340/844 1241/341/856 1233/337/838
f 1227/340/844 1242/268/857 1241/341/856
f 1227/340/844 1220/342/828 1242/268/857
f 1254/338/860 1233/337/838 1234/267/840
f 1230/310/836 1237/309/850 1238/321/849
f 1238/321/849 1229/324/837 1230/310/836
f 1260/343/860 1259/344/862 1261/274/864
f 1261/274/864 1262/273/846 1260/343/860
f 1225/307/843 1263/345/866 1264/346/859
f 1264/346/859 1224/322/840 1225/307/843
f 1264/346/859 1260/347/860 1224/322/840
f 1264/346/859 1259/348/862 1260/347/860
f 1263/345/866 1225/307/843 1255/349/862
f 1255/349/862 1256/350/860 1263/345/866
f 1232/271/847 1257/351/864 1255/352/862
f 1255/352/862 1230/353/836 1232/271/847
f 1255/352/862 1225/354/843 1230/353/836
f 1225/354/843 1237/355/850 1230/353/836
f 1225/354/843 1223/356/842 1237/355/850
f 1239/272/851 1237/355/850 1223/356/842
f 1251/357/864 1246/358/862 1236/270/848
f 1236/270/848 1235/359/835 1251/357/864
f 1228/360/845 1251/357/864 1235/359/835
f 1235/359/835 1243/361/858 1228/360/845
f 1243/361/858 1244/269/859 1228/360/845
f 1244/269/859 1226/362/842 1228/360/845
f 1260/363/860 1262/364/846 1231/266/846
f 1231/266/846 1229/365/837 1260/363/860
f 1224/366/840 1260/363/860 1229/365/837
f 1229/365/837 1238/367/849 1224/366/840
f 1238/367/849 1240/265/852 1224/366/840
f 1240/265/852 1218/368/841 1224/366/840
f 1239/331/867 1232/332/847 1209/369/827
f 1209/369/827 1210/370/826 1239/331/867
s 0
f 1232/332/868 1239/331/868 1223/317/867
f 1257/371/868 1232/332/868 1223/317/867
s 1
f 1257/371/864 1223/317/867 1222/372/838
f 1222/372/838 1258/373/846 1257/371/864
f 1245/374/860 1246/282/862 1251/284/864
f 1251/284/864 1252/375/846 1245/374/860
f 1240/330/867 1216/376/833 1215/377/832
f 1215/377/832 1231/333/846 1240/330/867
s 0
f 1231/333/868 1218/313/867 1240/330/867
f 1231/333/867 1262/378/868 1218/313/867
s 1
f 1262/378/846 1261/379/864 1218/313/834
f 1261/379/864 1217/380/835 1218/313/834
f 1249/381/865 1264/382/859 1263/383/866
f 1263/383/866 1250/384/826 1249/381/865
f 1245/385/860 1252/386/846 1250/387/826
f 1250/387/826 1221/342/837 1245/385/860
f 1221/342/837 1250/387/826 1263/388/866
f 1222/368/838 1221/342/837 1263/388/866
f 1222/368/838 1263/388/866 1256/389/860
f 1256/389/860 1258/390/846 1222/368/838
f 1217/356/835 1261/391/864 1259/392/862
f 1259/392/862 1264/393/859 1217/356/835
f 1264/393/859 1249/394/865 1217/356/835
f 1219/362/836 1217/356/835 1249/394/865
f 1219/362/836 1249/394/865 1248/395/864
f 1248/395/864 1253/396/862 1219/362/836
o OfficeChair.001
v 0.000000 0.083696 0.763500
v 0.000000 0.119809 0.763500
v 0.029693 0.083696 0.773148
v 0.029693 0.119809 0.773148
v 0.048044 0.083696 0.798406
v 0.048044 0.119809 0.798406
v 0.048044 0.083696 0.829627
v 0.048044 0.119809 0.829627
v 0.029693 0.083696 0.854885
v 0.029693 0.119809 0.854885
v -0.000000 0.083696 0.864533
v -0.000000 0.119809 0.864533
v -0.029693 0.083696 0.854885
v -0.029693 0.119809 0.854885
v -0.048044 0.083696 0.829627
v -0.048044 0.119809 0.829627
v -0.048044 0.083696 0.798406
v -0.048044 0.119809 0.798406
v -0.029693 0.083696 0.773148
v -0.029693 0.119809 0.773148
v 0.018210 0.123348 0.788953
v 0.000000 0.123348 0.783036
v 0.029464 0.123348 0.804443
v 0.029464 0.123348 0.823590
v 0.018210 0.123348 0.839081
v -0.000000 0.123348 0.844997
v -0.018210 0.123348 0.839081
v -0.029464 0.123348 0.823590
v -0.029464 0.123348 0.804443
v -0.018210 0.123348 0.788953
v 0.018210 0.391741 0.788953
v 0.000000 0.391741 0.783036
v 0.029464 0.391741 0.804443
v 0.029464 0.391741 0.823590
v 0.018210 0.391741 0.839080
v -0.000000 0.391741 0.844997
v -0.018210 0.391741 0.839080
v -0.029464 0.391741 0.823590
v -0.029464 0.391741 0.804443
v -0.018210 0.391741 0.788953
v -0.006591 0.070950 1.152852
v -0.006591 0.082382 1.152852
v -0.005886 0.082180 0.837470
v -0.005886 0.115667 0.837470
v 0.006591 0.070950 1.152852
v 0.006591 0.082382 1.152852
v 0.005886 0.082180 0.837470
v 0.005886 0.115667 0.837470
v -0.006591 0.070950 1.078276
v -0.006591 0.117133 1.078275
v 0.006591 0.070950 1.078276
v 0.006591 0.117133 1.078275
v -0.006591 0.070950 1.115564
v 0.006591 0.108726 1.115564
v -0.006591 0.108726 1.115564
v 0.006591 0.070950 1.115564
v -0.006591 0.066114 1.140854
v 0.006591 0.090858 1.140854
v -0.006591 0.090858 1.140854
v 0.006591 0.066114 1.140854
v -0.006591 0.051705 1.140854
v -0.006591 0.051705 1.152852
v 0.006591 0.051705 1.152852
v 0.006591 0.051705 1.140854
v -0.016559 0.025643 1.119286
v 0.016559 0.025643 1.119286
v -0.016559 0.009851 1.124418
v 0.016559 0.009851 1.124418
v -0.016559 0.000091 1.137851
v 0.016559 0.000091 1.137851
v -0.016559 0.000091 1.154456
v 0.016559 0.000091 1.154456
v -0.016559 0.009851 1.167889
v 0.016559 0.009851 1.167889
v -0.016559 0.025643 1.173020
v 0.016559 0.025643 1.173020
v -0.016559 0.041435 1.167889
v 0.016559 0.041435 1.167889
v -0.016559 0.051195 1.154456
v 0.016559 0.051195 1.154456
v -0.016559 0.051195 1.137851
v 0.016559 0.051195 1.137851
v -0.016559 0.041435 1.124418
v 0.016559 0.041435 1.124418
v -0.019799 0.025417 1.117234
v 0.019799 0.025417 1.117234
v -0.019799 0.025417 1.175072
v 0.019799 0.025417 1.175072
v -0.019799 0.042416 1.169549
v 0.019799 0.042416 1.169549
v -0.019799 0.052921 1.155090
v 0.019799 0.052921 1.155090
v -0.019799 0.052921 1.137217
v 0.019799 0.052921 1.137217
v -0.019799 0.042415 1.122757
v 0.019799 0.042416 1.122757
v -0.019799 0.030555 1.112962
v 0.019799 0.030555 1.112962
v 0.019799 0.030555 1.179345
v -0.019799 0.030555 1.179345
v -0.019799 0.047553 1.173006
v 0.019799 0.047553 1.173006
v -0.019799 0.058058 1.156410
v 0.019799 0.058058 1.156410
v -0.019799 0.058058 1.135896
v 0.019799 0.058058 1.135896
v -0.019799 0.047553 1.119301
v 0.019799 0.047553 1.119301
v 0.320215 0.070950 0.924991
v 0.320215 0.082382 0.924991
v 0.020216 0.082180 0.827059
v 0.020216 0.115667 0.827059
v 0.324288 0.070950 0.912454
v 0.324288 0.082382 0.912454
v 0.023854 0.082180 0.815863
v 0.023854 0.115667 0.815863
v 0.249288 0.070950 0.901946
v 0.249288 0.117133 0.901946
v 0.253362 0.070950 0.889408
v 0.253362 0.117133 0.889408
v 0.284751 0.070950 0.913469
v 0.288825 0.108726 0.900931
v 0.284751 0.108726 0.913469
v 0.288825 0.070950 0.900931
v 0.308804 0.066114 0.921284
v 0.312878 0.090858 0.908746
v 0.308804 0.090858 0.921284
v 0.312878 0.066114 0.908746
v 0.308804 0.051705 0.921284
v 0.320215 0.051705 0.924991
v 0.324288 0.051705 0.912454
v 0.312878 0.051705 0.908746
v 0.285212 0.025643 0.924099
v 0.295446 0.025643 0.892602
v 0.290092 0.009851 0.925684
v 0.300326 0.009851 0.894188
v 0.302868 0.000091 0.929835
v 0.313102 0.000091 0.898339
v 0.318660 0.000091 0.934966
v 0.328894 0.000091 0.903470
v 0.331436 0.009851 0.939118
v 0.341669 0.009851 0.907621
v 0.336316 0.025643 0.940703
v 0.346550 0.025643 0.909207
v 0.331436 0.041435 0.939118
v 0.341669 0.041435 0.907621
v 0.318660 0.051194 0.934966
v 0.328894 0.051194 0.903470
v 0.302868 0.051194 0.929835
v 0.313102 0.051194 0.898339
v 0.290092 0.041435 0.925684
v 0.300326 0.041435 0.894188
v 0.282259 0.025417 0.926546
v 0.294495 0.025417 0.888886
v 0.337266 0.025417 0.944419
v 0.349502 0.025417 0.906759
v 0.332013 0.042415 0.942713
v 0.344250 0.042415 0.905052
v 0.318261 0.052921 0.938244
v 0.330498 0.052921 0.900584
v 0.301263 0.052921 0.932721
v 0.313500 0.052921 0.895061
v 0.287512 0.042415 0.928253
v 0.299748 0.042415 0.890593
v 0.278195 0.030555 0.925226
v 0.290432 0.030555 0.887566
v 0.353566 0.030555 0.908079
v 0.341330 0.030555 0.945740
v 0.335301 0.047553 0.943781
v 0.347537 0.047553 0.906120
v 0.319517 0.058058 0.938652
v 0.331754 0.058058 0.900992
v 0.300008 0.058058 0.932313
v 0.312244 0.058058 0.894653
v 0.284224 0.047553 0.927185
v 0.296461 0.047553 0.889525
v 0.204495 0.070950 0.543768
v 0.204495 0.082382 0.543768
v 0.018380 0.082180 0.799017
v 0.018380 0.115667 0.799017
v 0.193830 0.070950 0.536019
v 0.193830 0.082382 0.536019
v 0.008856 0.082180 0.792097
v 0.008856 0.115667 0.792097
v 0.160660 0.070950 0.604101
v 0.160660 0.117133 0.604101
v 0.149995 0.070950 0.596352
v 0.149995 0.117133 0.596352
v 0.182578 0.070950 0.573934
v 0.171912 0.108726 0.566185
v 0.182578 0.108726 0.573934
v 0.171912 0.070950 0.566185
v 0.197443 0.066114 0.553474
v 0.186778 0.090858 0.545725
v 0.197443 0.090858 0.553474
v 0.186778 0.066114 0.545725
v 0.197443 0.051705 0.553474
v 0.204495 0.051705 0.543768
v 0.193830 0.051705 0.536019
v 0.186778 0.051705 0.545725
v 0.192829 0.025643 0.576781
v 0.166037 0.025643 0.557315
v 0.195845 0.009851 0.572630
v 0.169053 0.009851 0.553164
v 0.203741 0.000091 0.561762
v 0.176949 0.000091 0.542296
v 0.213501 0.000091 0.548329
v 0.186709 0.000091 0.528863
v 0.221397 0.009851 0.537461
v 0.194605 0.009851 0.517995
v 0.224413 0.025643 0.533310
v 0.197621 0.025643 0.513844
v 0.221397 0.041434 0.537461
v 0.194605 0.041434 0.517995
v 0.213501 0.051194 0.548329
v 0.186709 0.051194 0.528863
v 0.203741 0.051194 0.561762
v 0.176949 0.051194 0.542296
v 0.195845 0.041434 0.572630
v 0.169053 0.041434 0.553164
v 0.194245 0.025417 0.580346
v 0.162209 0.025417 0.557071
v 0.228241 0.025417 0.533554
v 0.196205 0.025417 0.510279
v 0.224995 0.042415 0.538022
v 0.192959 0.042415 0.514747
v 0.216496 0.052921 0.549720
v 0.184460 0.052921 0.526445
v 0.205990 0.052921 0.564180
v 0.173954 0.052921 0.540905
v 0.197491 0.042415 0.575878
v 0.165455 0.042415 0.552602
v 0.191733 0.030555 0.583803
v 0.159698 0.030555 0.560527
v 0.198717 0.030555 0.506822
v 0.230753 0.030555 0.530097
v 0.227027 0.047553 0.535226
v 0.194991 0.047553 0.511950
v 0.217272 0.058058 0.548652
v 0.185236 0.058058 0.525377
v 0.205214 0.058058 0.565248
v 0.173178 0.058058 0.541973
v 0.195459 0.047553 0.578674
v 0.163424 0.047553 0.555399
v -0.193830 0.070950 0.536019
v -0.193830 0.082382 0.536019
v -0.008856 0.082180 0.792097
v -0.008856 0.115667 0.792097
v -0.204495 0.070950 0.543767
v -0.204495 0.082382 0.543767
v -0.018380 0.082180 0.799017
v -0.018380 0.115667 0.799017
v -0.149995 0.070950 0.596352
v -0.149995 0.117133 0.596352
v -0.160660 0.070950 0.604101
v -0.160660 0.117133 0.604101
v -0.171912 0.070950 0.566185
v -0.182578 0.108726 0.573934
v -0.171912 0.108726 0.566185
v -0.182578 0.070950 0.573934
v -0.186778 0.066114 0.545725
v -0.197443 0.090858 0.553474
v -0.186778 0.090858 0.545725
v -0.197443 0.066114 0.553474
v -0.186778 0.051705 0.545725
v -0.193830 0.051705 0.536019
v -0.204495 0.051705 0.543767
v -0.197443 0.051705 0.553474
v -0.166037 0.025643 0.557315
v -0.192829 0.025643 0.576781
v -0.169053 0.009851 0.553164
v -0.195845 0.009851 0.572630
v -0.176949 0.000091 0.542296
v -0.203741 0.000091 0.561762
v -0.186709 0.000091 0.528863
v -0.213501 0.000091 0.548329
v -0.194605 0.009851 0.517995
v -0.221397 0.009851 0.537461
v -0.197621 0.025643 0.513844
v -0.224413 0.025643 0.533309
v -0.194605 0.041434 0.517995
v -0.221397 0.041434 0.537461
v -0.186709 0.051194 0.528863
v -0.213501 0.051194 0.548329
v -0.176949 0.051194 0.542296
v -0.203741 0.051194 0.561762
v -0.169053 0.041434 0.553164
v -0.195845 0.041434 0.572630
v -0.162209 0.025417 0.557070
v -0.194245 0.025417 0.580346
v -0.196205 0.025417 0.510279
v -0.228241 0.025417 0.533554
v -0.192959 0.042415 0.514747
v -0.224995 0.042415 0.538022
v -0.184460 0.052921 0.526445
v -0.216496 0.052921 0.549720
v -0.173954 0.052921 0.540904
v -0.205990 0.052921 0.564180
v -0.165455 0.042415 0.552602
v -0.197491 0.042415 0.575878
v -0.159697 0.030555 0.560527
v -0.191733 0.030555 0.583803
v -0.230753 0.030555 0.530097
v -0.198717 0.030555 0.506822
v -0.194991 0.047553 0.511950
v -0.227027 0.047553 0.535226
v -0.185236 0.058058 0.525377
v -0.217272 0.058058 0.548652
v -0.173178 0.058058 0.541973
v -0.205214 0.058058 0.565248
v -0.163423 0.047553 0.555399
v -0.195459 0.047553 0.578674
v -0.324288 0.070950 0.912454
v -0.324288 0.082382 0.912454
v -0.023854 0.082180 0.815863
v -0.023854 0.115667 0.815863
v -0.320215 0.070950 0.924991
v -0.320215 0.082382 0.924991
v -0.020216 0.082180 0.827059
v -0.020216 0.115667 0.827059
v -0.253362 0.070950 0.889408
v -0.253362 0.117133 0.889408
v -0.249288 0.070950 0.901946
v -0.249288 0.117133 0.901946
v -0.288825 0.070950 0.900931
v -0.284751 0.108726 0.913469
v -0.288825 0.108726 0.900931
v -0.284751 0.070950 0.913469
v -0.312878 0.066114 0.908746
v -0.308804 0.090858 0.921284
v -0.312878 0.090858 0.908746
v -0.308804 0.066114 0.921284
v -0.312878 0.051705 0.908746
v -0.324288 0.051705 0.912454
v -0.320215 0.051705 0.924991
v -0.308804 0.051705 0.921284
v -0.295446 0.025643 0.892602
v -0.285212 0.025643 0.924098
v -0.300326 0.009851 0.894188
v -0.290092 0.009851 0.925684
v -0.313102 0.000091 0.898339
v -0.302868 0.000091 0.929835
v -0.328894 0.000091 0.903470
v -0.318660 0.000091 0.934966
v -0.341670 0.009851 0.907621
v -0.331436 0.009851 0.939117
v -0.346550 0.025643 0.909207
v -0.336316 0.025643 0.940703
v -0.341670 0.041435 0.907621
v -0.331436 0.041435 0.939117
v -0.328894 0.051194 0.903470
v -0.318660 0.051194 0.934966
v -0.313102 0.051194 0.898339
v -0.302868 0.051194 0.929835
v -0.300326 0.041435 0.894188
v -0.290092 0.041435 0.925684
v -0.294496 0.025417 0.888886
v -0.282259 0.025417 0.926546
v -0.349503 0.025417 0.906759
v -0.337266 0.025417 0.944419
v -0.344250 0.042415 0.905052
v -0.332013 0.042415 0.942712
v -0.330498 0.052921 0.900584
v -0.318261 0.052921 0.938244
v -0.313500 0.052921 0.895061
v -0.301263 0.052921 0.932721
v -0.299748 0.042415 0.890593
v -0.287512 0.042415 0.928253
v -0.290432 0.030555 0.887565
v -0.278195 0.030555 0.925226
v -0.341330 0.030555 0.945740
v -0.353566 0.030555 0.908079
v -0.347537 0.047553 0.906120
v -0.335301 0.047553 0.943781
v -0.331754 0.058058 0.900992
v -0.319517 0.058058 0.938652
v -0.312244 0.058058 0.894653
v -0.300008 0.058058 0.932313
v -0.296461 0.047553 0.889524
v -0.284224 0.047553 0.927185
v -0.326971 0.617633 0.606860
v -0.326971 0.453082 0.619277
v -0.326971 0.410792 0.844337
v -0.326971 0.453363 0.918721
v -0.326971 0.554730 0.956676
v -0.326971 0.553457 0.596058
v -0.361205 0.392425 0.665434
v -0.326971 0.580039 0.662012
v -0.326971 0.476542 0.656889
v -0.361205 0.391480 0.856221
v -0.326971 0.481161 0.883498
v -0.326971 0.560732 0.914107
v -0.326971 0.553803 0.639613
v -0.326971 0.410792 0.759555
v -0.361205 0.598836 0.634436
v -0.292736 0.597544 0.917922
v -0.361205 0.553630 0.617836
v -0.292736 0.464812 0.638083
v -0.292736 0.392425 0.665434
v -0.326971 0.373132 0.757124
v -0.361205 0.467262 0.901110
v -0.292736 0.467262 0.901110
v -0.361205 0.584925 0.935751
v -0.292736 0.557731 0.935392
v -0.361205 0.464812 0.638083
v -0.292736 0.584484 0.620423
v -0.361205 0.391962 0.758339
v -0.292736 0.391480 0.856221
v -0.292736 0.598200 0.773535
v -0.361205 0.597544 0.917922
v -0.326971 0.580039 0.890181
v -0.326971 0.615049 0.945663
v -0.292736 0.598836 0.634436
v -0.361205 0.598200 0.773535
v -0.326971 0.580039 0.773885
v -0.326971 0.616361 0.773184
v -0.292736 0.584925 0.935751
v -0.361205 0.557731 0.935392
v -0.326971 0.574986 0.910307
v -0.326971 0.594865 0.961194
v -0.292736 0.553630 0.617836
v -0.361205 0.584484 0.620423
v -0.326971 0.572676 0.645344
v -0.326971 0.596292 0.595502
v -0.326971 0.372167 0.868105
v -0.326971 0.374058 0.651640
v -0.292736 0.391962 0.758339
v -0.326971 0.410792 0.679228
v 0.326230 0.617633 0.606860
v 0.326230 0.453082 0.619277
v 0.326230 0.410792 0.844336
v 0.326230 0.453363 0.918721
v 0.326230 0.554730 0.956676
v 0.326230 0.553457 0.596058
v 0.291995 0.392425 0.665434
v 0.326230 0.580039 0.662012
v 0.326230 0.476542 0.656889
v 0.291995 0.391480 0.856221
v 0.326230 0.481161 0.883498
v 0.326230 0.560732 0.914107
v 0.326230 0.553803 0.639613
v 0.326230 0.410792 0.759555
v 0.291995 0.598836 0.634436
v 0.360465 0.597544 0.917922
v 0.291995 0.553630 0.617836
v 0.360465 0.464812 0.638083
v 0.360465 0.392425 0.665434
v 0.326230 0.373132 0.757124
v 0.291995 0.467262 0.901110
v 0.360465 0.467262 0.901110
v 0.291995 0.584925 0.935751
v 0.360465 0.557731 0.935392
v 0.291995 0.464812 0.638083
v 0.360465 0.584484 0.620423
v 0.291995 0.391962 0.758339
v 0.360465 0.391480 0.856221
v 0.360465 0.598200 0.773534
v 0.291995 0.597544 0.917922
v 0.326230 0.580039 0.890181
v 0.326230 0.615049 0.945663
v 0.360465 0.598836 0.634436
v 0.291995 0.598200 0.773534
v 0.326230 0.580039 0.773885
v 0.326230 0.616361 0.773184
v 0.360465 0.584925 0.935751
v 0.291995 0.557731 0.935392
v 0.326230 0.574986 0.910307
v 0.326230 0.594865 0.961194
v 0.360465 0.553630 0.617836
v 0.291995 0.584484 0.620423
v 0.326230 0.572676 0.645344
v 0.326230 0.596292 0.595502
v 0.326230 0.372168 0.868105
v 0.326230 0.374058 0.651640
v 0.360465 0.391962 0.758339
v 0.326230 0.410792 0.679228
v -0.352647 0.610673 0.938728
v -0.326971 0.609944 0.958441
v -0.301295 0.612933 0.613754
v -0.326971 0.612336 0.598202
v -0.326971 0.393847 0.638838
v -0.352647 0.593340 0.601732
v -0.301295 0.456014 0.623978
v -0.326971 0.392414 0.888219
v -0.301295 0.406084 0.759251
v -0.352647 0.405964 0.847308
v -0.352647 0.456838 0.914319
v -0.301295 0.456838 0.914319
v -0.352647 0.555480 0.951355
v -0.301295 0.555480 0.951355
v -0.326971 0.519355 0.946058
v -0.352647 0.456014 0.623978
v -0.301295 0.553501 0.601503
v -0.326971 0.517655 0.602002
v -0.352647 0.378650 0.655089
v -0.301295 0.376996 0.865134
v -0.326971 0.410792 0.817095
v -0.352647 0.584415 0.897117
v -0.326971 0.578776 0.901606
v -0.301295 0.584738 0.655118
v -0.326971 0.578198 0.653664
v -0.326971 0.427229 0.669825
v -0.352647 0.575628 0.639114
v -0.301295 0.473610 0.652187
v -0.326971 0.428384 0.860173
v -0.301295 0.377839 0.757428
v -0.352647 0.376996 0.865134
v -0.352647 0.477686 0.887901
v -0.301295 0.477686 0.887901
v -0.352647 0.559981 0.919428
v -0.301295 0.559981 0.919428
v -0.326971 0.536239 0.904685
v -0.352647 0.473610 0.652187
v -0.301295 0.553760 0.634169
v -0.326971 0.528732 0.645219
v -0.352647 0.406200 0.675780
v -0.301295 0.405964 0.847308
v -0.361205 0.391626 0.824997
v -0.361205 0.594360 0.930023
v -0.292736 0.594360 0.930023
v -0.361205 0.595267 0.625933
v -0.292736 0.595267 0.625933
v -0.361205 0.410538 0.654331
v -0.292736 0.410538 0.654331
v -0.361205 0.410399 0.874196
v -0.292736 0.410399 0.874196
v -0.361205 0.527797 0.925372
v -0.292736 0.527797 0.925372
v -0.361205 0.523194 0.623610
v -0.292736 0.523194 0.623610
v -0.292736 0.391626 0.824997
v -0.326971 0.372461 0.832899
v -0.352647 0.611821 0.773272
v -0.301295 0.610673 0.938728
v -0.352647 0.584579 0.773797
v -0.301295 0.584415 0.897117
v -0.292736 0.597737 0.874181
v -0.361205 0.597737 0.874181
v -0.326971 0.580039 0.854714
v -0.326971 0.615435 0.893648
v -0.301295 0.611821 0.773272
v -0.301295 0.584579 0.773797
v -0.352647 0.612933 0.613754
v -0.352647 0.584738 0.655118
v -0.292736 0.598658 0.674210
v -0.361205 0.598658 0.674210
v -0.326971 0.580039 0.694162
v -0.326971 0.617277 0.654259
v -0.352647 0.592380 0.954834
v -0.301295 0.592380 0.954834
v -0.352647 0.577471 0.916668
v -0.301295 0.577471 0.916668
v -0.292736 0.571847 0.936931
v -0.361205 0.571847 0.936931
v -0.326971 0.568896 0.914926
v -0.326971 0.574797 0.958935
v -0.352647 0.553501 0.601503
v -0.301295 0.593340 0.601732
v -0.352647 0.553760 0.634169
v -0.301295 0.575628 0.639114
v -0.292736 0.569576 0.617770
v -0.361205 0.569576 0.617770
v -0.326971 0.564277 0.639759
v -0.326971 0.574875 0.595780
v -0.301295 0.406200 0.675780
v -0.352647 0.377839 0.757428
v -0.301295 0.378650 0.655089
v -0.352647 0.406084 0.759251
v -0.361205 0.392293 0.692926
v -0.326971 0.373794 0.682723
v -0.292736 0.392293 0.692926
v -0.326971 0.410792 0.703128
v 0.300554 0.610673 0.938728
v 0.326230 0.609944 0.958441
v 0.351906 0.612934 0.613754
v 0.326230 0.612336 0.598202
v 0.326230 0.393847 0.638838
v 0.300554 0.593340 0.601732
v 0.351906 0.456015 0.623978
v 0.326230 0.392414 0.888219
v 0.351906 0.406084 0.759251
v 0.300554 0.405964 0.847308
v 0.300554 0.456838 0.914318
v 0.351906 0.456838 0.914318
v 0.300554 0.555480 0.951355
v 0.351906 0.555480 0.951355
v 0.326230 0.519355 0.946058
v 0.300554 0.456015 0.623978
v 0.351906 0.553501 0.601503
v 0.326230 0.517655 0.602002
v 0.300554 0.378650 0.655089
v 0.351906 0.376996 0.865134
v 0.326230 0.410792 0.817095
v 0.300554 0.584415 0.897116
v 0.326230 0.578776 0.901606
v 0.351906 0.584738 0.655118
v 0.326230 0.578198 0.653664
v 0.326230 0.427229 0.669825
v 0.300554 0.575628 0.639114
v 0.351906 0.473610 0.652187
v 0.326230 0.428384 0.860173
v 0.351906 0.377839 0.757428
v 0.300554 0.376996 0.865134
v 0.300554 0.477686 0.887901
v 0.351906 0.477686 0.887901
v 0.300554 0.559982 0.919428
v 0.351906 0.559982 0.919428
v 0.326230 0.536239 0.904685
v 0.300554 0.473610 0.652187
v 0.351906 0.553760 0.634169
v 0.326230 0.528732 0.645219
v 0.300554 0.406200 0.675779
v 0.351906 0.405964 0.847308
v 0.291995 0.391626 0.824997
v 0.291995 0.594360 0.930023
v 0.360465 0.594360 0.930023
v 0.291995 0.595267 0.625933
v 0.360465 0.595267 0.625933
v 0.291995 0.410538 0.654331
v 0.360465 0.410538 0.654331
v 0.291995 0.410399 0.874196
v 0.360465 0.410399 0.874196
v 0.291995 0.527797 0.925371
v 0.360465 0.527797 0.925371
v 0.291995 0.523194 0.623610
v 0.360465 0.523194 0.623610
v 0.360465 0.391626 0.824997
v 0.326230 0.372461 0.832899
v 0.300554 0.611821 0.773272
v 0.351906 0.610673 0.938728
v 0.300554 0.584579 0.773797
v 0.351906 0.584415 0.897116
v 0.360465 0.597737 0.874181
v 0.291995 0.597737 0.874181
v 0.326230 0.580039 0.854714
v 0.326230 0.615435 0.893648
v 0.351906 0.611821 0.773272
v 0.351906 0.584579 0.773797
v 0.300554 0.612934 0.613754
v 0.300554 0.584738 0.655118
v 0.360465 0.598658 0.674210
v 0.291995 0.598658 0.674210
v 0.326230 0.580039 0.694162
v 0.326230 0.617277 0.654259
v 0.300554 0.592380 0.954834
v 0.351906 0.592380 0.954834
v 0.300554 0.577471 0.916668
v 0.351906 0.577471 0.916668
v 0.360465 0.571847 0.936931
v 0.291995 0.571847 0.936931
v 0.326230 0.568896 0.914926
v 0.326230 0.574797 0.958935
v 0.300554 0.553501 0.601503
v 0.351906 0.593340 0.601732
v 0.300554 0.553760 0.634169
v 0.351906 0.575628 0.639114
v 0.360465 0.569576 0.617769
v 0.291995 0.569576 0.617769
v 0.326230 0.564277 0.639759
v 0.326230 0.574875 0.595780
v 0.351906 0.406200 0.675779
v 0.300554 0.377839 0.757428
v 0.351906 0.378650 0.655089
v 0.300554 0.406084 0.759251
v 0.291995 0.392293 0.692926
v 0.326230 0.373794 0.682723
v 0.360465 0.392293 0.692926
v 0.326230 0.410792 0.703128
v -0.352647 0.606048 0.951337
v -0.301295 0.606048 0.951337
v -0.352647 0.608069 0.605135
v -0.301295 0.608069 0.605135
v -0.352647 0.398020 0.642711
v -0.301295 0.398020 0.642711
v -0.352647 0.396910 0.884713
v -0.301295 0.396910 0.884713
v -0.352647 0.521465 0.940887
v -0.301295 0.521465 0.940887
v -0.352647 0.519040 0.607404
v -0.301295 0.519040 0.607404
v -0.301295 0.406000 0.819071
v -0.352647 0.406000 0.819071
v -0.352647 0.582672 0.908710
v -0.301295 0.582672 0.908710
v -0.352647 0.582466 0.646731
v -0.301295 0.582466 0.646731
v -0.352647 0.423057 0.665951
v -0.301295 0.423057 0.665951
v -0.352647 0.423888 0.863679
v -0.301295 0.423888 0.863679
v -0.352647 0.534128 0.909856
v -0.301295 0.534128 0.909856
v -0.352647 0.527348 0.639817
v -0.301295 0.527348 0.639817
v -0.301295 0.377252 0.830924
v -0.352647 0.377252 0.830924
v -0.352647 0.611011 0.888781
v -0.301295 0.611011 0.888781
v -0.352647 0.584464 0.859581
v -0.301295 0.584464 0.859581
v -0.301295 0.612622 0.659247
v -0.301295 0.584694 0.689174
v -0.352647 0.612622 0.659247
v -0.352647 0.584694 0.689174
v -0.352647 0.574060 0.953434
v -0.301295 0.574060 0.953434
v -0.352647 0.569634 0.920428
v -0.301295 0.569634 0.920428
v -0.352647 0.573550 0.601277
v -0.301295 0.573550 0.601277
v -0.352647 0.565601 0.634262
v -0.301295 0.565601 0.634262
v -0.301295 0.406167 0.700578
v -0.352647 0.378418 0.685274
v -0.301295 0.378418 0.685274
v -0.352647 0.406167 0.700578
v 0.300554 0.606048 0.951337
v 0.351906 0.606048 0.951337
v 0.300554 0.608069 0.605135
v 0.351906 0.608069 0.605135
v 0.300554 0.398020 0.642711
v 0.351906 0.398020 0.642711
v 0.300554 0.396911 0.884713
v 0.351906 0.396911 0.884713
v 0.300554 0.521465 0.940886
v 0.351906 0.521465 0.940886
v 0.300554 0.519040 0.607404
v 0.351906 0.519040 0.607404
v 0.351906 0.406000 0.819071
v 0.300554 0.406000 0.819071
v 0.300554 0.582672 0.908710
v 0.351906 0.582672 0.908710
v 0.300554 0.582466 0.646731
v 0.351906 0.582466 0.646731
v 0.300554 0.423057 0.665951
v 0.351906 0.423057 0.665951
v 0.300554 0.423888 0.863679
v 0.351906 0.423888 0.863679
v 0.300554 0.534128 0.909856
v 0.351906 0.534128 0.909856
v 0.300554 0.527348 0.639817
v 0.351906 0.527348 0.639817
v 0.351906 0.377252 0.830924
v 0.300554 0.377252 0.830924
v 0.300554 0.611011 0.888781
v 0.351906 0.611011 0.888781
v 0.300554 0.584464 0.859581
v 0.351906 0.584464 0.859581
v 0.351906 0.612622 0.659247
v 0.351906 0.584694 0.689174
v 0.300554 0.612622 0.659247
v 0.300554 0.584694 0.689174
v 0.300554 0.574060 0.953434
v 0.351906 0.574060 0.953434
v 0.300554 0.569634 0.920428
v 0.351906 0.569634 0.920428
v 0.300554 0.573550 0.601277
v 0.351906 0.573550 0.601277
v 0.300554 0.565602 0.634262
v 0.351906 0.565602 0.634262
v 0.351906 0.406167 0.700577
v 0.300554 0.378418 0.685274
v 0.351906 0.378418 0.685274
v 0.300554 0.406167 0.700577
v 0.035061 0.362201 0.571856
v 0.035061 0.407375 0.580048
v 0.035061 0.394619 0.507418
v 0.035061 0.430127 0.534675
v -0.035061 0.362201 0.571856
v -0.035061 0.407375 0.580048
v -0.035061 0.394619 0.507418
v -0.035061 0.430127 0.534675
v 0.035061 0.462489 0.511961
v 0.035061 0.442686 0.471331
v -0.035061 0.442686 0.471331
v -0.035061 0.462489 0.511961
v 0.035061 0.497295 0.500279
v 0.035061 0.498688 0.460323
v -0.035061 0.498688 0.460323
v -0.035061 0.497295 0.500279
v 0.035061 0.591739 0.491151
v 0.035061 0.590945 0.455903
v -0.035061 0.590945 0.455903
v -0.035061 0.591739 0.491151
v 0.035061 0.383813 0.528897
v 0.035061 0.373007 0.550377
v 0.035061 0.414959 0.564924
v 0.035061 0.422543 0.549799
v -0.035061 0.373007 0.550377
v -0.035061 0.383813 0.528897
v -0.035061 0.422543 0.549799
v -0.035061 0.414959 0.564924
v -0.035061 0.440915 0.527103
v -0.035061 0.451702 0.519532
v 0.035061 0.451702 0.519532
v 0.035061 0.440915 0.527103
v 0.035061 0.426663 0.483360
v 0.035061 0.410641 0.495389
v -0.035061 0.410641 0.495389
v -0.035061 0.426663 0.483360
v 0.035061 0.466459 0.466658
v 0.035061 0.485126 0.462988
v -0.035061 0.485126 0.462988
v -0.035061 0.466459 0.466658
v -0.035061 0.477265 0.507002
v -0.035061 0.488867 0.503108
v 0.035061 0.488867 0.503108
v 0.035061 0.477265 0.507002
v -0.035061 0.551405 0.495049
v 0.035061 0.551405 0.495049
v 0.035061 0.551545 0.457791
v -0.035061 0.551545 0.457791
v 0.035061 0.533368 0.496792
v 0.035061 0.515332 0.498536
v 0.035061 0.533926 0.458635
v 0.035061 0.516307 0.459479
v -0.035061 0.515332 0.498536
v -0.035061 0.533368 0.496792
v -0.035061 0.516307 0.459479
v -0.035061 0.533926 0.458635
v 0.022267 0.385770 0.542871
v 0.022267 0.411391 0.554128
v -0.022267 0.385770 0.542871
v -0.022267 0.411391 0.554128
v 0.022943 0.420056 0.537805
v -0.022943 0.395801 0.521979
v 0.022943 0.395801 0.521979
v -0.022943 0.420056 0.537805
v 0.021514 0.429167 0.525193
v 0.021514 0.408984 0.507100
v -0.021514 0.429167 0.525193
v -0.021514 0.408984 0.507100
v -0.020583 0.440598 0.516310
v 0.020583 0.440598 0.516310
v 0.020583 0.424362 0.496383
v -0.020583 0.424362 0.496383
v -0.024762 0.453803 0.510107
v -0.024762 0.437968 0.482986
v 0.024762 0.453803 0.510107
v 0.024762 0.437968 0.482986
v -0.027309 0.456264 0.473470
v 0.027309 0.468185 0.505006
v 0.027309 0.456264 0.473470
v -0.027309 0.468185 0.505006
v 0.024085 0.476931 0.471121
v -0.024085 0.476931 0.471121
v -0.024085 0.481927 0.498757
v 0.024085 0.481927 0.498757
v 0.026351 0.492053 0.466628
v -0.026351 0.492935 0.496721
v -0.026351 0.492053 0.466628
v 0.026351 0.492935 0.496721
v 0.026765 0.506453 0.494733
v 0.026765 0.507357 0.464575
v -0.026765 0.506454 0.494733
v -0.026765 0.507357 0.464575
v 0.025756 0.524452 0.492541
v 0.025756 0.525015 0.464180
v -0.025756 0.524452 0.492541
v -0.025756 0.525015 0.464180
v 0.000625 1.116040 0.418866
v 0.219404 1.037906 0.430258
v -0.282134 0.614977 0.491920
v 0.000625 0.594674 0.439976
v 0.000625 0.556440 0.500455
v 0.000625 0.536527 0.474289
v 0.299313 0.598363 0.465273
v 0.000625 1.127653 0.388104
v -0.230479 1.045117 0.400138
v -0.205829 1.036822 0.502403
v 0.000625 1.110554 0.491653
v 0.267454 0.637719 0.560591
v 0.000625 0.582479 0.568645
v 0.000625 0.647535 0.627913
v 0.000625 1.046637 0.569725
v 0.207079 1.036822 0.502403
v -0.244260 0.828025 0.532845
v -0.273499 0.811390 0.434215
v 0.231729 1.045117 0.400138
v 0.000625 1.041428 0.374840
v -0.218154 1.037906 0.430258
v 0.260129 0.816644 0.462518
v 0.283383 0.614977 0.491920
v -0.298063 0.598363 0.465273
v -0.266204 0.637719 0.560591
v 0.000625 0.837840 0.600167
v 0.245510 0.828025 0.532845
v 0.274748 0.811390 0.434215
v 0.000625 0.807701 0.408917
v -0.258879 0.816644 0.462518
v -0.223391 0.595596 0.446300
v -0.163476 1.107019 0.391113
v 0.000625 1.104252 0.372139
v 0.164726 1.107019 0.391113
v 0.173953 1.042350 0.381164
v 0.224641 0.551986 0.472035
v 0.000625 0.549220 0.453062
v 0.155974 1.096506 0.421714
v -0.223391 0.551986 0.472035
v -0.154724 1.096506 0.421714
v -0.211444 0.571074 0.498321
v 0.212694 0.571074 0.498321
v 0.000625 0.543349 0.493479
v 0.295330 0.604361 0.484584
v 0.000625 1.126594 0.408444
v -0.227398 1.045158 0.420317
v -0.199497 0.596289 0.566632
v -0.154216 1.044184 0.552895
v 0.000625 1.099483 0.544832
v 0.200747 0.645081 0.611083
v 0.000625 0.603651 0.617123
v -0.145972 1.092121 0.494341
v 0.147222 1.092121 0.494341
v 0.200747 0.596289 0.566632
v 0.000625 0.571062 0.517937
v 0.271436 0.627126 0.509762
v 0.000625 1.107018 0.439795
v -0.208910 1.032185 0.450706
v -0.172703 1.042350 0.381164
v 0.206217 0.808623 0.415241
v 0.228648 1.045158 0.420317
v -0.269844 0.814547 0.453939
v -0.183039 0.835386 0.583337
v 0.155466 1.044184 0.552895
v 0.210160 1.032185 0.450706
v -0.247915 0.820272 0.481602
v 0.000625 0.957572 0.582711
v 0.224930 0.947756 0.515389
v -0.223680 0.947756 0.515389
v -0.250462 0.945417 0.414674
v 0.251711 0.945417 0.414674
v 0.000625 0.941729 0.389376
v -0.237071 0.943523 0.444019
v 0.238321 0.943523 0.444019
v -0.204968 0.808623 0.415241
v 0.271094 0.814547 0.453939
v 0.184289 0.835386 0.583337
v 0.249165 0.820272 0.481602
v 0.224641 0.595596 0.446300
v -0.294080 0.604361 0.484584
v -0.199497 0.645081 0.611083
v -0.270187 0.627126 0.509762
v 0.277570 0.694663 0.480302
v -0.291922 0.682537 0.453001
v -0.260718 0.712916 0.549628
v 0.000625 0.722731 0.616950
v 0.261968 0.712916 0.549628
v 0.293172 0.682537 0.453001
v 0.000625 0.678849 0.427703
v -0.276320 0.694663 0.480302
v -0.165313 0.561960 0.456228
v -0.123665 1.088921 0.379398
v 0.166563 0.561960 0.456228
v 0.124915 1.088921 0.379398
v -0.220404 0.558602 0.491255
v -0.161288 1.106235 0.411412
v 0.162538 1.106235 0.411412
v 0.221654 0.558602 0.491255
v -0.202484 0.585078 0.515893
v -0.147613 0.612484 0.602467
v -0.110408 1.083238 0.533832
v 0.111658 1.083238 0.533832
v 0.148863 0.612484 0.602467
v -0.148160 1.088310 0.442523
v 0.149410 1.088310 0.442523
v 0.203734 0.585078 0.515893
v -0.187690 0.942651 0.395700
v 0.188940 0.942651 0.395700
v 0.248364 0.946788 0.434659
v -0.247114 0.946788 0.434659
v -0.167604 0.955118 0.565880
v 0.168854 0.955118 0.565880
v 0.228278 0.941790 0.463885
v -0.227028 0.941790 0.463885
v -0.218785 0.679771 0.434028
v 0.289271 0.687413 0.472475
v 0.196632 0.720277 0.600119
v 0.265868 0.703445 0.498635
v 0.220035 0.679771 0.434028
v -0.288021 0.687413 0.472475
v -0.195382 0.720277 0.600119
v -0.264619 0.703445 0.498635
v 0.000625 0.405339 0.551175
v 0.283383 0.405339 0.630135
v -0.282134 0.405339 0.912894
v 0.000625 0.351009 0.917342
v 0.000625 0.405339 1.116692
v 0.000625 0.385096 1.132621
v 0.299313 0.385096 0.917342
v 0.000625 0.385096 0.535246
v -0.298063 0.385096 0.618654
v -0.266204 0.451591 0.641616
v 0.000625 0.451591 0.567105
v 0.267454 0.451591 0.908446
v 0.000625 0.451591 1.100763
v 0.000625 0.494644 0.908446
v 0.000625 0.494643 0.641616
v 0.267454 0.451591 0.641616
v -0.266204 0.451591 0.908446
v -0.298063 0.385096 0.917342
v 0.299313 0.385096 0.618654
v 0.000625 0.351009 0.618654
v -0.282134 0.405339 0.630135
v 0.283383 0.405339 0.912894
v 0.299313 0.359531 0.618654
v -0.298063 0.359531 0.917342
v -0.298063 0.359531 0.618654
v 0.000625 0.359531 0.535246
v 0.299313 0.359531 0.917342
v 0.000625 0.359531 1.132621
v -0.223391 0.353139 0.917342
v -0.223391 0.359531 0.556098
v 0.000625 0.353139 0.556098
v 0.224641 0.359531 0.556098
v 0.224641 0.353139 0.618654
v 0.224641 0.359531 1.078802
v 0.000625 0.353139 1.078802
v 0.212694 0.405339 0.570915
v -0.223391 0.385096 1.078802
v -0.211444 0.405339 0.570915
v -0.211444 0.405339 1.065742
v 0.212694 0.405339 1.065742
v 0.000625 0.398678 1.128639
v 0.295330 0.398678 0.916230
v 0.000625 0.398678 0.539228
v -0.294080 0.398678 0.621525
v -0.199497 0.451591 1.052683
v -0.199497 0.483880 0.641616
v 0.000625 0.483880 0.585733
v 0.200747 0.483880 0.908446
v 0.000625 0.483880 1.052683
v -0.199497 0.451591 0.585733
v 0.200747 0.451591 0.585733
v 0.200747 0.451591 1.052683
v 0.000625 0.418502 1.104745
v 0.271436 0.418502 0.909558
v 0.000625 0.418502 0.563122
v -0.270187 0.418502 0.638746
v -0.223391 0.353139 0.618654
v 0.224641 0.353139 0.917342
v 0.295330 0.398678 0.621525
v -0.294080 0.398678 0.916230
v -0.199497 0.483880 0.908446
v 0.200747 0.483880 0.641616
v 0.271436 0.418502 0.638746
v -0.270187 0.418502 0.909558
v 0.000625 0.494643 0.745580
v 0.267454 0.451591 0.745580
v -0.266204 0.451591 0.745580
v -0.298063 0.359531 0.735031
v 0.299313 0.359531 0.735031
v 0.000625 0.351009 0.735031
v -0.282134 0.405339 0.740305
v 0.283383 0.405339 0.740305
v -0.223391 0.385096 0.556098
v 0.224641 0.385096 0.556098
v 0.224641 0.385096 1.078802
v -0.223391 0.359531 1.078802
v -0.298063 0.385096 0.735031
v 0.299313 0.385096 0.735031
v 0.299313 0.370183 0.618654
v -0.298063 0.370183 0.917342
v -0.298063 0.370183 0.618654
v 0.000625 0.370183 0.535246
v 0.299313 0.370183 0.917342
v 0.000625 0.370183 1.132621
v -0.165313 0.354796 1.036942
v -0.165313 0.354796 0.572316
v 0.166563 0.354796 1.036942
v 0.166563 0.354796 0.572316
v -0.220404 0.398678 1.075537
v -0.220404 0.398678 0.559802
v 0.221654 0.398678 0.559802
v 0.221654 0.398678 1.075537
v -0.202484 0.418502 1.055948
v -0.147613 0.475509 1.015288
v -0.147613 0.475509 0.600221
v 0.148863 0.475509 0.600221
v 0.148863 0.475509 1.015288
v -0.202484 0.418502 0.582028
v 0.203734 0.418502 0.582028
v 0.203734 0.418502 1.055948
v -0.223391 0.353139 0.735031
v 0.224641 0.353139 0.735031
v 0.295330 0.398678 0.736349
v -0.294080 0.398678 0.736349
v -0.199497 0.483880 0.745580
v 0.200747 0.483880 0.745580
v 0.271436 0.418502 0.744261
v -0.270187 0.418502 0.744261
v -0.223391 0.370183 0.556098
v 0.224641 0.370183 0.556098
v 0.224641 0.370183 1.078802
v -0.223391 0.370183 1.078802
v -0.298063 0.370183 0.735031
v 0.299313 0.370183 0.735031
vn 0.3090 -0.0000 -0.9511
vn 0.8090 -0.0000 -0.5878
vn 1.0000 -0.0000 -0.0000
vn 0.8090 -0.0000 0.5878
vn 0.3090 -0.0000 0.9511
vn -0.3090 -0.0000 0.9511
vn -0.8090 -0.0000 0.5878
vn -1.0000 -0.0000 -0.0000
vn 0.1513 0.9823 -0.1100
vn -0.8090 -0.0000 -0.5878
vn -0.3090 -0.0000 -0.9511
vn -0.0000 -1.0000 -0.0000
vn -0.0578 0.9823 -0.1779
vn -0.1513 0.9823 -0.1100
vn -0.1871 0.9823 -0.0000
vn -0.1513 0.9823 0.1100
vn -0.0578 0.9823 0.1779
vn 0.0578 0.9823 0.1779
vn 0.1513 0.9823 0.1100
vn 0.0578 0.9823 -0.1779
vn 0.1871 0.9823 -0.0000
vn -0.0000 1.0000 -0.0000
vn -1.0000 -0.0000 -0.0014
vn -1.0000 -0.0000 -0.0001
vn -1.0000 -0.0000 -0.0029
vn -0.0000 -0.0000 -1.0000
vn -0.0000 -0.0000 1.0000
vn -0.0000 0.8167 0.5770
vn -0.0000 1.0000 -0.0061
vn -0.0000 -0.9989 -0.0466
vn 1.0000 -0.0000 -0.0029
vn 1.0000 -0.0000 -0.0001
vn 1.0000 -0.0000 -0.0014
vn -0.0000 0.9755 0.2200
vn -0.0000 -0.9822 -0.1878
vn -0.0000 -0.3090 -0.9511
vn -0.0000 -0.8090 -0.5878
vn -0.0000 -0.8090 0.5878
vn -0.0000 -0.3090 0.9511
vn -0.0000 0.3090 0.9511
vn -0.0000 0.8090 0.5878
vn -0.0000 0.8090 -0.5878
vn -0.0000 0.3090 -0.9511
vn -0.0000 0.3494 0.9370
vn -0.0000 0.8449 0.5349
vn -0.0000 0.8449 -0.5349
vn -0.0000 0.3494 -0.9370
vn -0.0000 -0.6394 -0.7688
vn -0.0000 -0.6394 0.7688
vn -0.3099 -0.0000 0.9508
vn -0.3107 -0.0000 0.9505
vn -0.9511 -0.0000 -0.3090
vn 0.9511 -0.0000 0.3090
vn 0.5488 0.8167 0.1783
vn -0.0058 1.0000 -0.0019
vn -0.0443 -0.9989 -0.0144
vn 0.3052 -0.0000 -0.9523
vn 0.3088 -0.0000 -0.9511
vn 0.3071 -0.0000 -0.9517
vn 0.2092 0.9755 0.0680
vn -0.1786 -0.9822 -0.0580
vn -0.9045 -0.3090 -0.2939
vn -0.5590 -0.8090 -0.1816
vn 0.5590 -0.8090 0.1816
vn 0.9045 -0.3090 0.2939
vn 0.9045 0.3090 0.2939
vn 0.5590 0.8090 0.1816
vn -0.5590 0.8090 -0.1816
vn -0.9045 0.3090 -0.2939
vn 0.8911 0.3494 0.2895
vn 0.5087 0.8449 0.1653
vn -0.5087 0.8449 -0.1653
vn -0.8911 0.3494 -0.2895
vn -0.7312 -0.6394 -0.2376
vn 0.7312 -0.6394 0.2376
vn 0.8084 -0.0000 0.5887
vn 0.8083 -0.0000 0.5888
vn 0.8077 -0.0000 0.5896
vn -0.5878 -0.0000 0.8090
vn 0.5878 -0.0000 -0.8090
vn 0.3392 0.8167 -0.4668
vn -0.0036 1.0000 0.0049
vn -0.0273 -0.9989 0.0376
vn -0.8111 -0.0000 -0.5849
vn -0.8091 -0.0000 -0.5877
vn -0.8101 -0.0000 -0.5863
vn 0.1293 0.9755 -0.1779
vn -0.1104 -0.9822 0.1519
vn -0.5590 -0.3090 0.7694
vn -0.3455 -0.8090 0.4755
vn 0.3455 -0.8090 -0.4755
vn 0.5590 -0.3090 -0.7694
vn 0.5590 0.3090 -0.7694
vn 0.3455 0.8090 -0.4755
vn -0.3455 0.8090 0.4755
vn -0.5590 0.3090 0.7694
vn 0.5507 0.3494 -0.7580
vn 0.3144 0.8449 -0.4327
vn -0.3144 0.8449 0.4327
vn -0.5507 0.3494 0.7580
vn -0.4519 -0.6394 0.6220
vn 0.4519 -0.6394 -0.6220
vn 0.8101 -0.0000 -0.5863
vn 0.8091 -0.0000 -0.5877
vn 0.8111 -0.0000 -0.5849
vn 0.5878 -0.0000 0.8090
vn -0.5878 -0.0000 -0.8090
vn -0.3392 0.8167 -0.4668
vn 0.0036 1.0000 0.0049
vn 0.0273 -0.9989 0.0376
vn -0.8077 -0.0000 0.5896
vn -0.8083 -0.0000 0.5888
vn -0.8084 -0.0000 0.5887
vn -0.1293 0.9755 -0.1779
vn 0.1104 -0.9822 0.1519
vn 0.5590 -0.3090 0.7694
vn 0.3455 -0.8090 0.4755
vn -0.3455 -0.8090 -0.4755
vn -0.5590 -0.3090 -0.7694
vn -0.5590 0.3090 -0.7694
vn -0.3455 0.8090 -0.4755
vn 0.3455 0.8090 0.4755
vn 0.5590 0.3090 0.7694
vn -0.5507 0.3494 -0.7580
vn -0.3144 0.8449 -0.4327
vn 0.3144 0.8449 0.4327
vn 0.5507 0.3494 0.7580
vn 0.4519 -0.6394 0.6220
vn -0.4519 -0.6394 -0.6220
vn -0.3071 -0.0000 -0.9517
vn -0.3089 -0.0000 -0.9511
vn -0.3052 -0.0000 -0.9523
vn 0.9511 -0.0000 -0.3090
vn -0.9511 -0.0000 0.3090
vn -0.5488 0.8167 0.1783
vn 0.0058 1.0000 -0.0019
vn 0.0443 -0.9989 -0.0144
vn 0.3107 -0.0000 0.9505
vn 0.3099 -0.0000 0.9508
vn -0.2092 0.9755 0.0680
vn 0.1786 -0.9822 -0.0580
vn 0.9045 -0.3090 -0.2939
vn 0.5590 -0.8090 -0.1816
vn -0.5590 -0.8090 0.1816
vn -0.9045 -0.3090 0.2939
vn -0.9045 0.3090 0.2939
vn -0.5590 0.8090 0.1816
vn 0.5590 0.8090 -0.1816
vn 0.9045 0.3090 -0.2939
vn -0.8911 0.3494 0.2895
vn -0.5087 0.8449 0.1653
vn 0.5087 0.8449 -0.1653
vn 0.8911 0.3494 -0.2895
vn 0.7312 -0.6394 -0.2376
vn -0.7312 -0.6394 0.2376
vn -0.1776 0.9841 0.0071
vn -0.1775 0.9841 0.0071
vn -0.1757 0.9844 0.0072
vn 0.1776 0.9841 0.0071
vn 0.1758 0.9844 0.0072
vn 0.1775 0.9841 0.0071
vn 0.2759 0.8285 -0.4873
vn -0.2759 0.8285 -0.4873
vn -0.2071 -0.2508 -0.9456
vn 0.2071 -0.2508 -0.9456
vn 0.1977 -0.3044 -0.9318
vn -0.1977 -0.3044 -0.9318
vn -0.1841 0.9829 0.0006
vn -0.1829 0.9831 0.0007
vn -0.1830 0.9831 0.0007
vn -0.2106 0.6567 -0.7242
vn 0.2106 0.6567 -0.7242
vn 0.1841 0.9829 0.0006
vn 0.1830 0.9831 0.0007
vn 0.1829 0.9831 0.0007
vn -0.2091 -0.3730 0.9039
vn -0.2027 -0.4360 0.8768
vn 0.2027 -0.4360 0.8768
vn 0.2091 -0.3730 0.9039
vn -0.2050 -0.1092 0.9727
vn -0.2071 -0.2845 0.9361
vn 0.2071 -0.2845 0.9361
vn 0.2050 -0.1092 0.9727
vn -0.2081 -0.0119 -0.9780
vn 0.2081 -0.0119 -0.9780
vn 0.2082 -0.1626 -0.9645
vn -0.2082 -0.1626 -0.9645
vn -0.8852 -0.2470 -0.3942
vn -0.8512 -0.5248 -0.0033
vn -0.8533 -0.5213 -0.0034
vn -0.8515 -0.5243 -0.0033
vn -0.8507 0.5256 0.0017
vn -0.8531 0.5217 0.0017
vn -0.8511 0.5251 0.0017
vn -0.8839 0.2402 0.4013
vn -0.1791 -0.9838 -0.0007
vn -0.1789 -0.9839 -0.0007
vn -0.1763 -0.9843 -0.0007
vn -0.2277 -0.9456 0.2324
vn 0.2277 -0.9456 0.2324
vn 0.1791 -0.9838 -0.0007
vn 0.1763 -0.9843 -0.0007
vn 0.1789 -0.9839 -0.0007
vn -0.2060 0.2166 0.9543
vn -0.2068 0.2127 0.9550
vn -0.2068 0.2128 0.9550
vn -0.1933 0.2534 0.9478
vn 0.1933 0.2534 0.9478
vn 0.2060 0.2166 0.9543
vn 0.2068 0.2128 0.9550
vn 0.2068 0.2127 0.9550
vn -0.8594 -0.5114 -0.0031
vn -0.8591 -0.5117 -0.0032
vn -0.8572 -0.5149 -0.0034
vn -0.8900 -0.3170 0.3278
vn -0.8893 0.3118 -0.3345
vn -0.8597 0.5108 0.0016
vn -0.8594 0.5112 0.0016
vn -0.8574 0.5147 0.0017
vn -0.2085 0.3529 -0.9122
vn -0.2074 0.3491 -0.9138
vn 0.2085 0.3529 -0.9122
vn 0.2074 0.3491 -0.9138
vn 0.1998 0.3992 -0.8948
vn -0.1998 0.3992 -0.8948
vn -0.2052 0.0994 -0.9737
vn 0.2052 0.0994 -0.9737
vn 0.2063 0.3454 -0.9155
vn -0.2063 0.3454 -0.9155
vn -0.2086 -0.0105 0.9779
vn -0.2077 0.2089 0.9556
vn 0.2077 0.2089 0.9556
vn 0.2086 -0.0105 0.9779
vn -0.1804 0.9836 0.0007
vn -0.1779 0.9841 0.0007
vn -0.1777 0.9841 0.0007
vn -0.1803 0.9836 0.0007
vn 0.1804 0.9836 0.0007
vn 0.1803 0.9836 0.0007
vn 0.1777 0.9841 0.0007
vn 0.1779 0.9841 0.0007
vn -0.8520 0.5235 0.0030
vn -0.8514 0.5245 0.0030
vn -0.8495 0.5276 0.0031
vn -0.9275 0.3354 -0.1652
vn -0.9156 -0.3800 0.1314
vn -0.8528 -0.5222 -0.0016
vn -0.8522 -0.5232 -0.0016
vn -0.8500 -0.5269 -0.0016
vn 0.8410 0.5411 0.0031
vn 0.8416 0.5401 0.0031
vn 0.8437 0.5367 0.0031
vn 0.9047 0.4062 0.1284
vn 0.8870 -0.4522 -0.0940
vn 0.8401 -0.5425 -0.0016
vn 0.8408 -0.5414 -0.0016
vn 0.8433 -0.5375 -0.0017
vn -0.8865 -0.0037 -0.4627
vn -0.8864 -0.0820 -0.4555
vn -0.8862 0.0913 0.4542
vn -0.8867 -0.0004 0.4623
vn 0.8748 -0.1441 -0.4626
vn 0.8852 -0.1152 -0.4507
vn 0.8847 0.1085 0.4533
vn 0.8727 0.1344 0.4694
vn 0.8512 -0.5248 -0.0033
vn 0.8515 -0.5244 -0.0033
vn 0.8533 -0.5213 -0.0034
vn 0.8852 -0.2470 -0.3942
vn 0.8839 0.2402 0.4013
vn 0.8507 0.5256 0.0017
vn 0.8511 0.5251 0.0017
vn 0.8531 0.5217 0.0017
vn -0.1804 -0.9836 -0.0083
vn -0.1784 -0.9839 -0.0082
vn -0.1783 -0.9839 -0.0081
vn 0.1804 -0.9836 -0.0083
vn 0.1783 -0.9839 -0.0081
vn 0.1784 -0.9839 -0.0082
vn 0.1825 -0.9832 -0.0081
vn 0.1826 -0.9832 -0.0080
vn -0.1826 -0.9832 -0.0080
vn -0.1825 -0.9832 -0.0081
vn -0.8804 -0.2066 0.4269
vn -0.8872 -0.1736 0.4275
vn -0.8869 0.1697 -0.4296
vn -0.8791 0.1999 -0.4327
vn 0.8872 -0.1736 0.4275
vn 0.8804 -0.2066 0.4269
vn 0.8791 0.1999 -0.4327
vn 0.8869 0.1697 -0.4296
vn -0.9008 -0.0030 0.4341
vn -0.9336 0.1328 0.3327
vn -0.9278 -0.2547 -0.2724
vn -0.9070 -0.0968 -0.4100
vn 0.8834 -0.0515 0.4657
vn 0.8853 -0.1419 0.4428
vn 0.8850 0.1542 -0.4392
vn 0.8835 0.0498 -0.4657
vn -0.8852 -0.1152 -0.4507
vn -0.8748 -0.1441 -0.4626
vn -0.8727 0.1344 0.4694
vn -0.8847 0.1085 0.4533
vn 0.9040 0.0382 -0.4259
vn 0.9331 0.1186 -0.3394
vn 0.9336 -0.2140 0.2873
vn 0.9092 -0.1200 0.3986
vn -0.8554 -0.5180 -0.0034
vn -0.8553 -0.5182 -0.0034
vn -0.8570 0.5153 0.0017
vn -0.8535 0.5211 0.0017
vn 0.8900 -0.3170 0.3278
vn 0.8594 -0.5114 -0.0032
vn 0.8572 -0.5150 -0.0034
vn 0.8591 -0.5118 -0.0032
vn 0.8597 0.5108 0.0016
vn 0.8573 0.5147 0.0017
vn 0.8595 0.5112 0.0016
vn 0.8893 0.3118 -0.3345
vn 0.8466 0.5322 0.0031
vn 0.8514 0.5245 0.0030
vn 0.8495 0.5276 0.0031
vn 0.8467 0.5321 0.0031
vn 0.8467 -0.5321 -0.0017
vn 0.8466 -0.5322 -0.0017
vn 0.8522 -0.5232 -0.0016
vn 0.8499 -0.5269 -0.0016
vn -0.9047 0.4062 0.1284
vn -0.8410 0.5411 0.0031
vn -0.8437 0.5367 0.0031
vn -0.8416 0.5401 0.0031
vn -0.8401 -0.5425 -0.0016
vn -0.8433 -0.5374 -0.0017
vn -0.8408 -0.5414 -0.0016
vn -0.8870 -0.4522 -0.0940
vn -0.1915 -0.9732 -0.1271
vn -0.1691 -0.9856 -0.0007
vn -0.1719 -0.9851 -0.0007
vn -0.1692 -0.9856 -0.0007
vn 0.1691 -0.9856 -0.0007
vn 0.1693 -0.9856 -0.0007
vn 0.1718 -0.9851 -0.0007
vn 0.1915 -0.9732 -0.1271
vn -0.2409 0.9063 0.3473
vn 0.2409 0.9063 0.3473
vn 0.1705 0.9853 0.0070
vn 0.1706 0.9853 0.0070
vn 0.1725 0.9850 0.0072
vn -0.1705 0.9853 0.0070
vn -0.1725 0.9850 0.0072
vn -0.1706 0.9853 0.0070
vn 0.9275 0.3354 -0.1652
vn 0.8520 0.5235 0.0030
vn 0.8528 -0.5222 -0.0016
vn 0.9156 -0.3800 0.1314
vn -0.8466 0.5322 0.0031
vn -0.8467 0.5321 0.0031
vn -0.8467 -0.5321 -0.0017
vn -0.8466 -0.5322 -0.0017
vn -0.1741 -0.9847 -0.0007
vn 0.1741 -0.9847 -0.0007
vn -0.1741 0.9847 0.0072
vn 0.1741 0.9847 0.0072
vn 0.9336 0.1328 0.3327
vn 0.9008 -0.0030 0.4341
vn 0.9070 -0.0968 -0.4099
vn 0.9278 -0.2547 -0.2724
vn -0.8853 -0.1419 0.4428
vn -0.8834 -0.0515 0.4657
vn -0.8835 0.0498 -0.4658
vn -0.8850 0.1542 -0.4392
vn -0.2277 -0.8569 -0.4625
vn 0.2277 -0.8569 -0.4625
vn 0.2244 -0.5024 -0.8350
vn -0.2244 -0.5024 -0.8350
vn -0.2720 0.2044 0.9403
vn -0.2186 -0.0926 0.9714
vn 0.2186 -0.0926 0.9714
vn 0.2720 0.2044 0.9403
vn 0.8864 -0.0820 -0.4555
vn 0.8865 -0.0037 -0.4627
vn 0.8867 -0.0004 0.4623
vn 0.8862 0.0913 0.4542
vn -0.9331 0.1186 -0.3394
vn -0.9040 0.0382 -0.4259
vn -0.9092 -0.1200 0.3986
vn -0.9336 -0.2140 0.2873
vn -0.2590 -0.7632 0.5919
vn -0.2332 -0.4793 0.8461
vn 0.2332 -0.4793 0.8461
vn 0.2590 -0.7632 0.5919
vn -0.2685 0.1874 -0.9449
vn 0.2685 0.1874 -0.9449
vn 0.2230 0.0042 -0.9748
vn -0.2230 0.0042 -0.9748
vn -0.1834 -0.9830 -0.0078
vn 0.1834 -0.9830 -0.0078
vn 0.2124 -0.6869 0.6950
vn -0.2124 -0.6869 0.6950
vn -0.2076 -0.5291 -0.8228
vn 0.2076 -0.5291 -0.8228
vn 0.1775 -0.9841 -0.0080
vn -0.1775 -0.9841 -0.0080
vn 0.8554 -0.5180 -0.0034
vn 0.8553 -0.5182 -0.0034
vn 0.8570 0.5153 0.0017
vn 0.8535 0.5211 0.0017
vn -0.2044 0.4896 0.8476
vn -0.1767 0.9843 0.0007
vn 0.1767 0.9843 0.0007
vn 0.2044 0.4896 0.8476
vn -0.1756 0.9844 0.0072
vn -0.8515 -0.5244 -0.0033
vn -0.1764 -0.9843 -0.0007
vn 0.1764 -0.9843 -0.0007
vn -0.8594 -0.5114 -0.0032
vn -0.8572 -0.5150 -0.0034
vn -0.8595 0.5112 0.0016
vn -0.8514 0.5244 0.0030
vn -0.8499 -0.5269 -0.0016
vn 0.8433 -0.5374 -0.0017
vn 0.8515 -0.5243 -0.0033
vn 0.8533 -0.5214 -0.0034
vn 0.8531 0.5218 0.0017
vn 0.1825 -0.9832 -0.0080
vn -0.1825 -0.9832 -0.0080
vn -0.9070 -0.0968 -0.4099
vn 0.8835 0.0498 -0.4658
vn 0.8594 -0.5114 -0.0031
vn 0.8591 -0.5117 -0.0032
vn 0.8574 0.5147 0.0017
vn 0.8514 0.5244 0.0030
vn -0.1718 -0.9851 -0.0007
vn -0.1693 -0.9856 -0.0007
vn 0.1719 -0.9851 -0.0007
vn -0.1776 -0.9841 -0.0080
vn -0.6278 0.4552 -0.6314
vn -0.0000 0.2087 -0.9780
vn -0.0000 0.1784 -0.9840
vn -0.0000 0.8933 0.4494
vn -0.0000 -0.8939 -0.4482
vn -0.0000 0.6889 0.7249
vn -0.6235 0.6919 -0.3640
vn 0.6235 0.6919 -0.3640
vn -0.0000 0.9269 0.3753
vn -0.0000 -0.0962 -0.9954
vn -0.0000 0.6323 -0.7747
vn -0.5331 0.8461 0.0062
vn 0.5331 0.8461 0.0062
vn -0.0000 -0.9997 0.0225
vn -0.0000 0.0478 0.9989
vn -0.0000 -0.9792 0.2030
vn -0.0000 -0.9495 0.3138
vn -0.0000 0.4998 0.8661
vn -0.0000 0.5069 0.8620
vn 0.6570 -0.3797 0.6512
vn 0.6230 -0.2791 0.7308
vn -0.6249 0.3490 -0.6983
vn -0.0000 0.9901 0.1401
vn -0.0000 0.9847 0.1740
vn 0.5176 0.6011 -0.6089
vn 0.4975 0.6987 -0.5141
vn -0.5176 0.6011 -0.6089
vn -0.4975 0.6987 -0.5141
vn -0.0000 0.1605 -0.9870
vn -0.0000 0.2787 -0.9604
vn 0.7878 0.5873 -0.1857
vn 0.5766 0.8103 -0.1045
vn -0.7878 0.5873 -0.1857
vn -0.5766 0.8103 -0.1045
vn -0.0000 0.2147 -0.9767
vn -0.0000 0.5312 -0.8473
vn -0.0000 0.5556 0.8315
vn -0.0000 0.7044 0.7098
vn -0.0000 0.3937 -0.9192
vn -0.0000 0.4304 -0.9026
vn -0.7312 0.6819 0.0185
vn -0.6913 0.7225 0.0122
vn 0.7312 0.6819 0.0185
vn 0.6913 0.7225 0.0122
vn -0.0000 0.4948 0.8690
vn -0.0000 0.5283 0.8490
vn -0.6230 -0.2791 0.7308
vn 0.6249 0.3490 -0.6983
vn -0.0000 0.9903 -0.1387
vn -0.0000 -0.3618 -0.9322
vn 0.6278 0.4552 -0.6314
vn -0.0000 0.9967 -0.0810
vn -0.0000 -0.2968 -0.9549
vn -0.6570 -0.3797 0.6512
vn -0.0000 -0.9949 0.1008
vn -0.5100 -0.5431 0.6670
vn 0.5100 -0.5431 0.6670
vn -0.0000 0.0221 0.9998
vn -0.0000 -0.9996 0.0293
vn -0.4955 -0.6454 0.5813
vn 0.4955 -0.6454 0.5813
vn -0.0000 -0.0722 0.9974
vn -0.0000 0.0331 0.9995
vn 0.6270 -0.6544 0.4226
vn -0.6270 -0.6544 0.4226
vn -0.0000 -0.9760 -0.2176
vn -0.0000 -0.1556 0.9878
vn -0.0000 -0.7737 -0.6336
vn -0.7840 -0.5682 0.2498
vn 0.7840 -0.5682 0.2498
vn -0.0000 -0.3920 0.9200
vn -0.0000 -0.8704 -0.4923
vn -0.5792 -0.7940 0.1846
vn 0.5792 -0.7940 0.1846
vn 0.5392 -0.8404 0.0553
vn -0.5392 -0.8404 0.0553
vn -0.0000 -0.8434 -0.5372
vn -0.0000 -0.4652 0.8852
vn -0.0000 -0.4403 0.8978
vn 0.7310 -0.6820 -0.0223
vn -0.7310 -0.6820 -0.0223
vn -0.0000 -0.5180 -0.8554
vn -0.0000 -0.4751 0.8800
vn 0.6911 -0.7226 -0.0165
vn -0.6911 -0.7226 -0.0165
vn -0.0000 -0.5493 -0.8356
vn 0.0751 0.7007 0.7095
vn -0.0751 0.7007 0.7095
vn -0.1076 0.9130 0.3936
vn 0.1076 0.9130 0.3936
vn 0.6212 0.2336 0.7480
vn 0.3904 0.5322 0.7512
vn 0.5724 0.6852 0.4504
vn 0.8582 0.2383 0.4546
vn -0.6146 0.1575 0.7729
vn -0.2777 -0.3147 0.9077
vn -0.4274 -0.5881 0.6866
vn -0.8632 0.1339 0.4868
vn -0.0288 -0.1434 -0.9892
vn -0.0294 -0.1431 -0.9893
vn -0.0294 -0.1430 -0.9893
vn 0.0288 -0.1434 -0.9892
vn 0.0294 -0.1430 -0.9893
vn 0.0294 -0.1431 -0.9893
vn 0.0338 -0.3020 -0.9527
vn -0.0338 -0.3020 -0.9527
vn -0.0413 -0.4699 0.8818
vn 0.0413 -0.4699 0.8818
vn 0.0593 -0.7657 0.6405
vn -0.0593 -0.7657 0.6405
vn 0.0597 -0.8070 -0.5876
vn 0.0682 -0.9400 0.3342
vn -0.0682 -0.9400 0.3342
vn -0.0597 -0.8070 -0.5876
vn 0.2511 -0.1239 -0.9600
vn 0.9803 0.0966 0.1722
vn 0.5170 -0.7815 0.3493
vn 0.1943 -0.4985 -0.8448
vn -0.0920 0.4900 -0.8669
vn -0.1237 0.9910 0.0516
vn 0.1237 0.9910 0.0516
vn 0.0920 0.4900 -0.8669
vn -0.3027 -0.0853 -0.9493
vn -0.9655 0.2149 0.1470
vn -0.6678 0.7375 0.1005
vn -0.2591 0.1829 -0.9484
vn -0.9786 0.2020 0.0402
vn -0.6830 0.2213 0.6961
vn -0.5064 0.7008 0.5025
vn -0.6802 0.7326 -0.0252
vn -0.1257 0.9898 -0.0675
vn -0.1371 0.9562 0.2585
vn 0.1371 0.9562 0.2585
vn 0.1257 0.9898 -0.0675
vn 0.9948 0.0815 0.0610
vn 0.6111 0.1523 0.7768
vn 0.3749 -0.6244 0.6853
vn 0.5294 -0.8213 0.2126
vn 0.0694 -0.9732 0.2191
vn 0.0793 -0.8924 0.4443
vn -0.0793 -0.8924 0.4443
vn -0.0694 -0.9732 0.2191
vn 0.0856 0.1460 0.9856
vn 0.0873 0.1471 0.9853
vn 0.0874 0.1472 0.9852
vn -0.0856 0.1460 0.9856
vn -0.0874 0.1472 0.9852
vn -0.0873 0.1471 0.9853
vn -0.0913 -0.3027 0.9487
vn 0.0913 -0.3027 0.9487
vn 0.1246 0.4758 0.8707
vn -0.1246 0.4758 0.8707
vn -0.1047 0.1512 0.9829
vn -0.1044 0.1511 0.9830
vn -0.1005 0.1504 0.9835
vn 0.1047 0.1512 0.9829
vn 0.1005 0.1504 0.9835
vn 0.1044 0.1511 0.9830
vn 0.6802 0.7326 -0.0252
vn 0.5064 0.7008 0.5024
vn 0.6830 0.2213 0.6961
vn 0.9786 0.2020 0.0402
vn -0.9878 0.1482 0.0480
vn -0.6258 0.1886 0.7568
vn -0.6533 0.2045 0.7290
vn -0.9835 0.1754 0.0436
vn -0.2611 -0.1072 -0.9593
vn -0.9746 0.1619 0.1547
vn -0.9706 0.1886 0.1496
vn -0.2801 -0.0971 -0.9550
vn 0.2591 0.1829 -0.9484
vn 0.6678 0.7375 0.1005
vn 0.9655 0.2149 0.1470
vn 0.3027 -0.0853 -0.9493
vn -0.0446 -0.0208 -0.9988
vn 0.0446 -0.0208 -0.9988
vn 0.0353 -0.1416 -0.9893
vn 0.0352 -0.1416 -0.9893
vn 0.0339 -0.1419 -0.9893
vn -0.0353 -0.1416 -0.9893
vn -0.0339 -0.1419 -0.9893
vn -0.0352 -0.1416 -0.9893
vn -0.3904 0.5322 0.7512
vn -0.6212 0.2336 0.7480
vn -0.8582 0.2383 0.4546
vn -0.5724 0.6852 0.4504
vn 0.6272 0.1994 0.7529
vn 0.6269 0.2169 0.7483
vn 0.8639 0.2149 0.4555
vn 0.8664 0.1911 0.4614
vn 0.2777 -0.3147 0.9077
vn 0.6146 0.1575 0.7729
vn 0.8632 0.1339 0.4868
vn 0.4274 -0.5881 0.6866
vn -0.1943 -0.4985 -0.8448
vn -0.5170 -0.7815 0.3493
vn -0.9803 0.0966 0.1722
vn -0.2511 -0.1239 -0.9600
vn -0.5294 -0.8213 0.2126
vn -0.3749 -0.6244 0.6853
vn -0.6111 0.1523 0.7768
vn -0.9948 0.0815 0.0610
vn 0.0927 0.1490 0.9845
vn 0.0959 0.1496 0.9841
vn -0.0927 0.1490 0.9845
vn -0.0959 0.1496 0.9841
vn 0.9835 0.1754 0.0436
vn 0.6533 0.2045 0.7290
vn 0.6258 0.1886 0.7568
vn 0.9878 0.1482 0.0480
vn 0.2801 -0.0971 -0.9550
vn 0.9706 0.1886 0.1496
vn 0.9746 0.1619 0.1547
vn 0.2611 -0.1072 -0.9593
vn -0.0312 -0.1424 -0.9893
vn 0.0312 -0.1424 -0.9893
vn -0.6269 0.2169 0.7483
vn -0.6272 0.1994 0.7529
vn -0.8664 0.1911 0.4614
vn -0.8639 0.2149 0.4555
vn 0.0453 0.8725 -0.4865
vn -0.0453 0.8725 -0.4865
vn -0.0688 0.6705 -0.7387
vn 0.0688 0.6705 -0.7387
vn 0.4870 0.8734 -0.0000
vn 0.2716 0.9062 -0.3242
vn 0.4354 0.7351 -0.5197
vn 0.7405 0.6721 -0.0000
vn -0.4870 0.8734 -0.0000
vn -0.4337 0.8784 0.2006
vn -0.6646 0.6811 0.3074
vn -0.7405 0.6721 -0.0000
vn -0.0095 -1.0000 -0.0000
vn 0.0095 -1.0000 -0.0000
vn 0.0114 -0.9998 0.0158
vn -0.0114 -0.9998 0.0158
vn -0.1162 0.8675 0.4837
vn 0.1162 0.8675 0.4837
vn 0.1752 0.6617 0.7290
vn -0.1752 0.6617 0.7290
vn 0.2336 -0.0000 0.9723
vn 0.2247 0.2742 0.9351
vn -0.2247 0.2742 0.9351
vn -0.2336 -0.0000 0.9723
vn 0.9596 0.2813 -0.0000
vn 0.9596 0.2814 -0.0000
vn 0.8692 0.2878 0.4020
vn 0.9076 -0.0000 0.4198
vn -0.0927 -0.0000 -0.9957
vn -0.0890 0.2802 -0.9558
vn 0.0890 0.2802 -0.9558
vn 0.0927 -0.0000 -0.9957
vn -0.9596 0.2814 -0.0000
vn -0.6061 0.3306 -0.7235
vn -0.6422 -0.0000 -0.7666
vn -0.9928 0.1195 -0.0000
vn -0.4357 0.9001 -0.0000
vn -0.3297 0.8174 -0.4723
vn -0.6356 0.1423 -0.7588
vn -0.0920 0.1190 -0.9886
vn -0.0915 0.5668 -0.8188
vn 0.0915 0.5668 -0.8188
vn 0.0920 0.1190 -0.9886
vn 0.9928 0.1195 -0.0000
vn 0.4357 0.9001 -0.0000
vn 0.3663 0.9080 0.2033
vn 0.9008 0.1224 0.4166
vn 0.2320 0.1162 0.9657
vn 0.1394 0.8641 0.4836
vn -0.1394 0.8641 0.4836
vn -0.2320 0.1162 0.9657
vn 0.0537 0.9986 -0.0000
vn -0.0537 0.9986 -0.0000
vn -0.0641 0.9940 0.0890
vn 0.0641 0.9940 0.0890
vn 0.0628 0.9724 -0.2247
vn -0.0628 0.9724 -0.2247
vn 0.6356 0.1423 -0.7588
vn 0.3297 0.8174 -0.4723
vn -0.9008 0.1224 0.4166
vn -0.3663 0.9080 0.2033
vn -0.9076 -0.0000 0.4198
vn -0.8692 0.2878 0.4020
vn 0.6422 -0.0000 -0.7666
vn 0.6061 0.3306 -0.7235
vn -0.0114 -0.9991 -0.0408
vn 0.0114 -0.9991 -0.0408
vn -0.2716 0.9062 -0.3242
vn -0.4354 0.7351 -0.5197
vn 0.4337 0.8784 0.2006
vn 0.6646 0.6811 0.3074
vn 0.0708 -0.9923 -0.1014
vn 0.0853 -0.9964 -0.0000
vn -0.0711 -0.9967 0.0395
vn -0.0853 -0.9964 -0.0000
vn -0.0708 -0.9923 -0.1014
vn -0.0276 -0.9685 -0.2474
vn 0.0276 -0.9685 -0.2474
vn 0.0711 -0.9967 0.0395
vn 0.0284 -0.9947 0.0984
vn -0.0284 -0.9947 0.0984
s 1
usemtl Grey.001
f 1265//869 1266//869 1268//869 1267//869
f 1267//870 1268//870 1270//870 1269//870
f 1269//871 1270//871 1272//871 1271//871
f 1271//872 1272//872 1274//872 1273//872
f 1273//873 1274//873 1276//873 1275//873
f 1275//874 1276//874 1278//874 1277//874
f 1277//875 1278//875 1280//875 1279//875
f 1279//876 1280//876 1282//876 1281//876
f 1270//877 1268//877 1285//877 1287//877
f 1281//878 1282//878 1284//878 1283//878
f 1283//879 1284//879 1266//879 1265//879
f 1265//880 1267//880 1269//880 1271//880 1273//880 1275//880 1277//880 1279//880 1281//880 1283//880
f 1286//879 1294//879 1304//879 1296//879
f 1266//881 1284//881 1294//881 1286//881
f 1284//882 1282//882 1293//882 1294//882
f 1282//883 1280//883 1292//883 1293//883
f 1280//884 1278//884 1291//884 1292//884
f 1278//885 1276//885 1290//885 1291//885
f 1276//886 1274//886 1289//886 1290//886
f 1274//887 1272//887 1288//887 1289//887
f 1268//888 1266//888 1286//888 1285//888
f 1272//889 1270//889 1287//889 1288//889
f 1295//890 1296//890 1304//890 1303//890 1302//890 1301//890 1300//890 1299//890 1298//890 1297//890
f 1292//875 1291//875 1301//875 1302//875
f 1289//872 1288//872 1298//872 1299//872
f 1285//869 1286//869 1296//869 1295//869
f 1293//876 1292//876 1302//876 1303//876
f 1290//873 1289//873 1299//873 1300//873
f 1287//870 1285//870 1295//870 1297//870
f 1294//878 1293//878 1303//878 1304//878
f 1291//874 1290//874 1300//874 1301//874
f 1288//871 1287//871 1297//871 1298//871
f 1313//891 1314//892 1308//893 1307//893
f 1307//894 1308//894 1312//894 1311//894
f 1324//871 1322//871 1310//871 1309//871
f 1309//895 1310//895 1306//895 1305//895
f 1305//876 1321//876 1325//876 1326//876
f 1322//896 1323//896 1306//896 1310//896
f 1312//897 1308//897 1314//897 1316//897
f 1307//898 1311//898 1315//898 1313//898
f 1311//899 1312//899 1316//900 1315//901
f 1317//876 1319//876 1314//892 1313//891
f 1321//876 1323//876 1319//876 1317//876
f 1316//902 1314//902 1319//902 1318//902
f 1313//880 1315//880 1320//880 1317//880
f 1315//901 1316//900 1318//871 1320//871
f 1305//876 1306//876 1323//876 1321//876
f 1318//896 1319//896 1323//896 1322//896
f 1317//903 1320//903 1324//903 1321//903
f 1320//871 1318//871 1322//871 1324//871
f 1325//880 1328//880 1327//880 1326//880
f 1324//871 1309//871 1327//871 1328//871
f 1321//894 1324//894 1328//894 1325//894
f 1309//895 1305//895 1326//895 1327//895
f 1351//904 1353//904 1354//904 1352//904
f 1353//905 1355//905 1356//905 1354//905
f 1355//880 1357//880 1358//880 1356//880
f 1357//906 1359//906 1360//906 1358//906
f 1359//907 1349//907 1350//907 1360//907
f 1364//912 1363//912 1366//912 1365//912
f 1365//913 1366//913 1368//913 1367//913
f 1367//890 1368//890 1370//890 1369//890
f 1369//914 1370//914 1372//914 1371//914
f 1371//915 1372//915 1362//915 1361//915
f 1352//871 1354//871 1366//871 1363//871
f 1350//916 1349//916 1361//916 1362//916
f 1349//876 1359//876 1371//876 1361//876
f 1359//876 1357//876 1369//876 1371//876
f 1351//917 1352//917 1363//917 1364//917
f 1357//876 1355//876 1367//876 1369//876
f 1360//871 1350//871 1362//871 1372//871
f 1355//876 1353//876 1365//876 1367//876
f 1358//871 1360//871 1372//871 1370//871
f 1353//876 1351//876 1364//876 1365//876
f 1356//871 1358//871 1370//871 1368//871
f 1354//871 1356//871 1368//871 1366//871
f 1381//918 1382//918 1376//919 1375//919
f 1375//920 1376//920 1380//920 1379//920
f 1392//869 1390//869 1378//869 1377//869
f 1377//921 1378//921 1374//921 1373//921
f 1373//874 1389//874 1393//874 1394//874
f 1390//922 1391//922 1374//922 1378//922
f 1380//923 1376//923 1382//923 1384//923
f 1375//924 1379//924 1383//924 1381//924
f 1379//925 1380//925 1384//926 1383//927
f 1385//874 1387//874 1382//918 1381//918
f 1389//874 1391//874 1387//874 1385//874
f 1384//928 1382//928 1387//928 1386//928
f 1381//880 1383//880 1388//880 1385//880
f 1383//927 1384//926 1386//869 1388//869
f 1373//874 1374//874 1391//874 1389//874
f 1386//922 1387//922 1391//922 1390//922
f 1385//929 1388//929 1392//929 1389//929
f 1388//869 1386//869 1390//869 1392//869
f 1393//880 1396//880 1395//880 1394//880
f 1392//869 1377//869 1395//869 1396//869
f 1389//920 1392//920 1396//920 1393//920
f 1377//921 1373//921 1394//921 1395//921
f 1419//930 1421//930 1422//930 1420//930
f 1421//931 1423//931 1424//931 1422//931
f 1423//880 1425//880 1426//880 1424//880
f 1425//932 1427//932 1428//932 1426//932
f 1427//933 1417//933 1418//933 1428//933
f 1432//938 1431//938 1434//938 1433//938
f 1433//939 1434//939 1436//939 1435//939
f 1435//890 1436//890 1438//890 1437//890
f 1437//940 1438//940 1440//940 1439//940
f 1439//941 1440//941 1430//941 1429//941
f 1420//869 1422//869 1434//869 1431//869
f 1418//942 1417//942 1429//942 1430//942
f 1417//874 1427//874 1439//874 1429//874
f 1427//874 1425//874 1437//874 1439//874
f 1419//943 1420//943 1431//943 1432//943
f 1425//874 1423//874 1435//874 1437//874
f 1428//869 1418//869 1430//869 1440//869
f 1423//874 1421//874 1433//874 1435//874
f 1426//869 1428//869 1440//869 1438//869
f 1421//874 1419//874 1432//874 1433//874
f 1424//869 1426//869 1438//869 1436//869
f 1422//869 1424//869 1436//869 1434//869
f 1449//944 1450//945 1444//946 1443//946
f 1443//947 1444//947 1448//947 1447//947
f 1460//878 1458//878 1446//878 1445//878
f 1445//948 1446//948 1442//948 1441//948
f 1441//872 1457//872 1461//872 1462//872
f 1458//949 1459//949 1442//949 1446//949
f 1448//950 1444//950 1450//950 1452//950
f 1443//951 1447//951 1451//951 1449//951
f 1447//952 1448//952 1452//953 1451//954
f 1453//872 1455//872 1450//945 1449//944
f 1457//872 1459//872 1455//872 1453//872
f 1452//955 1450//955 1455//955 1454//955
f 1449//880 1451//880 1456//880 1453//880
f 1451//954 1452//953 1454//878 1456//878
f 1441//872 1442//872 1459//872 1457//872
f 1454//949 1455//949 1459//949 1458//949
f 1453//956 1456//956 1460//956 1457//956
f 1456//878 1454//878 1458//878 1460//878
f 1461//880 1464//880 1463//880 1462//880
f 1460//878 1445//878 1463//878 1464//878
f 1457//947 1460//947 1464//947 1461//947
f 1445//948 1441//948 1462//948 1463//948
f 1487//957 1489//957 1490//957 1488//957
f 1489//958 1491//958 1492//958 1490//958
f 1491//880 1493//880 1494//880 1492//880
f 1493//959 1495//959 1496//959 1494//959
f 1495//960 1485//960 1486//960 1496//960
f 1500//965 1499//965 1502//965 1501//965
f 1501//966 1502//966 1504//966 1503//966
f 1503//890 1504//890 1506//890 1505//890
f 1505//967 1506//967 1508//967 1507//967
f 1507//968 1508//968 1498//968 1497//968
f 1488//878 1490//878 1502//878 1499//878
f 1486//969 1485//969 1497//969 1498//969
f 1485//872 1495//872 1507//872 1497//872
f 1495//872 1493//872 1505//872 1507//872
f 1487//970 1488//970 1499//970 1500//970
f 1493//872 1491//872 1503//872 1505//872
f 1496//878 1486//878 1498//878 1508//878
f 1491//872 1489//872 1501//872 1503//872
f 1494//878 1496//878 1508//878 1506//878
f 1489//872 1487//872 1500//872 1501//872
f 1492//878 1494//878 1506//878 1504//878
f 1490//878 1492//878 1504//878 1502//878
f 1517//971 1518//972 1512//973 1511//973
f 1511//974 1512//974 1516//974 1515//974
f 1528//875 1526//875 1514//875 1513//875
f 1513//975 1514//975 1510//975 1509//975
f 1509//870 1525//870 1529//870 1530//870
f 1526//976 1527//976 1510//976 1514//976
f 1516//977 1512//977 1518//977 1520//977
f 1511//978 1515//978 1519//978 1517//978
f 1515//979 1516//979 1520//980 1519//981
f 1521//870 1523//870 1518//972 1517//971
f 1525//870 1527//870 1523//870 1521//870
f 1520//982 1518//982 1523//982 1522//982
f 1517//880 1519//880 1524//880 1521//880
f 1519//981 1520//980 1522//875 1524//875
f 1509//870 1510//870 1527//870 1525//870
f 1522//976 1523//976 1527//976 1526//976
f 1521//983 1524//983 1528//983 1525//983
f 1524//875 1522//875 1526//875 1528//875
f 1529//880 1532//880 1531//880 1530//880
f 1528//875 1513//875 1531//875 1532//875
f 1525//974 1528//974 1532//974 1529//974
f 1513//975 1509//975 1530//975 1531//975
f 1555//984 1557//984 1558//984 1556//984
f 1557//985 1559//985 1560//985 1558//985
f 1559//880 1561//880 1562//880 1560//880
f 1561//986 1563//986 1564//986 1562//986
f 1563//987 1553//987 1554//987 1564//987
f 1568//992 1567//992 1570//992 1569//992
f 1569//993 1570//993 1572//993 1571//993
f 1571//890 1572//890 1574//890 1573//890
f 1573//994 1574//994 1576//994 1575//994
f 1575//995 1576//995 1566//995 1565//995
f 1556//875 1558//875 1570//875 1567//875
f 1554//996 1553//996 1565//996 1566//996
f 1553//870 1563//870 1575//870 1565//870
f 1563//870 1561//870 1573//870 1575//870
f 1555//997 1556//997 1567//997 1568//997
f 1561//870 1559//870 1571//870 1573//870
f 1564//875 1554//875 1566//875 1576//875
f 1559//870 1557//870 1569//870 1571//870
f 1562//875 1564//875 1576//875 1574//875
f 1557//870 1555//870 1568//870 1569//870
f 1560//875 1562//875 1574//875 1572//875
f 1558//875 1560//875 1572//875 1570//875
f 1585//998 1586//999 1580//1000 1579//1000
f 1579//1001 1580//1001 1584//1001 1583//1001
f 1596//873 1594//873 1582//873 1581//873
f 1581//1002 1582//1002 1578//1002 1577//1002
f 1577//879 1593//879 1597//879 1598//879
f 1594//1003 1595//1003 1578//1003 1582//1003
f 1584//1004 1580//1004 1586//1004 1588//1004
f 1579//1005 1583//1005 1587//1005 1585//1005
f 1583//1006 1584//1006 1588//1007 1587//1007
f 1589//879 1591//879 1586//999 1585//998
f 1593//879 1595//879 1591//879 1589//879
f 1588//1008 1586//1008 1591//1008 1590//1008
f 1585//880 1587//880 1592//880 1589//880
f 1587//1007 1588//1007 1590//873 1592//873
f 1577//879 1578//879 1595//879 1593//879
f 1590//1003 1591//1003 1595//1003 1594//1003
f 1589//1009 1592//1009 1596//1009 1593//1009
f 1592//873 1590//873 1594//873 1596//873
f 1597//880 1600//880 1599//880 1598//880
f 1596//873 1581//873 1599//873 1600//873
f 1593//1001 1596//1001 1600//1001 1597//1001
f 1581//1002 1577//1002 1598//1002 1599//1002
f 1623//1010 1625//1010 1626//1010 1624//1010
f 1625//1011 1627//1011 1628//1011 1626//1011
f 1627//880 1629//880 1630//880 1628//880
f 1629//1012 1631//1012 1632//1012 1630//1012
f 1631//1013 1621//1013 1622//1013 1632//1013
f 1636//1018 1635//1018 1638//1018 1637//1018
f 1637//1019 1638//1019 1640//1019 1639//1019
f 1639//890 1640//890 1642//890 1641//890
f 1641//1020 1642//1020 1644//1020 1643//1020
f 1643//1021 1644//1021 1634//1021 1633//1021
f 1624//873 1626//873 1638//873 1635//873
f 1622//1022 1621//1022 1633//1022 1634//1022
f 1621//879 1631//879 1643//879 1633//879
f 1631//879 1629//879 1641//879 1643//879
f 1623//1023 1624//1023 1635//1023 1636//1023
f 1629//879 1627//879 1639//879 1641//879
f 1632//873 1622//873 1634//873 1644//873
f 1627//879 1625//879 1637//879 1639//879
f 1630//873 1632//873 1644//873 1642//873
f 1625//879 1623//879 1636//879 1637//879
f 1628//873 1630//873 1642//873 1640//873
f 1626//873 1628//873 1640//873 1638//873
usemtl Black.001
f 1329//904 1330//904 1332//904 1331//904
f 1331//905 1332//905 1334//905 1333//905
f 1333//880 1334//880 1336//880 1335//880
f 1335//906 1336//906 1338//906 1337//906
f 1337//907 1338//907 1340//907 1339//907
f 1339//908 1340//908 1342//908 1341//908
f 1341//909 1342//909 1344//909 1343//909
f 1343//890 1344//890 1346//890 1345//890
f 1332//871 1330//871 1348//871 1346//871 1344//871 1342//871 1340//871 1338//871 1336//871 1334//871
f 1345//910 1346//910 1348//910 1347//910
f 1347//911 1348//911 1330//911 1329//911
f 1329//876 1331//876 1333//876 1335//876 1337//876 1339//876 1341//876 1343//876 1345//876 1347//876
f 1397//930 1398//930 1400//930 1399//930
f 1399//931 1400//931 1402//931 1401//931
f 1401//880 1402//880 1404//880 1403//880
f 1403//932 1404//932 1406//932 1405//932
f 1405//933 1406//933 1408//933 1407//933
f 1407//934 1408//934 1410//934 1409//934
f 1409//935 1410//935 1412//935 1411//935
f 1411//890 1412//890 1414//890 1413//890
f 1400//869 1398//869 1416//869 1414//869 1412//869 1410//869 1408//869 1406//869 1404//869 1402//869
f 1413//936 1414//936 1416//936 1415//936
f 1415//937 1416//937 1398//937 1397//937
f 1397//874 1399//874 1401//874 1403//874 1405//874 1407//874 1409//874 1411//874 1413//874 1415//874
f 1465//957 1466//957 1468//957 1467//957
f 1467//958 1468//958 1470//958 1469//958
f 1469//880 1470//880 1472//880 1471//880
f 1471//959 1472//959 1474//959 1473//959
f 1473//960 1474//960 1476//960 1475//960
f 1475//961 1476//961 1478//961 1477//961
f 1477//962 1478//962 1480//962 1479//962
f 1479//890 1480//890 1482//890 1481//890
f 1468//878 1466//878 1484//878 1482//878 1480//878 1478//878 1476//878 1474//878 1472//878 1470//878
f 1481//963 1482//963 1484//963 1483//963
f 1483//964 1484//964 1466//964 1465//964
f 1465//872 1467//872 1469//872 1471//872 1473//872 1475//872 1477//872 1479//872 1481//872 1483//872
f 1533//984 1534//984 1536//984 1535//984
f 1535//985 1536//985 1538//985 1537//985
f 1537//880 1538//880 1540//880 1539//880
f 1539//986 1540//986 1542//986 1541//986
f 1541//987 1542//987 1544//987 1543//987
f 1543//988 1544//988 1546//988 1545//988
f 1545//989 1546//989 1548//989 1547//989
f 1547//890 1548//890 1550//890 1549//890
f 1536//875 1534//875 1552//875 1550//875 1548//875 1546//875 1544//875 1542//875 1540//875 1538//875
f 1549//990 1550//990 1552//990 1551//990
f 1551//991 1552//991 1534//991 1533//991
f 1533//870 1535//870 1537//870 1539//870 1541//870 1543//870 1545//870 1547//870 1549//870 1551//870
f 1601//1010 1602//1010 1604//1010 1603//1010
f 1603//1011 1604//1011 1606//1011 1605//1011
f 1605//880 1606//880 1608//880 1607//880
f 1607//1012 1608//1012 1610//1012 1609//1012
f 1609//1013 1610//1013 1612//1013 1611//1013
f 1611//1014 1612//1014 1614//1014 1613//1014
f 1613//1015 1614//1015 1616//1015 1615//1015
f 1615//890 1616//890 1618//890 1617//890
f 1604//873 1602//873 1620//873 1618//873 1616//873 1614//873 1612//873 1610//873 1608//873 1606//873
f 1617//1016 1618//1016 1620//1016 1619//1016
f 1619//1017 1620//1017 1602//1017 1601//1017
f 1601//879 1603//879 1605//879 1607//879 1609//879 1611//879 1613//879 1615//879 1617//879 1619//879
f 1645//1024 1807//1024 1967//1025 1812//1026
f 1645//1027 1812//1028 1965//1029 1743//1027
f 1645//1030 1743//1030 1936//1030 1744//1030
f 1645//1031 1744//1031 1935//1031 1807//1031
f 1646//1032 1756//1032 1943//1032 1758//1032
f 1646//1033 1758//1033 1944//1033 1747//1033
f 1646//1034 1747//1034 1938//1034 1745//1034
f 1646//1035 1745//1035 1937//1035 1756//1035
f 1647//1036 1761//1037 1946//1038 1750//1036
f 1647//1039 1750//1039 1953//1039 1769//1039
f 1647//1040 1769//1040 1954//1040 1781//1040
f 1647//1041 1781//1041 1945//1042 1761//1043
f 1648//1044 1755//1044 1941//1044 1751//1044
f 1648//1045 1751//1045 1939//1045 1748//1045
f 1648//1046 1748//1046 1940//1046 1752//1046
f 1648//1047 1752//1047 1942//1047 1755//1047
f 1649//1048 1820//1048 1969//1048 1753//1048
f 1649//1049 1753//1049 1941//1049 1755//1049
f 1649//1050 1755//1050 1942//1050 1754//1050
f 1649//1051 1754//1051 1970//1051 1820//1051
f 1650//1052 1821//1052 1973//1052 1828//1052
f 1650//1053 1828//1053 1974//1053 1757//1053
f 1650//1054 1757//1054 1944//1054 1758//1054
f 1650//1055 1758//1055 1943//1055 1821//1055
f 1651//1056 1787//1056 1937//1056 1759//1056
f 1651//1057 1759//1057 1978//1058 1833//1059
f 1651//1060 1833//1061 1980//1062 1780//1060
f 1651//1063 1780//1063 1951//1063 1787//1063
f 1652//1064 1811//1065 1968//1066 1808//1064
f 1652//1067 1808//1067 1949//1067 1765//1067
f 1652//1068 1765//1068 1950//1068 1764//1068
f 1652//1069 1764//1069 1966//1070 1811//1071
f 1653//1072 1779//1073 1957//1074 1777//1072
f 1653//1075 1777//1075 1951//1075 1766//1075
f 1653//1076 1766//1076 1952//1076 1768//1076
f 1653//1077 1768//1077 1958//1078 1779//1079
f 1654//1080 1782//1081 1960//1082 1771//1080
f 1654//1083 1771//1083 1939//1083 1789//1083
f 1654//1084 1789//1084 1953//1084 1750//1084
f 1654//1085 1750//1085 1946//1086 1782//1087
f 1655//1088 1772//1088 1955//1089 1776//1089
f 1655//1090 1776//1091 1956//1091 1773//1090
f 1655//1092 1773//1092 1954//1092 1769//1092
f 1655//1093 1769//1093 1953//1093 1772//1093
f 1656//1094 1774//1094 1971//1094 1819//1094
f 1656//1095 1819//1095 1972//1095 1775//1095
f 1656//1096 1775//1096 1956//1091 1776//1091
f 1656//1097 1776//1089 1955//1089 1774//1097
f 1657//1098 1827//1098 1975//1098 1823//1098
f 1657//1099 1823//1099 1957//1074 1779//1073
f 1657//1100 1779//1079 1958//1078 1778//1100
f 1657//1101 1778//1101 1976//1101 1827//1101
f 1658//1102 1836//1103 1980//1104 1832//1105
f 1658//1102 1832//1105 1946//1038 1761//1037
f 1658//1106 1761//1043 1945//1042 1749//1107
f 1658//1106 1749//1107 1977//1108 1836//1109
f 1659//1110 1810//1111 1967//1112 1807//1110
f 1659//1113 1807//1113 1935//1113 1785//1113
f 1659//1114 1785//1114 1949//1114 1808//1114
f 1659//1115 1808//1115 1968//1116 1810//1117
f 1660//1118 1801//1119 1962//1120 1798//1118
f 1660//1121 1798//1121 1934//1121 1784//1121
f 1660//1122 1784//1122 1948//1122 1800//1122
f 1660//1123 1800//1123 1964//1124 1801//1125
f 1661//1126 1826//1126 1973//1126 1821//1126
f 1661//1127 1821//1127 1943//1127 1793//1127
f 1661//1128 1793//1128 1957//1128 1823//1128
f 1661//1129 1823//1129 1975//1129 1826//1129
f 1662//1130 1788//1130 1938//1130 1747//1130
f 1662//1131 1747//1131 1944//1131 1794//1131
f 1662//1132 1794//1132 1958//1132 1768//1132
f 1662//1133 1768//1133 1952//1133 1788//1133
f 1663//1134 1835//1135 1979//1136 1831//1134
f 1663//1137 1831//1137 1938//1137 1788//1137
f 1663//1138 1788//1138 1952//1138 1829//1138
f 1663//1139 1829//1139 1977//1140 1835//1141
f 1664//1142 1830//1142 1978//1143 1834//1144
f 1664//1145 1834//1146 1979//1147 1770//1145
f 1664//1145 1770//1145 1959//1148 1796//1149
f 1664//1142 1796//1150 1960//1151 1830//1142
f 1665//1152 1789//1152 1939//1152 1751//1152
f 1665//1153 1751//1153 1941//1153 1791//1153
f 1665//1154 1791//1154 1955//1154 1772//1154
f 1665//1155 1772//1155 1953//1155 1789//1155
f 1666//1156 1792//1156 1942//1156 1752//1156
f 1666//1157 1752//1157 1940//1157 1790//1157
f 1666//1158 1790//1158 1954//1158 1773//1158
f 1666//1159 1773//1159 1956//1159 1792//1159
f 1667//1160 1818//1160 1969//1160 1813//1160
f 1667//1161 1813//1161 1933//1161 1783//1161
f 1667//1162 1783//1162 1947//1162 1815//1162
f 1667//1163 1815//1163 1971//1163 1818//1163
f 1668//1164 1817//1164 1970//1164 1754//1164
f 1668//1165 1754//1165 1942//1165 1792//1165
f 1668//1166 1792//1166 1956//1166 1775//1166
f 1668//1167 1775//1167 1972//1167 1817//1167
f 1669//1168 1793//1168 1943//1168 1756//1168
f 1669//1169 1756//1169 1937//1169 1787//1169
f 1669//1170 1787//1170 1951//1170 1777//1170
f 1669//1171 1777//1171 1957//1171 1793//1171
f 1670//1172 1825//1172 1974//1172 1822//1172
f 1670//1173 1822//1173 1936//1173 1786//1173
f 1670//1174 1786//1174 1950//1174 1824//1174
f 1670//1175 1824//1175 1976//1175 1825//1175
f 1671//1176 1833//1059 1978//1058 1830//1177
f 1671//1176 1830//1177 1960//1082 1782//1081
f 1671//1178 1782//1087 1946//1086 1832//1179
f 1671//1178 1832//1179 1980//1062 1833//1061
f 1672//1180 1790//1180 1940//1180 1760//1180
f 1672//1181 1760//1181 1959//1182 1795//1183
f 1672//1184 1795//1185 1945//1186 1781//1184
f 1672//1187 1781//1187 1954//1187 1790//1187
f 1673//1188 1809//1189 1965//1190 1805//1191
f 1673//1188 1805//1191 1962//1120 1801//1119
f 1673//1192 1801//1125 1964//1124 1806//1193
f 1673//1192 1806//1193 1966//1194 1809//1195
f 1674//1196 1783//1196 1933//1196 1741//1196
f 1674//1197 1741//1197 1961//1198 1802//1199
f 1674//1200 1802//1201 1963//1202 1762//1200
f 1674//1203 1762//1203 1947//1203 1783//1203
f 1675//1204 1763//1204 1947//1204 1762//1204
f 1675//1205 1762//1205 1963//1206 1803//1207
f 1675//1208 1803//1209 1964//1210 1800//1208
f 1675//1211 1800//1211 1948//1211 1763//1211
f 1676//1212 1741//1212 1933//1212 1742//1212
f 1676//1213 1742//1213 1934//1213 1798//1213
f 1676//1214 1798//1214 1962//1215 1804//1216
f 1676//1217 1804//1218 1961//1219 1741//1217
f 1677//1220 1786//1220 1936//1220 1743//1220
f 1677//1221 1743//1221 1965//1190 1809//1189
f 1677//1222 1809//1195 1966//1194 1764//1222
f 1677//1223 1764//1223 1950//1223 1786//1223
f 1678//1224 1802//1199 1961//1198 1797//1225
f 1678//1224 1797//1225 1967//1112 1810//1111
f 1678//1226 1810//1117 1968//1116 1799//1227
f 1678//1226 1799//1227 1963//1202 1802//1201
f 1679//1228 1803//1207 1963//1206 1799//1228
f 1679//1228 1799//1228 1968//1066 1811//1065
f 1679//1229 1811//1071 1966//1070 1806//1229
f 1679//1229 1806//1229 1964//1210 1803//1209
f 1680//1230 1797//1230 1961//1219 1804//1218
f 1680//1231 1804//1216 1962//1215 1805//1231
f 1680//1231 1805//1231 1965//1029 1812//1028
f 1680//1230 1812//1026 1967//1025 1797//1230
f 1681//1232 1784//1232 1934//1232 1814//1232
f 1681//1233 1814//1233 1970//1233 1817//1233
f 1681//1234 1817//1234 1972//1234 1816//1234
f 1681//1235 1816//1235 1948//1235 1784//1235
f 1682//1236 1791//1236 1941//1236 1753//1236
f 1682//1237 1753//1237 1969//1237 1818//1237
f 1682//1238 1818//1238 1971//1238 1774//1238
f 1682//1239 1774//1239 1955//1239 1791//1239
f 1683//1240 1815//1240 1947//1240 1763//1240
f 1683//1241 1763//1241 1948//1241 1816//1241
f 1683//1242 1816//1242 1972//1242 1819//1242
f 1683//1243 1819//1243 1971//1243 1815//1243
f 1684//1244 1742//1244 1933//1244 1813//1244
f 1684//1245 1813//1245 1969//1245 1820//1245
f 1684//1246 1820//1246 1970//1246 1814//1246
f 1684//1247 1814//1247 1934//1247 1742//1247
f 1685//1248 1794//1248 1944//1248 1757//1248
f 1685//1249 1757//1249 1974//1249 1825//1249
f 1685//1250 1825//1250 1976//1250 1778//1250
f 1685//1251 1778//1251 1958//1251 1794//1251
f 1686//1252 1785//1252 1935//1252 1746//1252
f 1686//1253 1746//1253 1973//1253 1826//1253
f 1686//1254 1826//1254 1975//1254 1767//1254
f 1686//1255 1767//1255 1949//1255 1785//1255
f 1687//1256 1765//1256 1949//1256 1767//1256
f 1687//1257 1767//1257 1975//1257 1827//1257
f 1687//1258 1827//1258 1976//1258 1824//1258
f 1687//1259 1824//1259 1950//1259 1765//1259
f 1688//1260 1746//1260 1935//1260 1744//1260
f 1688//1261 1744//1261 1936//1261 1822//1261
f 1688//1262 1822//1262 1974//1262 1828//1262
f 1688//1263 1828//1263 1973//1263 1746//1263
f 1689//1264 1771//1264 1960//1151 1796//1150
f 1689//1265 1796//1149 1959//1148 1760//1265
f 1689//1266 1760//1266 1940//1266 1748//1266
f 1689//1267 1748//1267 1939//1267 1771//1267
f 1690//1268 1759//1268 1937//1268 1745//1268
f 1690//1269 1745//1269 1938//1269 1831//1269
f 1690//1270 1831//1270 1979//1147 1834//1146
f 1690//1271 1834//1144 1978//1143 1759//1271
f 1691//1272 1795//1183 1959//1182 1770//1273
f 1691//1272 1770//1273 1979//1136 1835//1135
f 1691//1274 1835//1141 1977//1140 1749//1275
f 1691//1274 1749//1275 1945//1186 1795//1185
f 1692//1276 1766//1276 1951//1276 1780//1276
f 1692//1277 1780//1277 1980//1104 1836//1103
f 1692//1278 1836//1109 1977//1108 1829//1278
f 1692//1279 1829//1279 1952//1279 1766//1279
f 1693//1024 1903//1024 2015//1025 1908//1280
f 1693//1027 1908//1028 2013//1029 1839//1027
f 1693//1030 1839//1030 1984//1030 1840//1030
f 1693//1031 1840//1031 1983//1031 1903//1031
f 1694//1032 1852//1032 1991//1032 1854//1032
f 1694//1033 1854//1033 1992//1033 1843//1033
f 1694//1034 1843//1034 1986//1034 1841//1034
f 1694//1035 1841//1035 1985//1035 1852//1035
f 1695//1036 1857//1037 1994//1038 1846//1036
f 1695//1039 1846//1039 2001//1039 1865//1039
f 1695//1040 1865//1040 2002//1040 1877//1040
f 1695//1041 1877//1041 1993//1042 1857//1043
f 1696//1044 1851//1044 1989//1044 1847//1044
f 1696//1045 1847//1045 1987//1045 1844//1045
f 1696//1046 1844//1046 1988//1046 1848//1046
f 1696//1047 1848//1047 1990//1047 1851//1047
f 1697//1048 1916//1048 2017//1048 1849//1048
f 1697//1049 1849//1049 1989//1049 1851//1049
f 1697//1050 1851//1050 1990//1050 1850//1050
f 1697//1051 1850//1051 2018//1051 1916//1051
f 1698//1052 1917//1052 2021//1052 1924//1052
f 1698//1053 1924//1053 2022//1053 1853//1053
f 1698//1054 1853//1054 1992//1054 1854//1054
f 1698//1055 1854//1055 1991//1055 1917//1055
f 1699//1056 1883//1056 1985//1056 1855//1056
f 1699//1057 1855//1057 2026//1058 1929//1281
f 1699//1060 1929//1061 2028//1062 1876//1060
f 1699//1063 1876//1063 1999//1063 1883//1063
f 1700//1064 1907//1065 2016//1282 1904//1064
f 1700//1067 1904//1067 1997//1067 1861//1067
f 1700//1068 1861//1068 1998//1068 1860//1068
f 1700//1069 1860//1069 2014//1283 1907//1071
f 1701//1072 1875//1073 2005//1074 1873//1072
f 1701//1075 1873//1075 1999//1075 1862//1075
f 1701//1076 1862//1076 2000//1076 1864//1076
f 1701//1077 1864//1077 2006//1078 1875//1079
f 1702//1284 1878//1081 2008//1285 1867//1284
f 1702//1083 1867//1083 1987//1083 1885//1083
f 1702//1084 1885//1084 2001//1084 1846//1084
f 1702//1085 1846//1085 1994//1286 1878//1087
f 1703//1088 1868//1088 2003//1089 1872//1089
f 1703//1090 1872//1091 2004//1091 1869//1090
f 1703//1092 1869//1092 2002//1092 1865//1092
f 1703//1093 1865//1093 2001//1093 1868//1093
f 1704//1094 1870//1094 2019//1094 1915//1094
f 1704//1095 1915//1095 2020//1095 1871//1095
f 1704//1096 1871//1096 2004//1091 1872//1091
f 1704//1097 1872//1089 2003//1089 1870//1097
f 1705//1098 1923//1098 2023//1098 1919//1098
f 1705//1099 1919//1099 2005//1074 1875//1073
f 1705//1100 1875//1079 2006//1078 1874//1100
f 1705//1101 1874//1101 2024//1101 1923//1101
f 1706//1102 1932//1103 2028//1104 1928//1105
f 1706//1102 1928//1105 1994//1038 1857//1037
f 1706//1106 1857//1043 1993//1042 1845//1107
f 1706//1106 1845//1107 2025//1108 1932//1109
f 1707//1110 1906//1287 2015//1112 1903//1110
f 1707//1113 1903//1113 1983//1113 1881//1113
f 1707//1114 1881//1114 1997//1114 1904//1114
f 1707//1115 1904//1115 2016//1116 1906//1288
f 1708//1118 1897//1119 2010//1120 1894//1118
f 1708//1121 1894//1121 1982//1121 1880//1121
f 1708//1122 1880//1122 1996//1122 1896//1122
f 1708//1123 1896//1123 2012//1124 1897//1289
f 1709//1126 1922//1126 2021//1126 1917//1126
f 1709//1127 1917//1127 1991//1127 1889//1127
f 1709//1128 1889//1128 2005//1128 1919//1128
f 1709//1129 1919//1129 2023//1129 1922//1129
f 1710//1130 1884//1130 1986//1130 1843//1130
f 1710//1131 1843//1131 1992//1131 1890//1131
f 1710//1132 1890//1132 2006//1132 1864//1132
f 1710//1133 1864//1133 2000//1133 1884//1133
f 1711//1134 1931//1290 2027//1291 1927//1134
f 1711//1137 1927//1137 1986//1137 1884//1137
f 1711//1138 1884//1138 2000//1138 1925//1138
f 1711//1139 1925//1139 2025//1140 1931//1292
f 1712//1142 1926//1142 2026//1143 1930//1144
f 1712//1145 1930//1146 2027//1147 1866//1145
f 1712//1145 1866//1145 2007//1148 1892//1293
f 1712//1142 1892//1294 2008//1151 1926//1142
f 1713//1152 1885//1152 1987//1152 1847//1152
f 1713//1153 1847//1153 1989//1153 1887//1153
f 1713//1154 1887//1154 2003//1154 1868//1154
f 1713//1155 1868//1155 2001//1155 1885//1155
f 1714//1156 1888//1156 1990//1156 1848//1156
f 1714//1157 1848//1157 1988//1157 1886//1157
f 1714//1158 1886//1158 2002//1158 1869//1158
f 1714//1159 1869//1159 2004//1159 1888//1159
f 1715//1160 1914//1160 2017//1160 1909//1160
f 1715//1161 1909//1161 1981//1161 1879//1161
f 1715//1162 1879//1162 1995//1162 1911//1162
f 1715//1295 1911//1295 2019//1295 1914//1295
f 1716//1164 1913//1164 2018//1164 1850//1164
f 1716//1165 1850//1165 1990//1165 1888//1165
f 1716//1166 1888//1166 2004//1166 1871//1166
f 1716//1296 1871//1296 2020//1296 1913//1296
f 1717//1168 1889//1168 1991//1168 1852//1168
f 1717//1169 1852//1169 1985//1169 1883//1169
f 1717//1170 1883//1170 1999//1170 1873//1170
f 1717//1171 1873//1171 2005//1171 1889//1171
f 1718//1172 1921//1172 2022//1172 1918//1172
f 1718//1173 1918//1173 1984//1173 1882//1173
f 1718//1174 1882//1174 1998//1174 1920//1174
f 1718//1175 1920//1175 2024//1175 1921//1175
f 1719//1176 1929//1281 2026//1058 1926//1177
f 1719//1176 1926//1177 2008//1285 1878//1081
f 1719//1178 1878//1087 1994//1286 1928//1179
f 1719//1178 1928//1179 2028//1062 1929//1061
f 1720//1180 1886//1180 1988//1180 1856//1180
f 1720//1297 1856//1297 2007//1182 1891//1298
f 1720//1184 1891//1299 1993//1186 1877//1184
f 1720//1187 1877//1187 2002//1187 1886//1187
f 1721//1188 1905//1300 2013//1190 1901//1191
f 1721//1188 1901//1191 2010//1120 1897//1119
f 1721//1192 1897//1289 2012//1124 1902//1193
f 1721//1192 1902//1193 2014//1194 1905//1195
f 1722//1196 1879//1196 1981//1196 1837//1196
f 1722//1197 1837//1197 2009//1198 1898//1199
f 1722//1200 1898//1201 2011//1202 1858//1200
f 1722//1203 1858//1203 1995//1203 1879//1203
f 1723//1204 1859//1204 1995//1204 1858//1204
f 1723//1205 1858//1205 2011//1301 1899//1302
f 1723//1208 1899//1209 2012//1303 1896//1208
f 1723//1211 1896//1211 1996//1211 1859//1211
f 1724//1212 1837//1212 1981//1212 1838//1212
f 1724//1213 1838//1213 1982//1213 1894//1213
f 1724//1214 1894//1214 2010//1215 1900//1216
f 1724//1217 1900//1218 2009//1219 1837//1217
f 1725//1220 1882//1220 1984//1220 1839//1220
f 1725//1221 1839//1221 2013//1190 1905//1300
f 1725//1222 1905//1195 2014//1194 1860//1222
f 1725//1223 1860//1223 1998//1223 1882//1223
f 1726//1224 1898//1199 2009//1198 1893//1225
f 1726//1224 1893//1225 2015//1112 1906//1287
f 1726//1226 1906//1288 2016//1116 1895//1227
f 1726//1226 1895//1227 2011//1202 1898//1201
f 1727//1228 1899//1302 2011//1301 1895//1228
f 1727//1228 1895//1228 2016//1282 1907//1065
f 1727//1229 1907//1071 2014//1283 1902//1229
f 1727//1229 1902//1229 2012//1303 1899//1209
f 1728//1230 1893//1230 2009//1219 1900//1218
f 1728//1231 1900//1216 2010//1215 1901//1231
f 1728//1231 1901//1231 2013//1029 1908//1028
f 1728//1230 1908//1280 2015//1025 1893//1230
f 1729//1232 1880//1232 1982//1232 1910//1232
f 1729//1233 1910//1233 2018//1233 1913//1233
f 1729//1234 1913//1234 2020//1234 1912//1234
f 1729//1235 1912//1235 1996//1235 1880//1235
f 1730//1236 1887//1236 1989//1236 1849//1236
f 1730//1237 1849//1237 2017//1237 1914//1237
f 1730//1238 1914//1238 2019//1238 1870//1238
f 1730//1239 1870//1239 2003//1239 1887//1239
f 1731//1240 1911//1240 1995//1240 1859//1240
f 1731//1241 1859//1241 1996//1241 1912//1241
f 1731//1242 1912//1242 2020//1242 1915//1242
f 1731//1243 1915//1243 2019//1243 1911//1243
f 1732//1244 1838//1244 1981//1244 1909//1244
f 1732//1245 1909//1245 2017//1245 1916//1245
f 1732//1246 1916//1246 2018//1246 1910//1246
f 1732//1247 1910//1247 1982//1247 1838//1247
f 1733//1248 1890//1248 1992//1248 1853//1248
f 1733//1249 1853//1249 2022//1249 1921//1249
f 1733//1250 1921//1250 2024//1250 1874//1250
f 1733//1251 1874//1251 2006//1251 1890//1251
f 1734//1252 1881//1252 1983//1252 1842//1252
f 1734//1253 1842//1253 2021//1253 1922//1253
f 1734//1254 1922//1254 2023//1254 1863//1254
f 1734//1255 1863//1255 1997//1255 1881//1255
f 1735//1256 1861//1256 1997//1256 1863//1256
f 1735//1257 1863//1257 2023//1257 1923//1257
f 1735//1258 1923//1258 2024//1258 1920//1258
f 1735//1259 1920//1259 1998//1259 1861//1259
f 1736//1260 1842//1260 1983//1260 1840//1260
f 1736//1261 1840//1261 1984//1261 1918//1261
f 1736//1262 1918//1262 2022//1262 1924//1262
f 1736//1263 1924//1263 2021//1263 1842//1263
f 1737//1264 1867//1264 2008//1151 1892//1294
f 1737//1265 1892//1293 2007//1148 1856//1265
f 1737//1266 1856//1266 1988//1266 1844//1266
f 1737//1267 1844//1267 1987//1267 1867//1267
f 1738//1268 1855//1268 1985//1268 1841//1268
f 1738//1269 1841//1269 1986//1269 1927//1269
f 1738//1270 1927//1270 2027//1147 1930//1146
f 1738//1304 1930//1144 2026//1143 1855//1304
f 1739//1272 1891//1298 2007//1182 1866//1273
f 1739//1272 1866//1273 2027//1291 1931//1290
f 1739//1274 1931//1292 2025//1140 1845//1275
f 1739//1274 1845//1275 1993//1186 1891//1299
f 1740//1276 1862//1276 1999//1276 1876//1276
f 1740//1277 1876//1277 2028//1104 1932//1103
f 1740//1278 1932//1109 2025//1108 1925//1278
f 1740//1279 1925//1279 2000//1279 1862//1279
f 2091//1305 2089//1305 2032//1305 2031//1305
f 2103//1306 2101//1306 2040//1306 2037//1306
f 2053//871 2056//871 2034//871 2033//871
f 2033//1307 2034//1307 2030//1307 2029//1307
f 2050//1308 2053//1308 2033//1308 2029//1308
f 2056//1309 2051//1309 2030//1309 2034//1309
f 2115//1310 2113//1310 2042//1310 2043//1310
f 2104//1311 2103//1311 2037//1311 2038//1311
f 2101//1312 2102//1312 2039//1312 2040//1312
f 2102//1313 2104//1313 2038//1313 2039//1313
f 2074//1314 2073//1314 2048//1314 2045//1314
f 2116//1315 2114//1315 2044//1315 2041//1315
f 2113//1316 2116//1316 2041//1316 2042//1316
f 2114//1317 2115//1317 2043//1317 2044//1317
f 2046//1318 2045//1318 2048//1318 2047//1318
f 2075//876 2074//876 2045//876 2046//876
f 2073//871 2076//871 2047//871 2048//871
f 2076//1319 2075//1319 2046//1319 2047//1319
f 2092//1320 2089//1320 2052//1320 2055//1320
f 2088//1321 2086//1321 2051//1321 2056//1321
f 2091//1322 2090//1322 2054//1322 2049//1322
f 2085//1323 2087//1323 2053//1323 2050//1323
f 2090//1324 2092//1324 2055//1324 2054//1324
f 2087//1325 2088//1325 2056//1325 2053//1325
f 2029//876 2030//876 2051//876 2050//876
f 2085//1326 2086//1326 2052//1326 2049//1326
f 2096//1327 2094//1327 2062//1327 2063//1327
f 2100//1328 2099//1328 2061//1328 2064//1328
f 2095//1329 2096//1329 2063//1329 2057//1329
f 2097//1330 2100//1330 2064//1330 2058//1330
f 2094//1331 2093//1331 2060//1331 2062//1331
f 2099//1332 2098//1332 2059//1332 2061//1332
f 2093//1333 2095//1333 2057//1333 2060//1333
f 2098//1334 2097//1334 2058//1334 2059//1334
f 2108//1335 2105//1335 2068//1335 2069//1335
f 2111//1336 2110//1336 2067//1336 2070//1336
f 2107//1337 2106//1337 2072//1337 2065//1337
f 2109//1338 2112//1338 2071//1338 2066//1338
f 2106//1339 2108//1339 2069//1339 2072//1339
f 2112//1340 2111//1340 2070//1340 2071//1340
f 2105//1341 2107//1341 2065//1341 2068//1341
f 2110//1342 2109//1342 2066//1342 2067//1342
f 2084//1319 2079//1319 2075//1319 2076//1319
f 2082//871 2084//871 2076//871 2073//871
f 2079//876 2077//876 2074//876 2075//876
f 2077//1314 2082//1314 2073//1314 2074//1314
f 2117//1343 2119//1343 2081//1343 2078//1343
f 2121//1344 2123//1344 2082//1344 2077//1344
f 2118//1345 2117//1345 2078//1345 2080//1345
f 2122//1346 2121//1346 2077//1346 2079//1346
f 2119//1347 2120//1347 2083//1347 2081//1347
f 2123//1348 2124//1348 2084//1348 2082//1348
f 2120//1349 2118//1349 2080//1349 2083//1349
f 2124//1350 2122//1350 2079//1350 2084//1350
f 2050//1351 2051//1351 2086//1351 2085//1351
f 2054//1352 2055//1352 2088//1352 2087//1352
f 2049//1353 2054//1353 2087//1353 2085//1353
f 2055//1354 2052//1354 2086//1354 2088//1354
f 2035//1355 2036//1355 2092//1355 2090//1355
f 2031//1356 2035//1356 2090//1356 2091//1356
f 2036//1357 2032//1357 2089//1357 2092//1357
f 2049//1358 2052//1358 2089//1358 2091//1358
f 2032//1359 2036//1359 2095//1359 2093//1359
f 2031//1360 2032//1360 2093//1360 2094//1360
f 2036//1361 2035//1361 2096//1361 2095//1361
f 2035//1362 2031//1362 2094//1362 2096//1362
f 2060//1363 2057//1363 2097//1363 2098//1363
f 2062//1364 2060//1364 2098//1364 2099//1364
f 2057//1365 2063//1365 2100//1365 2097//1365
f 2063//1366 2062//1366 2099//1366 2100//1366
f 2064//1367 2061//1367 2104//1367 2102//1367
f 2058//1368 2064//1368 2102//1368 2101//1368
f 2061//1369 2059//1369 2103//1369 2104//1369
f 2059//1370 2058//1370 2101//1370 2103//1370
f 2039//1371 2038//1371 2107//1371 2105//1371
f 2037//1372 2040//1372 2108//1372 2106//1372
f 2038//1373 2037//1373 2106//1373 2107//1373
f 2040//1374 2039//1374 2105//1374 2108//1374
f 2068//1375 2065//1375 2109//1375 2110//1375
f 2072//1376 2069//1376 2111//1376 2112//1376
f 2065//1377 2072//1377 2112//1377 2109//1377
f 2069//1378 2068//1378 2110//1378 2111//1378
f 2070//1379 2067//1379 2115//1379 2114//1379
f 2066//1380 2071//1380 2116//1380 2113//1380
f 2071//1381 2070//1381 2114//1381 2116//1381
f 2067//1382 2066//1382 2113//1382 2115//1382
f 2043//1383 2042//1383 2118//1383 2120//1383
f 2044//1384 2043//1384 2120//1384 2119//1384
f 2042//1385 2041//1385 2117//1385 2118//1385
f 2041//1386 2044//1386 2119//1386 2117//1386
f 2083//1387 2080//1387 2122//1387 2124//1387
f 2081//1388 2083//1388 2124//1388 2123//1388
f 2080//1389 2078//1389 2121//1389 2122//1389
f 2078//1390 2081//1390 2123//1390 2121//1390
f 2125//1391 2162//1391 2221//1391 2169//1391
f 2125//1392 2169//1392 2220//1392 2164//1392
f 2125//1393 2164//1393 2228//1393 2181//1393
f 2125//1394 2181//1394 2229//1394 2162//1394
f 2126//1395 2198//1395 2233//1395 2185//1395
f 2126//1396 2185//1396 2221//1396 2162//1396
f 2126//1397 2162//1397 2229//1397 2189//1397
f 2126//1398 2189//1398 2237//1398 2198//1398
f 2127//1399 2214//1399 2244//1399 2204//1399
f 2127//1400 2204//1400 2219//1400 2165//1400
f 2127//1401 2165//1401 2223//1401 2206//1401
f 2127//1402 2206//1402 2246//1402 2214//1402
f 2128//1403 2155//1403 2239//1404 2213//1405
f 2128//1406 2213//1407 2243//1408 2203//1406
f 2128//1409 2203//1409 2217//1409 2161//1409
f 2128//1410 2161//1410 2215//1410 2155//1410
f 2129//1411 2165//1411 2219//1411 2167//1411
f 2129//1412 2167//1412 2222//1412 2166//1412
f 2129//1413 2166//1413 2230//1413 2179//1413
f 2129//1414 2179//1414 2223//1414 2165//1414
f 2130//1415 2161//1415 2217//1415 2160//1415
f 2130//1416 2160//1416 2222//1416 2167//1416
f 2130//1417 2167//1417 2219//1417 2163//1417
f 2130//1418 2163//1418 2215//1418 2161//1418
f 2131//1419 2203//1419 2243//1419 2212//1419
f 2131//1420 2212//1420 2240//1420 2168//1420
f 2131//1421 2168//1421 2222//1421 2160//1421
f 2131//1422 2160//1422 2217//1422 2203//1422
f 2132//1423 2157//1423 2216//1423 2156//1423
f 2132//1424 2156//1424 2220//1424 2169//1424
f 2132//1425 2169//1425 2221//1425 2158//1425
f 2132//1426 2158//1426 2218//1426 2157//1426
f 2133//1427 2183//1427 2231//1427 2194//1427
f 2133//1428 2194//1428 2234//1428 2170//1428
f 2133//1429 2170//1429 2220//1429 2156//1429
f 2133//1430 2156//1430 2216//1430 2183//1430
f 2142//1471 2199//1471 2239//1471 2208//1471
f 2142//1472 2208//1472 2244//1472 2186//1472
f 2142//1473 2186//1473 2234//1473 2194//1473
f 2142//1474 2194//1474 2231//1474 2199//1474
f 2143//1475 2159//1475 2218//1475 2158//1475
f 2143//1476 2158//1476 2221//1476 2185//1476
f 2143//1477 2185//1477 2233//1477 2195//1477
f 2143//1478 2195//1478 2232//1478 2159//1478
f 2144//1479 2183//1479 2216//1479 2157//1479
f 2144//1480 2157//1480 2218//1480 2159//1480
f 2144//1481 2159//1481 2232//1482 2196//1483
f 2144//1484 2196//1485 2231//1486 2183//1484
f 2145//1487 2164//1487 2220//1487 2170//1487
f 2145//1488 2170//1488 2234//1488 2197//1488
f 2145//1489 2197//1489 2238//1489 2182//1489
f 2145//1490 2182//1490 2228//1490 2164//1490
f 2146//1491 2207//1491 2240//1491 2200//1491
f 2146//1492 2200//1492 2233//1492 2198//1492
f 2146//1493 2198//1493 2237//1493 2202//1493
f 2146//1494 2202//1494 2242//1494 2207//1494
f 2147//1495 2166//1495 2222//1495 2168//1495
f 2147//1496 2168//1496 2240//1496 2207//1496
f 2147//1497 2207//1497 2242//1497 2180//1497
f 2147//1498 2180//1498 2230//1498 2166//1498
f 2148//1499 2155//1499 2215//1499 2163//1499
f 2148//1500 2163//1500 2219//1500 2204//1500
f 2148//1501 2204//1501 2244//1501 2208//1501
f 2148//1502 2208//1502 2239//1502 2155//1502
f 2152//1515 2184//1515 2232//1515 2195//1515
f 2152//1516 2195//1516 2233//1516 2200//1516
f 2152//1517 2200//1517 2240//1517 2212//1517
f 2152//1518 2212//1518 2243//1518 2184//1518
f 2153//1519 2199//1519 2231//1486 2196//1485
f 2153//1520 2196//1483 2232//1482 2184//1520
f 2153//1520 2184//1520 2243//1408 2213//1407
f 2153//1519 2213//1405 2239//1404 2199//1519
f 2154//1521 2197//1521 2234//1521 2186//1521
f 2154//1522 2186//1522 2244//1522 2214//1522
f 2154//1523 2214//1523 2246//1523 2190//1523
f 2154//1524 2190//1524 2238//1524 2197//1524
f 2247//1525 2282//1525 2337//1525 2289//1525
f 2247//1526 2289//1526 2336//1526 2284//1526
f 2247//1527 2284//1527 2344//1527 2301//1527
f 2247//1528 2301//1528 2345//1528 2282//1528
f 2248//1529 2318//1529 2349//1529 2305//1529
f 2248//1530 2305//1530 2337//1530 2282//1530
f 2248//1531 2282//1531 2345//1531 2309//1531
f 2248//1532 2309//1532 2353//1532 2318//1532
f 2249//1533 2317//1533 2350//1533 2306//1533
f 2249//1534 2306//1534 2335//1534 2285//1534
f 2249//1535 2285//1535 2339//1535 2310//1535
f 2249//1536 2310//1536 2354//1536 2317//1536
f 2250//1537 2275//1537 2347//1537 2316//1537
f 2250//1538 2316//1538 2348//1538 2304//1538
f 2250//1539 2304//1539 2333//1539 2281//1539
f 2250//1540 2281//1540 2331//1540 2275//1540
f 2251//1541 2285//1541 2335//1541 2287//1541
f 2251//1542 2287//1542 2338//1542 2286//1542
f 2251//1543 2286//1543 2346//1543 2299//1543
f 2251//1544 2299//1544 2339//1544 2285//1544
f 2252//1545 2330//1545 2357//1545 2321//1545
f 2252//1546 2321//1546 2338//1546 2287//1546
f 2252//1547 2287//1547 2335//1547 2283//1547
f 2252//1548 2283//1548 2358//1548 2330//1548
f 2253//871 2329//871 2360//871 2324//871
f 2253//1549 2324//1550 2349//1550 2288//1549
f 2253//1551 2288//1551 2338//1551 2321//1551
f 2253//1552 2321//1552 2357//1552 2329//1552
f 2254//1553 2328//1553 2355//1553 2319//1553
f 2254//1554 2319//1554 2336//1554 2289//1554
f 2254//1555 2289//1555 2337//1555 2320//1555
f 2254//1556 2320//1556 2356//1556 2328//1556
f 2255//876 2327//876 2359//876 2323//876
f 2255//1557 2323//1557 2350//1557 2290//1557
f 2255//1558 2290//1558 2336//1558 2319//1558
f 2255//1559 2319//1559 2355//1559 2327//1559
f 2264//1586 2326//1586 2358//1586 2283//1586
f 2264//1587 2283//1587 2335//1587 2306//1587
f 2264//1557 2306//1557 2350//1557 2323//1557
f 2264//876 2323//876 2359//876 2326//876
f 2265//1588 2325//1588 2356//1588 2320//1588
f 2265//1589 2320//1589 2337//1589 2305//1589
f 2265//1550 2305//1550 2349//1550 2324//1550
f 2265//871 2324//871 2360//871 2325//871
f 2266//1590 2303//1590 2332//1590 2277//1590
f 2266//1591 2277//1591 2334//1591 2279//1591
f 2266//1538 2279//1538 2348//1538 2316//1538
f 2266//1537 2316//1537 2347//1537 2303//1537
f 2267//1592 2284//1592 2336//1592 2290//1592
f 2267//1533 2290//1533 2350//1533 2317//1533
f 2267//1536 2317//1536 2354//1536 2302//1536
f 2267//1593 2302//1593 2344//1593 2284//1593
f 2268//1594 2286//1594 2338//1594 2288//1594
f 2268//1529 2288//1529 2349//1529 2318//1529
f 2268//1532 2318//1532 2353//1532 2300//1532
f 2268//1595 2300//1595 2346//1595 2286//1595
f 2269//1596 2279//1596 2334//1596 2278//1596
f 2269//1588 2278//1588 2356//1588 2325//1588
f 2269//871 2325//871 2360//871 2315//871
f 2269//1597 2315//1597 2348//1597 2279//1597
f 2270//1598 2275//1598 2331//1598 2322//1598
f 2270//1586 2322//1586 2358//1586 2326//1586
f 2270//876 2326//876 2359//876 2314//876
f 2270//1599 2314//1599 2347//1599 2275//1599
f 2271//1599 2303//1599 2347//1599 2314//1599
f 2271//876 2314//876 2359//876 2327//876
f 2271//1559 2327//1559 2355//1559 2276//1559
f 2271//1600 2276//1600 2332//1600 2303//1600
f 2272//1601 2277//1601 2332//1601 2276//1601
f 2272//1553 2276//1553 2355//1553 2328//1553
f 2272//1556 2328//1556 2356//1556 2278//1556
f 2272//1602 2278//1602 2334//1602 2277//1602
f 2273//1597 2304//1597 2348//1597 2315//1597
f 2273//871 2315//871 2360//871 2329//871
f 2273//1552 2329//1552 2357//1552 2280//1552
f 2273//1603 2280//1603 2333//1603 2304//1603
f 2274//1604 2281//1604 2333//1604 2280//1604
f 2274//1545 2280//1545 2357//1545 2330//1545
f 2274//1548 2330//1548 2358//1548 2322//1548
f 2274//1605 2322//1605 2331//1605 2281//1605
usemtl Chair.001
f 2134//1431 2182//1431 2238//1431 2193//1431
f 2134//1432 2193//1432 2235//1432 2172//1432
f 2134//1433 2172//1433 2225//1433 2176//1433
f 2134//1434 2176//1434 2228//1434 2182//1434
f 2135//1435 2181//1435 2228//1435 2176//1435
f 2135//1436 2176//1436 2225//1436 2173//1436
f 2135//1437 2173//1437 2226//1437 2177//1437
f 2135//1438 2177//1438 2229//1438 2181//1438
f 2136//1439 2180//1439 2242//1439 2211//1439
f 2136//1440 2211//1440 2241//1440 2174//1440
f 2136//1441 2174//1441 2227//1441 2178//1441
f 2136//1442 2178//1442 2230//1442 2180//1442
f 2137//1443 2179//1443 2230//1443 2178//1443
f 2137//1444 2178//1444 2227//1444 2175//1444
f 2137//1445 2175//1445 2224//1445 2171//1445
f 2137//1446 2171//1446 2223//1446 2179//1446
f 2138//1447 2174//1447 2241//1448 2210//1449
f 2138//1450 2210//1451 2245//1452 2205//1450
f 2138//1453 2205//1453 2224//1453 2175//1453
f 2138//1454 2175//1454 2227//1454 2174//1454
f 2139//1455 2188//1455 2226//1455 2173//1455
f 2139//1456 2173//1456 2225//1456 2172//1456
f 2139//1457 2172//1457 2235//1458 2191//1459
f 2139//1460 2191//1461 2236//1462 2188//1460
f 2140//1463 2189//1463 2229//1463 2177//1463
f 2140//1464 2177//1464 2226//1464 2188//1464
f 2140//1465 2188//1465 2236//1465 2192//1465
f 2140//1466 2192//1466 2237//1466 2189//1466
f 2141//1467 2190//1467 2246//1467 2209//1467
f 2141//1468 2209//1468 2245//1468 2187//1468
f 2141//1469 2187//1469 2235//1469 2193//1469
f 2141//1470 2193//1470 2238//1470 2190//1470
f 2149//1503 2206//1503 2223//1503 2171//1503
f 2149//1504 2171//1504 2224//1504 2205//1504
f 2149//1505 2205//1505 2245//1505 2209//1505
f 2149//1506 2209//1506 2246//1506 2206//1506
f 2150//1507 2201//1508 2236//1462 2191//1461
f 2150//1509 2191//1459 2235//1458 2187//1510
f 2150//1509 2187//1510 2245//1452 2210//1451
f 2150//1507 2210//1449 2241//1448 2201//1508
f 2151//1511 2202//1511 2237//1511 2192//1511
f 2151//1512 2192//1512 2236//1512 2201//1512
f 2151//1513 2201//1513 2241//1513 2211//1513
f 2151//1514 2211//1514 2242//1514 2202//1514
f 2256//1560 2302//1560 2354//1560 2313//1560
f 2256//1561 2313//1561 2351//1561 2292//1561
f 2256//1562 2292//1562 2341//1562 2296//1562
f 2256//1563 2296//1563 2344//1563 2302//1563
f 2257//1564 2301//1564 2344//1564 2296//1564
f 2257//1565 2296//1565 2341//1565 2293//1565
f 2257//1566 2293//1566 2342//1566 2297//1566
f 2257//1567 2297//1567 2345//1567 2301//1567
f 2258//1568 2300//1568 2353//1568 2312//1568
f 2258//1569 2312//1569 2352//1569 2294//1569
f 2258//1570 2294//1570 2343//1570 2298//1570
f 2258//1571 2298//1571 2346//1571 2300//1571
f 2259//1572 2299//1572 2346//1572 2298//1572
f 2259//1573 2298//1573 2343//1573 2295//1573
f 2259//1574 2295//1574 2340//1574 2291//1574
f 2259//1575 2291//1575 2339//1575 2299//1575
f 2260//1576 2294//1576 2352//1576 2311//1576
f 2260//1577 2311//1577 2351//1577 2307//1577
f 2260//1578 2307//1578 2340//1578 2295//1578
f 2260//1579 2295//1579 2343//1579 2294//1579
f 2261//1580 2308//1580 2342//1580 2293//1580
f 2261//1581 2293//1581 2341//1581 2292//1581
f 2261//1577 2292//1577 2351//1577 2311//1577
f 2261//1576 2311//1576 2352//1576 2308//1576
f 2262//1582 2309//1582 2345//1582 2297//1582
f 2262//1583 2297//1583 2342//1583 2308//1583
f 2262//1569 2308//1569 2352//1569 2312//1569
f 2262//1568 2312//1568 2353//1568 2309//1568
f 2263//1584 2310//1584 2339//1584 2291//1584
f 2263//1585 2291//1585 2340//1585 2307//1585
f 2263//1561 2307//1561 2351//1561 2313//1561
f 2263//1560 2313//1560 2354//1560 2310//1560
