# Blender 5.1.2
# www.blender.org
mtllib Untitled.mtl
o BaseHuman
v 1.378666 0.085882 -3.600963
v 0.267736 0.226765 -2.817390
v 0.371134 0.099496 -2.810190
v 0.390689 -0.002965 -2.806049
v 0.410450 0.073114 -2.373374
v 0.443589 -0.024235 -2.419781
v 0.101658 -0.082119 -2.334859
v 0.270605 0.245877 -2.342594
v 0.216826 -0.063322 -2.798026
v 0.229287 0.205669 -1.633065
v 0.487298 0.093348 -1.672182
v 0.511662 0.031529 -1.683036
v 0.251486 0.001897 -1.637859
v 0.070444 0.069729 -2.232827
v 0.181746 0.114704 -1.629104
v 0.307383 0.008255 -1.355405
v 0.485783 0.030570 -1.354883
v 0.237676 0.132972 -1.244057
v 0.280418 0.208658 -1.244191
v 0.524880 0.107854 -1.259553
v 0.388935 0.160193 0.038789
v 0.619121 0.133540 0.007745
v 0.591398 0.045339 -0.043064
v 0.594032 -0.023889 -0.084547
v 0.415903 -0.050434 -0.088672
v 0.399449 0.045545 -0.030317
v 0.497550 0.183117 0.045325
v 0.497387 -0.063555 -0.101861
v 0.402308 -0.006566 -1.367969
v 0.330951 -0.074321 -2.405156
v 0.377082 -0.005138 -1.659604
v 0.260933 0.193388 -1.434015
v 0.505518 0.104452 -1.447637
v 0.218145 0.130634 -1.393556
v 0.424790 -0.004532 -0.232942
v 0.388279 0.057100 -0.180563
v 0.586459 0.076838 -0.179788
v 0.411255 0.105351 -0.154170
v 0.563423 0.009507 -0.228949
v 0.488713 0.139414 -0.141090
v 0.488476 -0.011494 -0.242613
v 0.119762 0.016676 -4.065961
v 0.077010 0.084261 -4.052772
v 0.123900 -0.045578 -4.075297
v 0.098715 -0.089249 -4.078450
v 0.142881 0.033157 -4.226533
v 0.079571 0.084666 -4.175075
v 0.133115 -0.034502 -4.266700
v 0.110213 -0.088521 -4.246372
v 0.226007 0.001025 -4.386983
v 0.170300 -0.111028 -4.389309
v 0.223195 0.067205 -4.381857
v 0.172959 0.192482 -4.360066
v 0.250877 0.002885 -4.507013
v 0.241668 0.044866 -4.515247
v 0.180878 0.200637 -4.449146
v 0.195324 0.058754 -4.271578
v 0.024040 0.226348 -4.471599
v 0.034664 0.232590 -4.348800
v 0.192577 0.205926 -4.502548
v 0.104203 0.257621 -2.258833
v 0.419913 -0.029684 -2.550898
v 0.401001 0.083262 -2.553099
v 0.280393 0.233298 -2.534122
v 0.121564 0.265251 -2.342295
v 0.321164 -0.096595 -2.585175
v 0.109389 -0.128099 -4.386209
v 0.220826 -0.116873 -2.628493
v 0.062516 0.233418 -4.516192
v 0.107214 0.054482 -4.062411
v 0.121902 0.071877 -4.203178
v 0.207769 0.151763 -4.369757
v 0.216179 0.148911 -4.498073
v 0.140170 0.138945 -4.179937
v 1.391134 0.050065 -3.388880
v 1.404915 0.111271 -3.452473
v 1.420756 0.144944 -3.498140
v 1.507089 0.007333 -3.620322
v 1.497321 -0.006694 -3.600090
v 1.434017 -0.004181 -3.421518
v 1.480574 -0.032841 -3.531778
v 1.470748 0.086687 -3.568540
v 1.811130 0.116964 -3.350387
v 1.805398 0.084863 -3.309925
v 1.850860 -0.005052 -3.478360
v 1.829416 0.013102 -3.376197
v 2.052338 0.023834 -3.440542
v 2.129942 0.022150 -3.481896
v 2.053266 0.061297 -3.229850
v 2.042269 0.112075 -3.265712
v 2.084594 0.083850 -3.394942
v 2.120483 0.063277 -3.498938
v 2.069111 0.048281 -3.274331
v 2.136332 0.046883 -3.202116
v 2.097620 0.024403 -3.358717
v 2.067492 0.129433 -3.172472
v 2.173289 0.035895 -3.345080
v 2.116003 0.118029 -3.252104
v 2.160346 0.083361 -3.374675
v 2.204804 0.053962 -3.515980
v 2.216047 0.008172 -3.471318
v 2.082865 0.076591 -3.136920
v 2.147691 0.101944 -3.068695
v 2.135118 0.147449 -3.099602
v 2.273773 0.038397 -3.319935
v 2.219349 0.080873 -3.142450
v 2.317316 0.005991 -3.456196
v 2.206434 0.128096 -3.176981
v 2.259782 0.084677 -3.349152
v 2.306726 0.047183 -3.497068
v 2.251474 0.141028 -3.045384
v 2.232867 0.106717 -3.034314
v 2.258597 0.092133 -3.069109
v 2.402410 0.028766 -3.280666
v 2.357595 0.055529 -3.151045
v 2.443138 -0.003298 -3.411517
v 2.374202 0.085268 -3.163495
v 2.419165 0.059611 -3.293254
v 2.277091 0.126194 -3.080191
v 2.459021 0.033806 -3.434667
v 2.312105 0.123519 -3.029556
v 2.301454 0.095972 -3.018901
v 2.316131 0.087364 -3.042971
v 2.539980 0.002275 -3.229740
v 2.504603 0.022967 -3.133745
v 2.569192 -0.017589 -3.333391
v 2.605048 0.002933 -3.335427
v 2.539133 0.042733 -3.132636
v 2.575471 0.022143 -3.231329
v 2.324266 0.112831 -3.052441
v 2.049732 0.068943 -3.466654
v 2.015889 0.061569 -3.286254
v 2.027269 0.083774 -3.397770
v 2.013588 0.099660 -3.311722
v 2.038791 0.025267 -3.362174
v 1.854135 0.004450 -3.494686
v 2.022467 0.045230 -3.306477
v 2.048297 0.034267 -3.451226
v 1.805461 0.043833 -3.309928
v 1.839692 0.076319 -3.448931
v 1.861558 0.037955 -3.526665
v 0.470164 0.127356 -3.668897
v 0.313318 0.223656 -3.666532
v 0.469822 -0.039898 -3.650995
v 0.290972 -0.130033 -3.501792
v 0.251270 0.220188 -3.233244
v 0.547781 0.096143 -3.988114
v 0.549777 0.174426 -3.938828
v 0.539591 -0.109242 -3.885724
v 0.556646 -0.005092 -3.978516
v 0.527499 -0.115740 -3.751131
v 0.381281 0.078152 -4.024287
v 0.372959 -0.085090 -4.000911
v 0.404334 -0.006408 -4.024053
v 0.302402 -0.135392 -3.986581
v 0.744699 -0.076550 -3.802935
v 0.554915 0.197821 -3.824814
v 0.728942 0.184803 -3.747555
v 0.712416 -0.073440 -3.689475
v 0.749103 0.081165 -3.859270
v 0.751514 0.155637 -3.826886
v 0.748273 0.003840 -3.856353
v 0.365754 -0.150823 -3.717194
v 0.352217 -0.145094 -3.879318
v 0.264399 -0.093862 -3.296829
v 0.308334 0.004646 -3.042996
v 0.225301 -0.053373 -3.024361
v 0.257322 0.211941 -3.038663
v 0.317301 0.093079 -3.039520
v 0.325171 0.104666 -3.257854
v 0.314649 -0.007266 -3.273194
v 0.532973 0.191534 -3.722131
v 0.700407 0.174070 -3.647268
v 0.574164 0.084186 -0.233632
v 0.381154 0.063970 -0.233002
v 0.420537 0.021461 -0.264725
v 0.488671 0.015046 -0.273033
v 0.479908 0.120368 -0.210382
v 0.565034 0.037582 -0.264607
v 0.410967 0.106476 -0.211112
v 0.348095 0.014145 -0.980929
v 0.277442 0.126472 -0.976283
v 0.536074 0.107136 -0.993292
v 0.323783 0.170204 -0.979330
v 0.511718 0.041317 -0.991690
v 0.429867 0.004897 -0.986307
v 0.403149 0.177197 -0.060622
v 0.571105 -0.001289 -0.184057
v 0.491924 0.193109 -0.058635
v 0.491297 -0.026471 -0.198538
v 0.423624 -0.018130 -0.188079
v 0.391606 0.051196 -0.134362
v 0.588569 0.071035 -0.133902
v 0.604152 0.158366 -0.082931
v 0.504652 0.331779 0.133569
v 0.605971 0.281637 0.096984
v 0.426907 0.322880 0.069459
v 0.413672 0.308594 0.125717
v 0.502273 0.338792 0.072327
v 0.586608 0.304049 0.049865
v 0.864700 0.082669 -3.543203
v 0.921024 0.140210 -3.756568
v 0.917050 -0.050161 -3.741511
v 0.899172 0.153630 -3.673788
v 0.924423 0.058496 -3.769442
v 0.924754 0.011135 -3.770698
v 0.897784 -0.047254 -3.668531
v 0.871008 -0.034188 -3.567096
v 0.873019 0.138999 -3.574717
v 0.077645 0.218221 -4.244421
v 0.056116 0.224945 -4.240763
v 0.092997 0.218221 -4.289135
v 0.059863 0.229785 -4.291844
v 0.055934 0.223738 -4.204544
v 0.206690 0.076244 -4.321261
v 0.075704 0.222880 -4.140939
v 0.154898 0.151967 -4.198619
v 0.073559 0.218221 -4.278439
v 0.072912 0.218221 -4.271348
v 0.045710 0.224553 -4.281736
v 0.048389 0.230542 -4.259009
v 0.197500 -0.116892 -4.433993
v 0.234066 0.003871 -4.427854
v 0.046816 0.236303 -4.279187
v 0.069376 0.222618 -4.278819
v 0.234819 0.058614 -4.434156
v 0.178178 0.199485 -4.405804
v 0.025444 0.226085 -4.407527
v 0.216062 0.147856 -4.420977
v 0.021298 0.250470 -4.400562
v 0.126773 0.199201 -4.226044
v 0.178012 0.156126 -4.272503
v 0.147875 0.195861 -4.268363
v 0.069384 0.184466 -4.135967
v 0.024124 0.265233 -4.358634
v 0.026114 0.262542 -4.348673
v 0.286251 0.122986 -3.948087
v 0.297140 0.177044 -3.890136
v 0.316375 0.214865 -3.772384
v 0.412719 0.227010 -1.256926
v 0.357273 0.222636 -1.665256
v 0.425787 0.196902 -0.986039
v 0.381113 0.211124 -1.451501
v 1.366234 -0.010174 -3.624063
v 1.335721 -0.005786 -3.458862
v 1.379084 0.013694 -3.664124
v 1.329962 -0.049044 -3.551792
v 0.212721 0.137023 -4.661899
v 0.062581 0.215774 -4.673547
v 0.183304 0.183776 -4.675877
v 0.135609 0.221242 -4.516617
v 0.111809 0.163480 -4.158923
v 0.121233 0.188099 -4.177181
v 0.097493 0.217286 -4.353308
v 0.100846 0.217025 -4.409706
v 0.111115 0.212208 -4.458637
v 0.365672 0.168461 -0.689576
v 0.515229 0.017424 -0.771659
v 0.450066 -0.008878 -0.740746
v 0.376725 -0.001944 -0.738644
v 0.315316 0.106745 -0.703979
v 0.540241 0.104635 -0.721731
v 0.440538 0.193880 -0.690979
v 0.213352 -0.044271 -1.967425
v 0.164063 0.243309 -1.932036
v 0.465956 0.097197 -2.038066
v 0.496579 0.014160 -2.055459
v 0.120474 0.106824 -1.918326
v 0.375281 -0.030475 -2.035104
v 0.326810 0.257228 -2.001444
v 0.213831 0.066317 -4.043349
v 0.218014 -0.065334 -4.038104
v 0.170007 -0.117979 -4.034506
v 0.231632 0.005134 -4.045007
v 0.151215 0.103623 -4.000430
v 0.228923 0.096888 -4.506660
v 0.192068 0.120038 -4.297195
v 0.030295 0.247894 -4.348735
v 0.030151 0.229406 -4.377542
v 0.029778 0.242907 -4.370049
v 0.045342 0.238904 -4.350961
v 0.044276 0.227208 -4.351026
v 0.041624 0.225395 -4.372875
v 0.043169 0.235533 -4.367367
v 0.113345 -0.130805 -4.387802
v 0.257438 0.002591 -4.510830
v 0.248060 0.045344 -4.519216
v 0.175378 -0.113419 -4.390959
v 0.235080 0.098324 -4.510471
v 0.231267 0.093452 -4.670177
v 0.218579 0.139197 -4.668568
v 0.205956 0.139404 -4.751684
v 0.188621 0.186811 -4.682802
v 0.221981 0.150230 -4.423210
v 0.222101 0.151304 -4.501725
v 0.203078 -0.119392 -4.436466
v 0.243955 0.047707 -4.671787
v 0.117445 -0.148975 -4.435951
v 0.065676 0.219398 -4.680430
v 0.065750 0.172213 -4.759457
v 0.242356 -0.003961 -4.659543
v 0.192660 -0.132012 -4.519287
v 0.218172 -0.011898 -4.729230
v 0.167624 -0.123484 -4.684229
v 0.120748 -0.163612 -4.518401
v 0.218352 0.094425 -4.742398
v 0.230749 0.049445 -4.733111
v 0.069098 0.057173 -4.838831
v 0.070823 -0.017537 -4.835548
v 0.142068 0.052986 -4.815916
v 0.140082 -0.017632 -4.804537
v 0.066802 0.138344 -4.799747
v 0.186081 -0.132839 -4.641950
v 0.089079 -0.112365 -4.786715
v 0.097805 -0.153699 -4.678419
v 0.103092 -0.158476 -4.640555
v 0.318270 -0.101158 -2.602372
v 0.428042 -0.031451 -2.569828
v 0.282926 0.240163 -2.554505
v 0.408137 0.085370 -2.572297
v 0.221116 -0.120764 -2.643574
v -1.355224 0.106300 -3.516611
v -0.267736 0.226765 -2.817390
v -0.371134 0.099496 -2.810190
v -0.390689 -0.002965 -2.806049
v -0.410450 0.073114 -2.373374
v -0.443589 -0.024235 -2.419781
v -0.077557 -0.082119 -2.334859
v -0.270605 0.245877 -2.342594
v -0.216826 -0.063322 -2.798026
v -0.202684 0.205669 -1.632635
v -0.460614 0.093348 -1.672283
v -0.484955 0.031529 -1.683187
v -0.224873 0.001897 -1.637475
v -0.046343 0.069729 -2.232827
v -0.155151 0.114704 -1.628576
v -0.281350 0.008255 -1.355136
v -0.459751 0.030570 -1.354982
v -0.211873 0.132972 -1.243646
v -0.254615 0.208658 -1.243868
v -0.499045 0.107854 -1.259733
v -0.386062 0.175309 0.037510
v -0.601789 0.115479 0.006969
v -0.545548 0.032977 -0.041855
v -0.525201 -0.035346 -0.081790
v -0.342647 -0.035338 -0.085250
v -0.358368 0.061259 -0.029035
v -0.499606 0.181917 0.043489
v -0.417792 -0.060134 -0.098177
v -0.376249 -0.006566 -1.367895
v -0.330951 -0.074321 -2.405156
v -0.350424 -0.005138 -1.659478
v -0.234740 0.193388 -1.433651
v -0.479295 0.104452 -1.447776
v -0.192034 0.130634 -1.393104
v -0.365886 0.006769 -0.230531
v -0.350719 0.072721 -0.179518
v -0.550588 0.063119 -0.179265
v -0.389102 0.116703 -0.154213
v -0.505790 0.000312 -0.226908
v -0.475931 0.138779 -0.141927
v -0.425704 -0.009392 -0.240072
v -0.119762 0.016676 -4.065961
v -0.077010 0.084261 -4.052772
v -0.123900 -0.045578 -4.075297
v -0.098715 -0.089249 -4.078450
v -0.142881 0.033157 -4.226533
v -0.079571 0.084666 -4.175075
v -0.133115 -0.034502 -4.266700
v -0.110213 -0.088521 -4.246372
v -0.226007 0.001025 -4.386983
v -0.170300 -0.111028 -4.389309
v -0.223195 0.067205 -4.381857
v -0.172959 0.192482 -4.360066
v -0.250877 0.002885 -4.507013
v -0.241668 0.044866 -4.515247
v -0.180878 0.200637 -4.449146
v -0.195324 0.058754 -4.271578
v -0.024040 0.226348 -4.471599
v -0.034664 0.232590 -4.348800
v -0.192577 0.205926 -4.502548
v -0.080102 0.257621 -2.258833
v -0.419913 -0.029684 -2.550898
v -0.401001 0.083262 -2.553099
v -0.280393 0.233298 -2.534122
v -0.121564 0.265251 -2.342295
v -0.321164 -0.096595 -2.585175
v -0.109389 -0.128099 -4.386209
v -0.220826 -0.116873 -2.628493
v -0.062516 0.233418 -4.516192
v -0.107214 0.054482 -4.062411
v -0.121902 0.071877 -4.203178
v -0.207769 0.151763 -4.369757
v -0.216179 0.148910 -4.498073
v -0.140170 0.138945 -4.179937
v -1.359329 0.058889 -3.324120
v -1.381807 0.112988 -3.398814
v -1.403130 0.141521 -3.449840
v -1.487524 -0.008424 -3.534998
v -1.475401 -0.020113 -3.512784
v -1.400360 0.001042 -3.341705
v -1.452180 -0.039016 -3.441057
v -1.453524 0.075918 -3.503331
v -1.777492 0.116656 -3.261539
v -1.768031 0.086116 -3.219097
v -1.822877 -0.010153 -3.376445
v -1.794735 0.011854 -3.277674
v -2.023059 0.022544 -3.329945
v -2.103419 0.020835 -3.365648
v -2.008942 0.060089 -3.119757
v -2.000551 0.110854 -3.156359
v -2.051992 0.082574 -3.282209
v -2.095214 0.061957 -3.383358
v -2.027921 0.047054 -3.162982
v -2.089811 0.045677 -3.086149
v -2.062379 0.023139 -3.245095
v -2.019053 0.128246 -3.061569
v -2.136884 0.034629 -3.226097
v -2.073126 0.116805 -3.137522
v -2.126102 0.082085 -3.256582
v -2.180534 0.052626 -3.394324
v -2.188544 0.006852 -3.348933
v -2.031830 0.075416 -3.024964
v -2.091624 0.100789 -2.952304
v -2.081306 0.146283 -2.984070
v -2.235316 0.037131 -3.193838
v -2.168362 0.079682 -3.020732
v -2.288473 0.004667 -3.326612
v -2.157961 0.126892 -3.056139
v -2.223461 0.083400 -3.224020
v -2.280843 0.045844 -3.368172
v -2.193489 0.139872 -2.921671
v -2.174127 0.105567 -2.911929
v -2.202274 0.090967 -2.944785
v -2.360815 0.027501 -3.145471
v -2.306862 0.054321 -3.019406
v -2.410779 -0.004617 -3.273050
v -2.324324 0.084053 -3.030663
v -2.378436 0.058341 -3.156856
v -2.221522 0.125022 -2.954546
v -2.428286 0.032475 -3.295038
v -2.252829 0.122363 -2.901536
v -2.241435 0.094821 -2.891646
v -2.257792 0.086202 -2.914598
v -2.494388 0.001016 -3.084823
v -2.452249 0.021750 -2.991619
v -2.530924 -0.018891 -3.186105
v -2.566840 0.001626 -3.185591
v -2.486617 0.041513 -2.988063
v -2.529907 0.020880 -3.083889
v -2.266590 0.111665 -2.923485
v -2.022339 0.067642 -3.356215
v -1.975691 0.060343 -3.178688
v -1.995016 0.082503 -3.289126
v -1.975227 0.098424 -3.204289
v -2.003948 0.024009 -3.252746
v -1.827560 -0.001285 -3.393226
v -1.983692 0.043995 -3.198375
v -2.019795 0.032973 -3.340900
v -1.766978 0.045149 -3.215833
v -1.811864 0.072256 -3.354406
v -1.838143 0.030947 -3.427208
v -0.470164 0.127356 -3.668897
v -0.313318 0.223656 -3.666532
v -0.469822 -0.039898 -3.650995
v -0.290972 -0.130033 -3.501792
v -0.251270 0.220188 -3.233244
v -0.547781 0.096143 -3.988114
v -0.549777 0.174426 -3.938828
v -0.539591 -0.109242 -3.885724
v -0.556646 -0.005092 -3.978516
v -0.527499 -0.115740 -3.751131
v -0.381281 0.078152 -4.024287
v -0.372959 -0.085090 -4.000911
v -0.404334 -0.006408 -4.024053
v -0.302402 -0.135392 -3.986581
v -0.745025 -0.076550 -3.785923
v -0.554915 0.197821 -3.824814
v -0.725351 0.184803 -3.731810
v -0.704717 -0.073440 -3.675058
v -0.753442 0.081165 -3.841799
v -0.753533 0.155636 -3.809326
v -0.752406 0.003840 -3.838948
v -0.365754 -0.150823 -3.717194
v -0.352217 -0.145094 -3.879318
v -0.264399 -0.093862 -3.296829
v -0.308334 0.004646 -3.042996
v -0.225301 -0.053374 -3.024361
v -0.257322 0.211941 -3.038663
v -0.317301 0.093079 -3.039520
v -0.325171 0.104666 -3.257854
v -0.314649 -0.007266 -3.273194
v -0.532973 0.191534 -3.722131
v -0.689723 0.174070 -3.633817
v -0.540810 0.071563 -0.233262
v -0.345835 0.079959 -0.232101
v -0.370168 0.032444 -0.262888
v -0.434510 0.016182 -0.271081
v -0.460823 0.120816 -0.210783
v -0.516464 0.027127 -0.263190
v -0.388983 0.117297 -0.211174
v -0.322833 0.014145 -0.980745
v -0.252190 0.126472 -0.975953
v -0.510786 0.107136 -0.993495
v -0.298525 0.170204 -0.979096
v -0.486433 0.041317 -0.991843
v -0.404594 0.004897 -0.986291
v -0.405160 0.188876 -0.062275
v -0.509898 -0.010910 -0.181784
v -0.497023 0.191489 -0.060680
v -0.423692 -0.023993 -0.195669
v -0.360441 -0.005898 -0.185369
v -0.352193 0.066918 -0.133191
v -0.550906 0.057589 -0.133255
v -0.595015 0.141012 -0.084244
v -0.555745 0.326769 0.128404
v -0.637984 0.262739 0.092900
v -0.476724 0.328796 0.064532
v -0.459318 0.317325 0.121108
v -0.555506 0.333371 0.067014
v -0.626289 0.286975 0.045295
v -0.846162 0.082669 -3.518280
v -0.917586 0.140210 -3.727076
v -0.912546 -0.050161 -3.712341
v -0.889875 0.153630 -3.646068
v -0.921896 0.058496 -3.739674
v -0.922316 0.011135 -3.740903
v -0.888116 -0.047254 -3.640924
v -0.854160 -0.034188 -3.541662
v -0.856711 0.138999 -3.549119
v -0.077645 0.218221 -4.244421
v -0.056116 0.224945 -4.240763
v -0.092997 0.218221 -4.289135
v -0.059863 0.229785 -4.291844
v -0.055934 0.223738 -4.204544
v -0.206690 0.076244 -4.321261
v -0.075704 0.222880 -4.140939
v -0.154898 0.151967 -4.198619
v -0.073559 0.218221 -4.278439
v -0.072912 0.218221 -4.271348
v -0.045710 0.224553 -4.281736
v -0.048389 0.230542 -4.259009
v -0.197500 -0.116892 -4.433993
v -0.234066 0.003871 -4.427854
v -0.046816 0.236303 -4.279187
v -0.069376 0.222618 -4.278819
v -0.234819 0.058614 -4.434156
v -0.178178 0.199485 -4.405804
v -0.025444 0.226085 -4.407527
v -0.216062 0.147856 -4.420977
v -0.021298 0.250470 -4.400562
v -0.126773 0.199201 -4.226044
v -0.178012 0.156126 -4.272503
v -0.147875 0.195861 -4.268363
v -0.069384 0.184466 -4.135967
v -0.024124 0.265233 -4.358634
v -0.026114 0.262542 -4.348673
v -0.000000 0.233215 -4.236408
v -0.286251 0.122986 -3.948087
v -0.297140 0.177044 -3.890136
v -0.316375 0.214865 -3.772384
v -0.386889 0.227010 -1.256875
v -0.330603 0.222636 -1.665090
v -0.400514 0.196902 -0.986015
v -0.354883 0.211124 -1.451384
v -1.361673 0.022192 -3.590822
v -1.322652 -0.015888 -3.437626
v -1.371956 0.054859 -3.614084
v -1.329378 -0.033702 -3.547774
v -0.000000 0.214794 -2.786834
v -0.000000 0.159704 -3.932932
v 0.000000 -0.086820 -2.798279
v -0.000000 0.272208 -2.344022
v 0.000000 -0.088990 -2.340657
v 0.000000 0.060016 -2.249228
v -0.000000 0.113112 -4.022410
v 0.000000 -0.108358 -4.074867
v -0.000000 0.095885 -4.160408
v 0.000000 -0.112160 -4.229931
v 0.000000 -0.151692 -4.380025
v -0.000000 0.237809 -4.340439
v -0.000000 0.232182 -4.473411
v -0.000000 0.238162 -4.512652
v -0.000000 0.246013 -2.241946
v -0.000000 0.265238 -2.484494
v 0.000000 -0.120915 -2.652871
v 0.000000 -0.160806 -3.976538
v 0.000000 -0.183358 -3.896440
v 0.000000 -0.170657 -3.717194
v 0.000000 -0.153117 -3.500947
v 0.000000 -0.119942 -3.296829
v 0.000000 -0.076697 -3.022080
v -0.000000 0.235668 -4.288185
v -0.000000 0.229692 -4.197864
v -0.000000 0.231815 -4.133437
v -0.000000 0.228893 -4.280955
v -0.000000 0.235700 -4.258664
v -0.000000 0.240524 -4.279616
v -0.000000 0.255755 -4.398766
v -0.000000 0.200156 -4.118153
v -0.000000 0.266494 -4.342538
v -0.000000 0.269628 -4.354403
v -0.000000 0.143533 -3.866921
v -0.000000 0.219960 -3.022747
v -0.000000 0.217712 -3.224535
v -0.000000 0.187503 -3.626495
v -0.000000 0.173119 -3.742501
v -0.212721 0.137023 -4.661899
v -0.062581 0.215774 -4.673547
v -0.000000 0.221671 -4.652581
v -0.183304 0.183776 -4.675877
v -0.135609 0.221242 -4.516617
v -0.111809 0.163480 -4.158923
v -0.121233 0.188099 -4.177181
v -0.097493 0.217286 -4.353308
v -0.100846 0.217025 -4.409706
v -0.111115 0.212208 -4.458637
v -0.341009 0.168461 -0.689429
v -0.490397 0.017424 -0.771820
v -0.425297 -0.008878 -0.740772
v -0.351961 -0.001944 -0.738519
v -0.290624 0.106745 -0.703728
v -0.515512 0.104635 -0.721943
v -0.415872 0.193880 -0.690986
v -0.186061 -0.044271 -1.966962
v -0.136845 0.243309 -1.931471
v -0.438520 0.097197 -2.038123
v -0.469107 0.014160 -2.055578
v -0.093285 0.106824 -1.917673
v -0.347850 -0.036515 -2.034974
v -0.299449 0.257228 -2.001214
v -0.213831 0.066317 -4.043349
v -0.000000 0.151598 -3.965077
v -0.218014 -0.065334 -4.038104
v -0.170007 -0.117979 -4.034506
v -0.231632 0.005134 -4.045007
v 0.000000 -0.134582 -4.025703
v -0.151215 0.103623 -4.000430
v -0.228923 0.096888 -4.506660
v -0.192068 0.120038 -4.297195
v -0.030295 0.247894 -4.348735
v -0.030151 0.229406 -4.377542
v -0.029778 0.242907 -4.370049
v -0.045342 0.238904 -4.350961
v -0.044276 0.227208 -4.351026
v -0.041624 0.225395 -4.372875
v -0.043169 0.235533 -4.367367
v -0.113345 -0.130805 -4.387802
v 0.000000 -0.154833 -4.381504
v -0.257438 0.002591 -4.510830
v -0.248060 0.045344 -4.519216
v -0.175378 -0.113419 -4.390959
v -0.235080 0.098324 -4.510471
v -0.231267 0.093452 -4.670177
v -0.218579 0.139197 -4.668568
v -0.205956 0.139404 -4.751684
v -0.188621 0.186811 -4.682802
v -0.221981 0.150230 -4.423210
v -0.222101 0.151304 -4.501725
v -0.203078 -0.119392 -4.436466
v -0.000000 0.180185 -4.761345
v -0.000000 0.225404 -4.659078
v -0.243955 0.047707 -4.671787
v -0.117445 -0.148975 -4.435951
v 0.000000 -0.172986 -4.440063
v -0.065676 0.219398 -4.680430
v -0.065750 0.172213 -4.759457
v -0.242356 -0.003961 -4.659543
v -0.192660 -0.132012 -4.519287
v -0.218172 -0.011898 -4.729230
v -0.167624 -0.123484 -4.684229
v -0.120748 -0.163612 -4.518401
v 0.000000 -0.187610 -4.519680
v -0.218352 0.094425 -4.742398
v -0.230749 0.049445 -4.733111
v 0.000000 0.060355 -4.842737
v -0.000000 0.138077 -4.811850
v 0.000000 -0.017511 -4.844611
v -0.069098 0.057173 -4.838831
v -0.070823 -0.017537 -4.835548
v 0.000000 -0.172176 -4.679144
v 0.000000 -0.121628 -4.788741
v 0.000000 -0.179893 -4.641275
v -0.142068 0.052986 -4.815916
v -0.140082 -0.017632 -4.804537
v -0.066802 0.138344 -4.799747
v -0.186081 -0.132839 -4.641950
v -0.089079 -0.112365 -4.786715
v -0.097805 -0.153699 -4.678419
v -0.103092 -0.158476 -4.640555
v -0.318270 -0.101158 -2.602372
v -0.428042 -0.031451 -2.569828
v -0.000000 0.246471 -2.503958
v -0.282926 0.240163 -2.554505
v -0.408137 0.085370 -2.572297
v -0.221116 -0.120764 -2.643574
v 0.000000 -0.125406 -2.670938
v 0.107672 0.199356 -4.424538
v 0.085212 0.219929 -4.448153
v 0.071331 0.191498 -4.448153
v 0.107672 0.173926 -4.448153
v 0.144013 0.191498 -4.448153
v 0.130132 0.219929 -4.448153
v 0.071331 0.207214 -4.486366
v 0.085212 0.178783 -4.486366
v 0.130132 0.178783 -4.486366
v 0.144013 0.207214 -4.486366
v 0.107672 0.224785 -4.486366
v 0.107672 0.199356 -4.509982
v 0.086311 0.194737 -4.430919
v 0.094471 0.211448 -4.430919
v 0.073110 0.206829 -4.444799
v 0.107672 0.223541 -4.444799
v 0.120873 0.211448 -4.430919
v 0.107672 0.184409 -4.430919
v 0.086311 0.179790 -4.444799
v 0.129033 0.194737 -4.430919
v 0.129033 0.179790 -4.444799
v 0.142234 0.206829 -4.444799
v 0.094471 0.226395 -4.467260
v 0.120874 0.226395 -4.467260
v 0.064950 0.199356 -4.467260
v 0.073110 0.216067 -4.467260
v 0.094471 0.172316 -4.467260
v 0.073110 0.182644 -4.467260
v 0.142234 0.182644 -4.467260
v 0.120874 0.172316 -4.467260
v 0.142234 0.216067 -4.467260
v 0.150394 0.199356 -4.467260
v 0.086311 0.218922 -4.489720
v 0.073110 0.191882 -4.489720
v 0.107672 0.175171 -4.489720
v 0.142234 0.191882 -4.489720
v 0.129033 0.218922 -4.489720
v 0.086311 0.203975 -4.503601
v 0.107672 0.214303 -4.503601
v 0.094471 0.187263 -4.503601
v 0.120873 0.187263 -4.503601
v 0.129033 0.203975 -4.503601
v 0.053693 0.228236 -4.497152
v 0.051569 0.228236 -4.516289
v 0.183311 0.202946 -4.500813
v 0.056652 0.235296 -4.497455
v 0.054529 0.235296 -4.516592
v 0.186302 0.210000 -4.500517
v 0.123725 0.222052 -4.505960
v 0.121601 0.222052 -4.525097
v 0.126685 0.229112 -4.506263
v 0.124561 0.229112 -4.525400
v -0.107672 0.199356 -4.424538
v -0.085212 0.219929 -4.448153
v -0.071331 0.191498 -4.448153
v -0.107672 0.173926 -4.448153
v -0.144013 0.191498 -4.448153
v -0.130132 0.219929 -4.448153
v -0.071331 0.207214 -4.486366
v -0.085212 0.178783 -4.486366
v -0.130132 0.178783 -4.486366
v -0.144013 0.207214 -4.486366
v -0.107672 0.224785 -4.486366
v -0.107672 0.199356 -4.509982
v -0.086311 0.194737 -4.430919
v -0.094471 0.211448 -4.430919
v -0.073110 0.206829 -4.444799
v -0.107672 0.223541 -4.444799
v -0.120873 0.211448 -4.430919
v -0.107672 0.184409 -4.430919
v -0.086311 0.179790 -4.444799
v -0.129033 0.194737 -4.430919
v -0.129033 0.179790 -4.444799
v -0.142234 0.206829 -4.444799
v -0.094471 0.226395 -4.467260
v -0.120874 0.226395 -4.467260
v -0.064950 0.199356 -4.467260
v -0.073110 0.216067 -4.467260
v -0.094471 0.172316 -4.467260
v -0.073110 0.182644 -4.467260
v -0.142234 0.182644 -4.467260
v -0.120874 0.172316 -4.467260
v -0.142234 0.216067 -4.467260
v -0.150394 0.199356 -4.467260
v -0.086311 0.218922 -4.489720
v -0.073110 0.191882 -4.489720
v -0.107672 0.175171 -4.489720
v -0.142234 0.191882 -4.489720
v -0.129033 0.218922 -4.489720
v -0.086311 0.203975 -4.503601
v -0.107672 0.214303 -4.503601
v -0.094471 0.187263 -4.503601
v -0.120873 0.187263 -4.503601
v -0.129033 0.203975 -4.503601
v -0.053693 0.228236 -4.497152
v -0.051569 0.228236 -4.516289
v -0.183311 0.202946 -4.500813
v -0.056652 0.235296 -4.497455
v -0.054529 0.235296 -4.516592
v -0.186302 0.210000 -4.500517
v -0.123725 0.222052 -4.505960
v -0.121601 0.222052 -4.525097
v -0.126685 0.229112 -4.506263
v -0.124561 0.229112 -4.525400
v 0.264501 0.049200 -4.370072
v 0.256323 0.044030 -4.369377
v 0.219446 0.074810 -4.478637
v 0.212666 0.082533 -4.411767
v 0.211913 0.069246 -4.477612
v 0.205133 0.076969 -4.410742
v 0.252802 0.046010 -4.482958
v 0.226098 0.068758 -4.373135
v 0.260980 0.051179 -4.483654
v 0.234275 0.073928 -4.373830
v 0.279150 0.040852 -4.414012
v 0.270973 0.035682 -4.413317
v 0.207916 0.074055 -4.438920
v 0.215449 0.079619 -4.439945
v 0.247446 0.062758 -4.424048
v 0.239268 0.057588 -4.423353
v 0.216566 0.070981 -4.391887
v 0.232281 0.067218 -4.471991
v 0.224748 0.061653 -4.470965
v 0.224098 0.076546 -4.392912
v 0.227061 0.073070 -4.428591
v 0.219528 0.067506 -4.427567
v 0.247192 0.063466 -4.357582
v 0.239015 0.058296 -4.356886
v 0.255906 0.045898 -4.416975
v 0.264084 0.051068 -4.417669
v 0.259639 0.038870 -4.480638
v 0.267239 0.031577 -4.462990
v 0.275416 0.036747 -4.463686
v 0.267816 0.044040 -4.481334
v -0.264501 0.049200 -4.370072
v -0.256323 0.044030 -4.369377
v -0.219446 0.074810 -4.478637
v -0.212666 0.082533 -4.411767
v -0.211913 0.069246 -4.477612
v -0.205133 0.076969 -4.410742
v -0.252802 0.046010 -4.482958
v -0.226098 0.068758 -4.373135
v -0.260980 0.051179 -4.483654
v -0.234275 0.073928 -4.373830
v -0.279150 0.040852 -4.414013
v -0.270973 0.035682 -4.413318
v -0.207916 0.074055 -4.438920
v -0.215449 0.079619 -4.439945
v -0.247446 0.062758 -4.424048
v -0.239268 0.057588 -4.423353
v -0.216566 0.070981 -4.391888
v -0.232281 0.067218 -4.471991
v -0.224748 0.061653 -4.470965
v -0.224098 0.076546 -4.392912
v -0.227061 0.073070 -4.428591
v -0.219528 0.067506 -4.427567
v -0.247193 0.063466 -4.357582
v -0.239015 0.058296 -4.356886
v -0.255906 0.045898 -4.416975
v -0.264084 0.051068 -4.417669
v -0.259639 0.038870 -4.480638
v -0.267239 0.031577 -4.462991
v -0.275416 0.036746 -4.463686
v -0.267816 0.044040 -4.481334
v 0.389438 0.160795 0.035271
v 0.593221 -0.023089 -0.088068
v 0.497171 -0.062243 -0.105282
v 0.416176 -0.049291 -0.092190
v 0.399172 0.045745 -0.033998
v 0.591298 0.046248 -0.046278
v 0.618592 0.134418 0.004537
v 0.414140 0.309099 0.123726
v 0.504568 0.332027 0.131402
v 0.605285 0.282430 0.095317
v -0.386062 0.175309 0.037510
v -0.525201 -0.035346 -0.081790
v -0.417792 -0.060134 -0.098177
v -0.342647 -0.035338 -0.085250
v -0.358368 0.061259 -0.029035
v -0.545548 0.032977 -0.041855
v -0.601789 0.115479 0.006969
v -0.459318 0.317325 0.121108
v -0.555745 0.326769 0.128404
v -0.637984 0.262739 0.092900
v 1.181109 -0.033444 -3.636401
v 1.203217 0.053006 -3.685051
v 1.143603 0.035601 -3.469514
v 1.198094 -0.020325 -3.696431
v 1.199921 0.075076 -3.672564
v 1.147482 -0.047484 -3.541581
v 1.219046 0.150343 -3.613879
v 1.176009 0.098353 -3.452325
v 1.198005 0.137223 -3.541346
v -1.173115 -0.027552 -3.602357
v -1.193819 0.062285 -3.635201
v -1.120364 0.028297 -3.428586
v -1.193502 -0.009860 -3.658556
v -1.188461 0.083252 -3.619538
v -1.133770 -0.048989 -3.513020
v -1.199344 0.154172 -3.547944
v -1.148053 0.090030 -3.399167
v -1.174045 0.135499 -3.479642
v 0.191213 0.179723 -4.693101
v -0.000000 0.219413 -4.672625
v -0.191147 0.179902 -4.692841
v -0.065687 0.212314 -4.692294
v 0.065684 0.213874 -4.689682
v 0.191217 0.215327 -4.725266
v 0.188625 0.222415 -4.714966
v -0.001913 0.248974 -4.700336
v -0.001737 0.254884 -4.686710
v 0.061365 0.237182 -4.699336
v 0.218584 0.174802 -4.700732
v -0.184470 0.214132 -4.730509
v -0.188617 0.223644 -4.714966
v -0.066922 0.252822 -4.711041
v -0.218575 0.176030 -4.700732
v -0.067328 0.245817 -4.723002
v 0.061066 0.231717 -4.708663
v 0.191222 0.229888 -4.752747
v 0.188630 0.236976 -4.742448
v 0.003495 0.263805 -4.777656
v 0.003671 0.269715 -4.764030
v 0.066232 0.246076 -4.746052
v 0.218588 0.189362 -4.728213
v -0.159791 0.229993 -4.831125
v -0.157265 0.236902 -4.821086
v -0.062411 0.267569 -4.768462
v -0.204371 0.199199 -4.792949
v -0.062817 0.260564 -4.780423
v 0.065933 0.240611 -4.755379
v 0.424584 0.201971 -3.735217
v 0.423458 0.175735 -3.914482
v 0.435645 0.206343 -3.798599
v -0.424584 0.201971 -3.735217
v -0.423458 0.175735 -3.914482
v -0.435645 0.206343 -3.798599
v 0.422868 0.149653 -3.943287
v 0.421045 0.082448 -4.015648
v -0.418773 0.148854 -3.943431
v -0.406611 0.080889 -4.018784
v -0.409688 0.201186 -3.660785
v -0.301642 0.200571 -3.244514
v 0.409790 0.201131 -3.660804
v 0.301725 0.200442 -3.244541
vn 0.1167 0.0424 -0.9923
vn 0.3246 -0.0270 0.9455
vn 0.0582 -0.9585 -0.2792
vn 0.1286 0.9900 -0.0584
vn 0.9610 0.2586 -0.0985
vn 0.4822 -0.8757 0.0262
vn 0.6852 0.7171 -0.1274
vn -0.2012 -0.9229 -0.3283
vn 0.9302 0.3633 -0.0525
vn 0.0045 0.0502 0.9987
vn -0.0034 0.0503 0.9987
vn 0.0007 0.0504 0.9987
vn -0.7873 0.5919 0.1728
vn 0.3098 -0.9496 0.0472
vn -0.9874 -0.1556 -0.0284
vn 0.9892 0.0980 -0.1090
vn 0.9650 -0.2124 -0.1538
vn 0.2714 -0.0017 -0.9625
vn -0.9012 0.3776 0.2129
vn 0.9287 -0.3599 -0.0891
vn 0.0564 -0.5116 0.8574
vn 0.4303 0.2537 -0.8663
vn 0.4458 -0.0137 -0.8950
vn -0.2049 0.5520 0.8083
vn -0.8197 -0.5440 0.1792
vn -0.8258 -0.5375 0.1704
vn -0.8261 -0.5371 0.1703
vn -0.1236 0.9896 0.0737
vn 0.4072 -0.8553 -0.3204
vn 0.3205 -0.9473 -0.0033
vn -0.0626 0.9905 0.1221
vn 0.9990 0.0420 0.0131
vn -0.8396 0.5388 0.0686
vn -0.0896 -0.9943 0.0578
vn -0.0952 -0.9952 0.0220
vn 0.5503 0.8341 0.0393
vn 0.0870 -0.9920 0.0915
vn 0.3007 -0.7392 -0.6027
vn -0.2997 0.9473 -0.1129
vn 0.7780 0.6283 -0.0034
vn -0.9972 -0.0647 -0.0384
vn 0.9728 -0.1509 -0.1759
vn -0.8395 -0.5349 -0.0953
vn -0.1630 -0.7590 -0.6304
vn 0.3280 -0.9446 0.0130
vn 0.0846 -0.8284 -0.5537
vn -0.0037 -0.9508 0.3097
vn 0.2133 0.9577 -0.1931
vn 0.2124 -0.3999 -0.8916
vn 0.1415 0.7244 -0.6747
vn 0.4066 -0.9136 -0.0020
vn -0.8195 -0.5443 0.1792
vn 0.2311 0.9710 -0.0605
vn 0.9935 -0.0756 0.0853
vn 0.9237 0.3501 0.1553
vn 0.8992 -0.4360 0.0375
vn 0.8207 -0.3386 0.4602
vn 0.9344 -0.2932 0.2021
vn 0.8918 0.3875 0.2337
vn 0.1228 0.9705 0.2074
vn 0.2411 0.0677 0.9681
vn 0.9766 0.2127 0.0329
vn 0.6201 -0.3029 0.7237
vn 0.7419 -0.4698 0.4784
vn 0.2284 -0.9394 0.2557
vn 0.1701 0.9832 -0.0665
vn 0.2274 0.9267 -0.2991
vn 0.2728 -0.9261 0.2605
vn 0.3380 0.7276 -0.5970
vn 0.1282 0.9849 0.1167
vn -0.0083 0.9839 0.1786
vn 0.6848 0.7286 0.0109
vn 0.0954 -0.9854 0.1407
vn 0.0809 -0.9431 -0.3226
vn 0.1590 0.9446 0.2870
vn 0.8243 0.5653 0.0296
vn 0.1188 0.9928 0.0175
vn 0.5392 0.8372 0.0920
vn 0.1219 0.9799 0.1581
vn 0.0230 -0.9932 0.1138
vn 0.1298 -0.9892 0.0678
vn -0.0133 -0.9991 -0.0392
vn -0.0090 -0.9432 0.3320
vn 0.1231 -0.9176 -0.3779
vn -0.0839 -0.7831 0.6162
vn -0.2013 0.5367 0.8194
vn 0.1849 0.8176 -0.5453
vn 0.2701 0.6226 -0.7345
vn 0.2171 -0.7564 -0.6171
vn 0.0285 -0.9742 0.2238
vn 0.1948 0.8833 -0.4265
vn 0.1622 0.7654 -0.6228
vn -0.0246 0.9781 -0.2068
vn -0.0037 0.9794 -0.2018
vn -0.0734 -0.9582 0.2764
vn -0.0145 -0.9998 0.0150
vn -0.3896 -0.3972 -0.8309
vn -0.1113 -0.5928 -0.7976
vn -0.0181 -0.9891 0.1465
vn 0.0181 0.9715 -0.2364
vn 0.0637 0.9818 -0.1791
vn -0.0317 -0.9934 0.1098
vn -0.7441 0.2158 0.6322
vn -0.0481 0.9842 -0.1702
vn 0.0906 -0.6866 -0.7214
vn -0.2949 -0.9045 0.3082
vn 0.1050 -0.9756 0.1927
vn -0.0404 -0.9768 0.2104
vn 0.0664 0.9697 -0.2349
vn 0.0033 0.9818 -0.1898
vn 0.0714 0.9765 -0.2033
vn -0.3550 0.4560 0.8161
vn 0.0443 -0.9248 0.3779
vn 0.2357 -0.6247 -0.7445
vn -0.0846 -0.9667 0.2416
vn -0.1474 -0.9740 0.1720
vn -0.1356 -0.9720 0.1918
vn -0.1365 0.3851 0.9127
vn 0.2305 0.9622 -0.1451
vn 0.1667 0.9741 -0.1528
vn 0.1799 0.9708 -0.1584
vn 0.7999 -0.3345 -0.4983
vn 0.1011 0.5148 0.8513
vn 0.3490 -0.4415 -0.8266
vn -0.1960 -0.9508 0.2400
vn 0.3525 -0.6221 -0.6991
vn -0.2295 -0.9657 0.1215
vn -0.2213 -0.9640 0.1475
vn -0.0757 0.2963 0.9521
vn 0.2673 0.9585 -0.0989
vn 0.2684 0.9582 -0.0992
vn 0.8455 -0.1005 0.5245
vn 0.3392 0.9222 -0.1858
vn 0.2695 0.9579 -0.0994
vn 0.4643 -0.8161 0.3441
vn 0.4824 -0.8259 0.2918
vn -0.9562 -0.0440 0.2893
vn -0.2373 -0.9465 0.2187
vn -0.8305 0.2268 0.5088
vn 0.0134 -0.9217 0.3876
vn -0.3314 -0.7346 -0.5920
vn 0.0832 -0.9889 0.1234
vn -0.1557 0.8035 0.5746
vn 0.0872 0.9579 -0.2734
vn 0.0043 0.9405 -0.3399
vn 0.2979 -0.5707 -0.7652
vn 0.2350 -0.7789 -0.5815
vn -0.0424 0.6851 0.7272
vn 0.4079 -0.9076 -0.0994
vn 0.9285 0.3533 0.1145
vn 0.9945 -0.0997 0.0315
vn -0.0080 0.9736 -0.2281
vn 0.9340 -0.0331 0.3558
vn 0.6793 -0.6736 0.2914
vn -0.0160 -0.8015 0.5978
vn 0.7262 -0.6740 0.1359
vn 0.3382 -0.5662 -0.7517
vn -0.0005 0.6415 -0.7672
vn 0.0971 -0.9762 -0.1939
vn 0.8262 0.5447 -0.1435
vn 0.4180 -0.5924 -0.6887
vn 0.5376 -0.0349 -0.8425
vn 0.1819 -0.9831 0.0191
vn 0.2012 0.9497 -0.2400
vn 0.5087 -0.7399 0.4401
vn 0.1050 -0.9936 -0.0423
vn 0.0802 -0.9966 0.0172
vn 0.1154 0.8756 -0.4691
vn 0.1944 -0.9801 -0.0413
vn 0.2633 -0.8822 -0.3904
vn 0.0650 -0.9929 0.0994
vn 0.0871 -0.9812 0.1720
vn -0.2099 0.7377 0.6417
vn 0.3482 0.7326 0.5849
vn 0.0874 0.9929 0.0811
vn 0.0465 0.9944 0.0949
vn 0.4947 0.3986 -0.7722
vn 0.2541 -0.0166 -0.9670
vn -0.1205 0.7371 -0.6649
vn 0.0998 -0.9825 0.1575
vn -0.8122 -0.5776 0.0824
vn -0.8327 -0.5439 0.1038
vn 0.7571 0.5725 0.3147
vn 0.6782 0.7321 -0.0644
vn -0.7377 0.6625 0.1300
vn -0.2810 0.9591 0.0350
vn 0.9541 -0.2980 -0.0309
vn -0.1754 0.9740 0.1431
vn -0.8194 -0.5614 0.1158
vn -0.1314 -0.9907 0.0346
vn -0.8387 0.5295 0.1269
vn 0.3224 -0.8984 -0.2983
vn -0.1877 0.7972 -0.5738
vn 0.7308 0.6824 -0.0166
vn -0.8814 0.4629 0.0936
vn 0.9732 -0.1837 -0.1386
vn -0.9056 -0.4187 -0.0682
vn -0.1556 -0.9413 -0.2995
vn 0.4782 0.8671 0.1395
vn -0.2556 0.9552 0.1495
vn -0.1083 0.6704 -0.7341
vn -0.9642 0.2351 -0.1228
vn -0.9645 0.2335 -0.1231
vn -0.9631 0.2402 -0.1215
vn 0.9608 0.2246 -0.1624
vn 0.0613 0.6707 -0.7392
vn 0.0898 -0.9652 0.2456
vn 0.9755 0.1714 -0.1376
vn 0.9586 0.0522 -0.2799
vn -0.0769 -0.3394 0.9375
vn 0.4750 0.8774 0.0679
vn 0.8132 -0.0965 0.5739
vn 0.1014 0.7772 0.6210
vn 0.2689 0.9627 -0.0311
vn 0.1095 0.9936 -0.0267
vn 0.9706 0.0423 0.2369
vn 0.9411 0.1718 0.2913
vn 0.9850 0.1065 0.1356
vn 0.3325 0.9417 0.0508
vn 0.3040 0.9492 -0.0817
vn 0.7006 0.6746 0.2327
vn 0.1318 0.9893 0.0629
vn 0.7788 0.5940 0.2017
vn 0.0114 0.1635 -0.9865
vn 0.1928 0.8318 0.5205
vn -0.0000 1.0000 -0.0000
vn 0.1331 0.9765 0.1694
vn 0.9785 0.0187 0.2056
vn 0.7958 0.5915 0.1298
vn 0.5132 0.8320 0.2109
vn 0.1334 0.1569 -0.9786
vn 0.7201 0.6907 0.0657
vn 0.0948 0.9649 0.2447
vn 0.1432 0.9893 -0.0286
vn 0.9718 0.1669 0.1668
vn 0.8601 -0.3543 0.3670
vn 0.9846 0.1734 -0.0209
vn 0.3300 0.9397 0.0904
vn 0.9436 0.1754 0.2808
vn 0.7663 0.5458 0.3390
vn 0.3498 0.9334 0.0806
vn 0.9654 0.0209 0.2599
vn 0.1359 -0.3611 0.9226
vn 0.2080 0.2543 0.9445
vn 0.3259 -0.3159 0.8911
vn 0.6920 0.2282 0.6849
vn 0.2063 0.9499 0.2347
vn 0.1575 0.9357 -0.3157
vn -0.0471 0.8403 0.5400
vn -0.0913 -0.7901 0.6061
vn 0.3452 0.3604 -0.8666
vn -0.2837 0.2096 0.9357
vn 0.2431 -0.1499 -0.9583
vn 0.2949 0.5035 -0.8121
vn -0.0983 0.9354 0.3396
vn 0.1279 -0.9245 -0.3591
vn 0.2781 0.9587 0.0604
vn 0.0116 0.9998 0.0150
vn -0.0714 0.9968 -0.0372
vn -0.0000 0.9662 -0.2578
vn -0.1395 0.9568 -0.2552
vn -0.1336 0.9855 -0.1048
vn 0.9245 -0.3782 -0.0485
vn 0.4116 0.8979 -0.1558
vn -0.0556 -0.5441 0.8372
vn -0.9449 0.2823 -0.1655
vn 0.4848 -0.8469 0.2186
vn -0.1483 0.9871 -0.0603
vn 0.1201 -0.8602 -0.4956
vn -0.2632 -0.6416 0.7205
vn 0.3786 -0.4885 -0.7861
vn -0.0139 0.9566 -0.2911
vn 0.0143 0.9583 -0.2853
vn -0.0094 0.9997 -0.0209
vn 0.2506 0.9564 -0.1499
vn 0.2885 0.9477 -0.1365
vn 0.2235 0.9639 0.1444
vn 0.1326 0.9693 0.2070
vn 0.1270 0.9705 0.2049
vn -0.4167 -0.8970 0.1476
vn 0.6107 0.1350 0.7802
vn 0.7602 0.5989 0.2519
vn 0.3940 -0.3643 0.8438
vn 0.1951 0.9807 -0.0115
vn 0.1271 0.9705 0.2049
vn 0.2676 0.9597 0.0858
vn 0.3129 0.9498 0.0081
vn 0.9765 -0.1994 -0.0822
vn -0.2597 0.9528 0.1575
vn -0.8085 0.5671 0.1572
vn -0.8503 -0.5212 0.0736
vn 0.3710 -0.9239 -0.0936
vn 0.6472 0.7622 -0.0142
vn -0.1060 -0.9931 -0.0502
vn 0.7410 0.6529 -0.1566
vn -0.8448 -0.4719 0.2522
vn 0.0538 -0.9938 0.0977
vn -0.0042 1.0000 0.0052
vn -0.9723 0.1930 0.1319
vn 0.3815 -0.9228 0.0528
vn 0.9072 0.3825 -0.1749
vn 0.1627 0.9805 -0.1099
vn 0.0620 0.9916 -0.1138
vn 0.8933 0.4425 -0.0784
vn 0.2899 0.9557 -0.0510
vn 0.1296 0.8382 -0.5298
vn 0.0384 0.8457 -0.5323
vn 0.3571 -0.2755 -0.8925
vn 0.0591 -0.8779 -0.4752
vn 0.1476 -0.2379 -0.9600
vn 0.1790 0.1063 -0.9781
vn 0.0872 0.9934 -0.0747
vn 0.9546 0.1512 0.2566
vn 0.9397 0.1587 0.3029
vn 0.9539 0.2840 -0.0973
vn 0.9620 0.1897 -0.1964
vn 0.9896 -0.0896 -0.1127
vn 0.4891 0.8436 -0.2218
vn 0.4285 0.4190 -0.8005
vn 0.1879 0.0183 0.9820
vn 0.9286 0.3259 -0.1773
vn 0.2019 -0.9793 0.0165
vn 0.1341 -0.3883 0.9117
vn 0.4782 -0.7214 0.5009
vn 0.1424 -0.3392 0.9299
vn 0.4932 0.2704 0.8268
vn 0.4929 0.2716 0.8266
vn 0.4920 0.2814 0.8238
vn -0.3682 0.9297 0.0122
vn -0.4045 0.9127 -0.0577
vn 0.5408 0.5345 0.6495
vn 0.5281 -0.0108 0.8491
vn 0.2265 0.8161 0.5316
vn 0.4643 0.8695 0.1685
vn 0.4918 0.2828 0.8235
vn 0.2448 0.8246 0.5100
vn 0.1905 -0.9654 0.1782
vn 0.9062 -0.4185 -0.0610
vn 0.9516 -0.1571 -0.2642
vn 0.1930 -0.9658 -0.1728
vn 0.6805 -0.1578 -0.7156
vn 0.1408 -0.9102 -0.3895
vn 0.2104 0.7510 -0.6258
vn 0.6828 0.0375 -0.7296
vn 0.0878 -0.4576 -0.8848
vn 0.3504 -0.0946 -0.9318
vn 0.6131 -0.5182 -0.5963
vn 0.2934 0.4212 -0.8582
vn 0.3212 -0.9118 -0.2559
vn 0.3597 -0.9230 0.1367
vn 0.1156 0.4017 -0.9084
vn 0.5826 -0.4420 -0.6821
vn 0.3454 -0.8672 -0.3588
vn 0.0921 -0.0082 -0.9957
vn 0.1116 0.7628 -0.6370
vn 0.3455 -0.9370 -0.0507
vn 0.2935 -0.8969 0.3308
vn 0.1958 -0.9260 0.3227
vn 0.9012 -0.4307 -0.0477
vn 0.1990 -0.9778 -0.0660
vn 0.9664 0.2549 -0.0348
vn 0.9668 0.2541 -0.0269
vn 0.9668 0.2541 -0.0266
vn 0.9517 0.2478 -0.1811
vn 0.9956 0.0680 -0.0643
vn 0.8312 -0.4531 -0.3223
vn 0.3009 0.6884 0.6600
vn -0.3111 -0.6371 -0.7052
vn 0.2803 -0.6438 -0.7120
vn 0.9555 0.2510 -0.1552
vn 0.9663 0.2549 -0.0350
vn 0.9714 0.2372 0.0047
vn -0.0223 0.9964 -0.0817
vn 0.4206 -0.8667 -0.2683
vn 0.9156 0.1622 0.3680
vn 0.7729 0.6295 -0.0796
vn 0.3218 -0.8845 -0.3379
vn -0.0096 -0.9695 0.2450
vn -0.1167 0.0424 -0.9923
vn -0.1225 -0.8844 -0.4503
vn -0.1286 0.9900 -0.0584
vn -0.9610 0.2586 -0.0985
vn -0.4822 -0.8757 0.0262
vn -0.6850 0.7171 -0.1288
vn -0.0000 -0.0000 -1.0000
vn -0.9301 0.3633 -0.0545
vn 0.0047 0.0504 0.9987
vn 0.7869 0.5919 0.1744
vn -0.3309 -0.9422 0.0533
vn -0.2714 -0.0017 -0.9625
vn 0.9007 0.3776 0.2148
vn -0.9285 -0.3599 -0.0910
vn 0.0164 -0.5009 0.8653
vn -0.4911 0.2537 -0.8333
vn -0.5086 -0.0137 -0.8609
vn 0.2619 0.5522 0.7915
vn 0.8194 -0.5439 0.1809
vn 0.8258 -0.5371 0.1720
vn 0.8255 -0.5375 0.1721
vn 0.1235 0.9896 0.0739
vn -0.3204 -0.9473 -0.0040
vn 0.0623 0.9905 0.1222
vn -0.9991 0.0420 0.0110
vn 0.8395 0.5388 0.0703
vn 0.1609 -0.9847 0.0666
vn 0.0952 -0.9952 0.0222
vn -0.6177 0.7853 0.0412
vn -0.0673 -0.9936 0.0904
vn -0.1764 -0.8008 -0.5724
vn 0.1490 0.9818 -0.1175
vn -0.7780 0.6283 -0.0034
vn -0.8791 -0.4469 -0.1658
vn 0.9595 -0.2649 -0.0959
vn 0.2786 -0.7178 -0.6381
vn -0.2492 -0.9681 0.0254
vn -0.0846 -0.8284 -0.5537
vn 0.0241 -0.9514 0.3070
vn -0.2265 0.9577 -0.1774
vn -0.2124 -0.3999 -0.8916
vn -0.1415 0.7244 -0.6747
vn -0.4066 -0.9136 -0.0028
vn 0.8192 -0.5443 0.1809
vn -0.2311 0.9710 -0.0605
vn -0.9935 -0.0756 0.0853
vn -0.9237 0.3501 0.1553
vn -0.8992 -0.4360 0.0375
vn -0.8207 -0.3386 0.4602
vn -0.9344 -0.2932 0.2021
vn -0.8918 0.3875 0.2337
vn -0.1228 0.9705 0.2074
vn -0.2411 0.0677 0.9681
vn -0.9766 0.2127 0.0329
vn -0.6201 -0.3029 0.7237
vn -0.7419 -0.4698 0.4784
vn -0.2284 -0.9394 0.2557
vn -0.1701 0.9832 -0.0665
vn -0.2274 0.9267 -0.2991
vn -0.2728 -0.9261 0.2605
vn -0.4580 0.6187 -0.6383
vn -0.1277 0.9799 0.1530
vn 0.0094 0.9841 0.1773
vn -0.6848 0.7286 0.0095
vn -0.0892 -0.9856 0.1438
vn -0.0809 -0.9431 -0.3226
vn -0.1590 0.9446 0.2870
vn -0.8243 0.5653 0.0296
vn -0.1188 0.9928 0.0175
vn -0.5392 0.8372 0.0920
vn -0.1102 0.9799 0.1664
vn -0.0247 -0.9930 0.1151
vn -0.1246 -0.9892 0.0769
vn 0.1659 -0.9615 0.2192
vn -0.1925 -0.8621 -0.4687
vn 0.1501 -0.7115 0.6865
vn 0.2294 0.6505 0.7240
vn -0.3083 0.7321 -0.6074
vn -0.5205 0.6825 -0.5131
vn -0.2403 -0.8095 -0.5356
vn 0.0007 -0.9544 0.2987
vn -0.2547 0.8381 -0.4824
vn -0.2178 0.6836 -0.6966
vn 0.0096 0.9780 -0.2084
vn -0.0109 0.9793 -0.2020
vn 0.0931 -0.9581 0.2708
vn 0.0157 -0.9998 0.0143
vn 0.3292 -0.3978 -0.8564
vn 0.0541 -0.5933 -0.8032
vn 0.0287 -0.9890 0.1452
vn -0.0350 0.9714 -0.2349
vn -0.0765 0.9817 -0.1745
vn 0.0396 -0.9934 0.1077
vn 0.7873 0.2165 0.5773
vn 0.0356 0.9842 -0.1736
vn -0.1417 -0.6871 -0.7126
vn 0.3163 -0.9043 0.2867
vn -0.0908 -0.9756 0.2001
vn 0.0555 -0.9767 0.2074
vn -0.0831 0.9696 -0.2300
vn -0.0170 0.9817 -0.1895
vn -0.0858 0.9764 -0.1981
vn 0.4123 0.4568 0.7883
vn -0.0171 -0.9246 0.3805
vn -0.2882 -0.6252 -0.7253
vn 0.1018 -0.9666 0.2353
vn 0.1595 -0.9739 0.1614
vn 0.1491 -0.9719 0.1821
vn 0.2012 0.3859 0.9003
vn -0.2404 0.9621 -0.1286
vn -0.1774 0.9740 -0.1409
vn -0.1909 0.9708 -0.1456
vn -0.8333 -0.3351 -0.4397
vn -0.0401 0.5155 0.8560
vn -0.4070 -0.4422 -0.7992
vn 0.2128 -0.9506 0.2258
vn -0.4014 -0.6226 -0.6718
vn 0.2378 -0.9656 0.1052
vn 0.2314 -0.9639 0.1317
vn 0.1434 0.2971 0.9440
vn -0.2738 0.9585 -0.0799
vn -0.2749 0.9581 -0.0801
vn -0.2750 0.9581 -0.0801
vn -0.8058 -0.1002 0.5836
vn -0.3518 0.9220 -0.1615
vn -0.2761 0.9578 -0.0803
vn -0.4385 -0.8160 0.3767
vn -0.4602 -0.8258 0.3259
vn 0.9745 -0.0435 0.2203
vn 0.2525 -0.9464 0.2016
vn 0.8646 0.2275 0.4480
vn 0.0173 -0.9116 0.4108
vn 0.2883 -0.7350 -0.6138
vn -0.0812 -0.9849 0.1532
vn 0.1758 0.8573 0.4839
vn -0.1127 0.9508 -0.2884
vn -0.0172 0.9301 -0.3669
vn -0.3490 -0.5993 -0.7204
vn -0.2719 -0.7964 -0.5402
vn 0.0921 0.7072 0.7010
vn -0.4079 -0.9076 -0.0994
vn -0.9284 0.3534 0.1144
vn -0.9945 -0.0997 0.0315
vn 0.0080 0.9736 -0.2281
vn -0.9340 -0.0331 0.3558
vn -0.6793 -0.6736 0.2914
vn 0.0562 -0.8112 0.5820
vn -0.7262 -0.6740 0.1359
vn -0.3382 -0.5662 -0.7517
vn -0.0014 0.6486 -0.7612
vn -0.0971 -0.9762 -0.1939
vn -0.8262 0.5447 -0.1435
vn -0.4587 -0.5875 -0.6667
vn -0.5795 -0.0314 -0.8144
vn -0.1811 -0.9831 0.0251
vn -0.2194 0.9473 -0.2336
vn -0.5087 -0.7399 0.4401
vn -0.1050 -0.9936 -0.0423
vn -0.0802 -0.9966 0.0172
vn -0.1154 0.8756 -0.4691
vn -0.1944 -0.9801 -0.0413
vn -0.2633 -0.8822 -0.3904
vn -0.0650 -0.9929 0.0994
vn -0.0871 -0.9812 0.1720
vn 0.2570 0.7535 0.6052
vn -0.3483 0.7326 0.5848
vn -0.0874 0.9929 0.0811
vn -0.0396 0.9946 0.0957
vn -0.5359 0.3927 -0.7474
vn -0.2520 -0.0134 -0.9676
vn 0.1205 0.7371 -0.6649
vn -0.0998 -0.9825 0.1575
vn 0.8618 -0.5024 0.0708
vn 0.8325 -0.5439 0.1055
vn -0.7571 0.5725 0.3147
vn -0.6780 0.7321 -0.0658
vn 0.7374 0.6625 0.1315
vn 0.2809 0.9591 0.0356
vn -0.9540 -0.2980 -0.0329
vn 0.1751 0.9740 0.1435
vn 0.8192 -0.5614 0.1175
vn 0.1314 -0.9907 0.0349
vn 0.8385 0.5295 0.1286
vn -0.1745 -0.9450 -0.2767
vn 0.0682 0.8161 -0.5739
vn -0.7308 0.6824 -0.0181
vn 0.7267 0.6820 0.0820
vn -0.8708 -0.4742 -0.1295
vn 0.9908 -0.1176 -0.0667
vn 0.3004 -0.9052 -0.3006
vn 0.0107 0.6729 -0.7396
vn -0.9805 -0.1027 -0.1673
vn -0.1577 0.6302 -0.7602
vn -0.0898 -0.9652 0.2456
vn -0.9755 0.1714 -0.1376
vn -0.9586 0.0522 -0.2799
vn 0.1473 -0.2889 0.9460
vn -0.4750 0.8774 0.0679
vn -0.8132 -0.0965 0.5739
vn -0.1014 0.7772 0.6210
vn -0.2689 0.9627 -0.0311
vn -0.1095 0.9936 -0.0267
vn -0.9706 0.0423 0.2369
vn -0.9411 0.1718 0.2913
vn -0.9850 0.1065 0.1356
vn -0.3325 0.9417 0.0508
vn -0.3040 0.9492 -0.0817
vn -0.7006 0.6746 0.2327
vn -0.1318 0.9893 0.0629
vn -0.7788 0.5940 0.2017
vn -0.0114 0.1635 -0.9865
vn -0.1928 0.8318 0.5205
vn -0.1331 0.9765 0.1694
vn -0.9785 0.0187 0.2056
vn -0.7958 0.5915 0.1298
vn -0.5132 0.8320 0.2109
vn -0.1334 0.1569 -0.9786
vn -0.7201 0.6907 0.0657
vn -0.0948 0.9649 0.2447
vn -0.1432 0.9893 -0.0286
vn -0.9718 0.1669 0.1668
vn -0.8601 -0.3542 0.3670
vn -0.9846 0.1734 -0.0209
vn -0.3300 0.9397 0.0904
vn -0.9436 0.1754 0.2808
vn -0.7663 0.5458 0.3390
vn -0.3498 0.9334 0.0806
vn -0.9654 0.0209 0.2598
vn -0.1360 -0.3611 0.9226
vn -0.2080 0.2543 0.9445
vn -0.3259 -0.3159 0.8911
vn -0.6920 0.2282 0.6849
vn -0.2063 0.9499 0.2347
vn -0.1575 0.9357 -0.3157
vn 0.0843 0.8504 0.5193
vn 0.0171 -0.8990 0.4376
vn -0.4098 0.4270 -0.8061
vn 0.3667 0.1298 0.9213
vn -0.2859 -0.0589 -0.9565
vn -0.3501 0.6164 -0.7053
vn 0.0693 0.9366 0.3434
vn -0.1293 -0.9570 -0.2595
vn -0.2773 0.9589 0.0601
vn -0.0116 0.9998 0.0150
vn 0.0714 0.9968 -0.0372
vn 0.1395 0.9568 -0.2552
vn 0.1336 0.9855 -0.1048
vn -0.9244 -0.3782 -0.0504
vn -0.5756 0.7980 -0.1784
vn 0.0767 -0.5449 0.8350
vn 0.8239 0.5446 -0.1569
vn -0.4848 -0.8469 0.2186
vn 0.1484 0.9871 -0.0600
vn -0.1148 -0.7388 -0.6641
vn 0.5777 -0.5833 0.5710
vn -0.4338 -0.4885 -0.7571
vn 0.0139 0.9566 -0.2911
vn -0.0143 0.9583 -0.2853
vn 0.0094 0.9997 -0.0209
vn -0.2506 0.9564 -0.1499
vn -0.2885 0.9477 -0.1365
vn -0.2235 0.9639 0.1444
vn -0.1326 0.9693 0.2070
vn -0.1270 0.9705 0.2049
vn 0.4167 -0.8970 0.1476
vn -0.6107 0.1350 0.7802
vn -0.7602 0.5989 0.2519
vn -0.3940 -0.3643 0.8438
vn -0.1951 0.9807 -0.0115
vn -0.1271 0.9705 0.2049
vn -0.2676 0.9597 0.0858
vn -0.3129 0.9498 0.0081
vn -0.9454 -0.3211 -0.0562
vn 0.1904 0.9710 0.1443
vn 0.7439 0.6546 0.1345
vn 0.8501 -0.5212 0.0754
vn -0.3709 -0.9239 -0.0944
vn -0.6472 0.7622 -0.0155
vn 0.1061 -0.9931 -0.0500
vn -0.7529 0.6508 -0.0974
vn 0.8484 -0.4694 0.2446
vn -0.0361 -0.9936 0.1072
vn 0.0040 1.0000 0.0049
vn 0.9737 0.1919 0.1224
vn -0.4037 -0.9121 0.0713
vn -0.9258 0.3637 -0.1034
vn -0.1627 0.9805 -0.1099
vn -0.0620 0.9916 -0.1138
vn -0.8933 0.4425 -0.0784
vn -0.2899 0.9557 -0.0510
vn -0.1296 0.8382 -0.5298
vn -0.0384 0.8457 -0.5323
vn -0.3571 -0.2755 -0.8925
vn -0.0591 -0.8779 -0.4752
vn -0.1476 -0.2379 -0.9600
vn -0.1790 0.1063 -0.9781
vn -0.0872 0.9934 -0.0747
vn -0.9546 0.1512 0.2566
vn -0.9397 0.1587 0.3029
vn -0.9539 0.2840 -0.0973
vn -0.9620 0.1897 -0.1964
vn -0.9896 -0.0896 -0.1127
vn -0.4891 0.8436 -0.2218
vn -0.4285 0.4190 -0.8005
vn -0.1879 0.0183 0.9820
vn -0.9286 0.3259 -0.1773
vn -0.2019 -0.9793 0.0165
vn -0.1341 -0.3883 0.9117
vn -0.4782 -0.7214 0.5009
vn -0.1424 -0.3392 0.9299
vn -0.4932 0.2704 0.8268
vn -0.4920 0.2814 0.8239
vn -0.4929 0.2716 0.8266
vn 0.3682 0.9297 0.0122
vn 0.4045 0.9127 -0.0577
vn -0.5409 0.5345 0.6495
vn -0.5280 -0.0108 0.8491
vn -0.2266 0.8161 0.5316
vn -0.4643 0.8695 0.1685
vn -0.4919 0.2828 0.8235
vn -0.2448 0.8246 0.5100
vn -0.1905 -0.9654 0.1782
vn -0.9062 -0.4185 -0.0610
vn -0.9516 -0.1571 -0.2642
vn -0.1930 -0.9658 -0.1728
vn -0.6805 -0.1578 -0.7156
vn -0.1408 -0.9102 -0.3895
vn -0.2104 0.7510 -0.6258
vn -0.6828 0.0375 -0.7296
vn -0.0878 -0.4576 -0.8848
vn -0.3504 -0.0946 -0.9318
vn -0.6131 -0.5182 -0.5963
vn -0.2934 0.4212 -0.8582
vn -0.3212 -0.9118 -0.2559
vn -0.3597 -0.9230 0.1367
vn -0.1156 0.4017 -0.9084
vn -0.5826 -0.4420 -0.6821
vn -0.3454 -0.8672 -0.3588
vn -0.0921 -0.0082 -0.9957
vn -0.1116 0.7628 -0.6370
vn -0.3455 -0.9370 -0.0507
vn -0.2935 -0.8969 0.3308
vn -0.1958 -0.9260 0.3227
vn -0.9012 -0.4307 -0.0477
vn -0.1990 -0.9778 -0.0660
vn -0.9664 0.2549 -0.0348
vn -0.9668 0.2541 -0.0266
vn -0.9668 0.2541 -0.0269
vn -0.9517 0.2478 -0.1811
vn -0.9956 0.0680 -0.0643
vn -0.8312 -0.4531 -0.3223
vn -0.5666 0.5420 0.6207
vn -0.1907 -0.6872 -0.7010
vn 0.5804 0.5459 0.6043
vn -0.9555 0.2510 -0.1552
vn -0.9663 0.2549 -0.0350
vn -0.9714 0.2372 0.0047
vn 0.0223 0.9964 -0.0817
vn -0.4206 -0.8667 -0.2683
vn -0.9156 0.1622 0.3680
vn -0.7729 0.6295 -0.0796
vn -0.3218 -0.8845 -0.3379
vn 0.0096 -0.9695 0.2450
vn -0.3130 0.1528 0.9374
vn -0.2108 0.8275 0.5204
vn -0.1865 -0.3857 0.9036
vn 0.1865 -0.3857 0.9036
vn 0.3130 0.1528 0.9374
vn -0.1881 0.9544 0.2319
vn -0.9432 0.0372 0.3303
vn -0.2231 -0.9463 0.2339
vn 0.6294 -0.7258 0.2777
vn 0.6672 0.6889 0.2834
vn -0.4334 0.8964 0.0934
vn -0.8923 -0.4356 0.1188
vn -0.0000 -0.9965 0.0840
vn 0.8923 -0.4356 0.1188
vn 0.4334 0.8964 0.0934
vn -0.5712 0.5585 -0.6015
vn -0.5155 -0.6261 -0.5850
vn 0.2108 -0.8275 -0.5204
vn 0.7481 0.0578 -0.6611
vn 0.1512 0.8446 -0.5137
vn 0.1865 0.3857 -0.9036
vn 0.3125 0.6464 -0.6961
vn 0.5712 0.5585 -0.6015
vn 0.3130 -0.1528 -0.9374
vn 0.5650 -0.2758 -0.7776
vn 0.5155 -0.6261 -0.5850
vn -0.0000 -0.4667 -0.8844
vn -0.0000 -0.7540 -0.6569
vn -0.2108 -0.8275 -0.5204
vn -0.3130 -0.1528 -0.9374
vn -0.5650 -0.2758 -0.7776
vn -0.7481 0.0578 -0.6611
vn -0.1865 0.3857 -0.9036
vn -0.3125 0.6464 -0.6961
vn -0.1512 0.8446 -0.5137
vn 0.2231 0.9463 -0.2339
vn 0.4310 0.8914 -0.1400
vn 0.6294 0.7258 -0.2777
vn 0.9432 -0.0372 -0.3303
vn 0.8843 -0.4318 -0.1776
vn 0.6672 -0.6889 -0.2834
vn 0.1881 -0.9544 -0.2319
vn -0.0000 -0.9920 -0.1261
vn -0.1881 -0.9544 -0.2319
vn -0.6672 -0.6889 -0.2834
vn -0.8843 -0.4318 -0.1776
vn -0.9432 -0.0372 -0.3303
vn -0.6294 0.7258 -0.2777
vn -0.4310 0.8914 -0.1400
vn -0.2231 0.9463 -0.2339
vn 0.8923 0.4356 -0.1188
vn 0.8843 0.4318 0.1776
vn 0.9432 0.0372 0.3303
vn 0.4334 -0.8964 -0.0934
vn 0.4310 -0.8914 0.1400
vn 0.2231 -0.9463 0.2339
vn -0.4334 -0.8964 -0.0934
vn -0.4310 -0.8914 0.1400
vn -0.6294 -0.7258 0.2777
vn -0.8923 0.4356 -0.1188
vn -0.8843 0.4318 0.1776
vn -0.6672 0.6889 0.2834
vn -0.0000 0.9965 -0.0840
vn -0.0000 0.9920 0.1261
vn 0.1881 0.9544 0.2319
vn 0.5155 0.6261 0.5850
vn 0.5650 0.2758 0.7776
vn 0.7481 -0.0578 0.6611
vn 0.5712 -0.5585 0.6015
vn 0.3125 -0.6464 0.6961
vn 0.1512 -0.8446 0.5137
vn -0.1512 -0.8446 0.5137
vn -0.3125 -0.6464 0.6961
vn -0.5712 -0.5585 0.6015
vn 0.2108 0.8275 0.5204
vn -0.0000 0.7540 0.6569
vn -0.0000 0.4667 0.8844
vn -0.7481 -0.0578 0.6611
vn -0.5650 0.2758 0.7776
vn -0.5155 0.6261 0.5850
vn -0.3078 -0.9508 0.0342
vn 0.0868 0.9962 -0.0096
vn -0.9159 0.3883 0.1016
vn 0.1240 -0.0094 0.9922
vn -0.1240 0.0094 -0.9922
vn 0.3289 -0.1391 -0.9340
vn -0.0800 0.0343 0.9962
vn 0.3081 0.9507 -0.0342
vn -0.0868 -0.9962 0.0096
vn 0.3078 -0.9508 0.0342
vn -0.0868 0.9962 -0.0096
vn 0.9159 0.3883 0.1016
vn -0.1240 -0.0094 0.9922
vn 0.1240 0.0094 -0.9922
vn -0.3289 -0.1391 -0.9340
vn 0.0801 0.0343 0.9962
vn -0.3081 0.9507 -0.0342
vn 0.0868 -0.9962 0.0096
vn 0.5250 -0.7868 0.3245
vn -0.5166 -0.8554 0.0391
vn -0.6005 0.7871 -0.1407
vn 0.6462 0.7628 0.0243
vn 0.1996 -0.4323 -0.8794
vn 0.3143 -0.3802 0.8699
vn -0.4989 0.7880 0.3607
vn -0.6318 -0.7746 0.0284
vn 0.4349 0.8976 -0.0714
vn -0.6028 -0.7979 0.0062
vn 0.6318 0.7746 -0.0284
vn 0.4647 0.8831 -0.0648
vn -0.6005 0.7836 -0.1594
vn -0.5279 -0.8478 0.0508
vn -0.4623 -0.8843 0.0655
vn 0.5279 0.8478 -0.0508
vn 0.5166 0.8553 -0.0391
vn -0.4645 0.7231 0.5113
vn -0.2611 0.2319 -0.9370
vn -0.4302 -0.8998 0.0726
vn 0.5760 0.8100 -0.1102
vn 0.0725 -0.2448 -0.9669
vn -0.5564 -0.8305 -0.0277
vn -0.3459 0.6394 0.6867
vn 0.6028 0.7979 -0.0062
vn -0.6462 -0.7628 -0.0243
vn 0.5564 0.8304 0.0277
vn -0.5760 -0.8100 0.1102
vn -0.7303 -0.6823 0.0325
vn 0.7303 0.6823 -0.0325
vn 0.4330 -0.7518 -0.4972
vn 0.5359 -0.8437 0.0294
vn -0.5250 -0.7868 0.3245
vn 0.5166 -0.8553 0.0391
vn 0.6005 0.7871 -0.1407
vn -0.6462 0.7628 0.0243
vn -0.1997 -0.4323 -0.8794
vn -0.3143 -0.3802 0.8698
vn 0.4989 0.7880 0.3607
vn 0.6318 -0.7746 0.0284
vn -0.4349 0.8976 -0.0714
vn 0.6028 -0.7979 0.0062
vn -0.6318 0.7746 -0.0284
vn -0.4647 0.8831 -0.0648
vn 0.6005 0.7836 -0.1594
vn 0.5279 -0.8478 0.0508
vn 0.4623 -0.8843 0.0655
vn -0.5279 0.8478 -0.0508
vn -0.5166 0.8553 -0.0391
vn 0.4645 0.7231 0.5113
vn 0.2611 0.2319 -0.9370
vn 0.4302 -0.8998 0.0726
vn -0.5760 0.8100 -0.1102
vn -0.0726 -0.2448 -0.9669
vn 0.5564 -0.8305 -0.0277
vn 0.3459 0.6394 0.6867
vn -0.6028 0.7979 -0.0062
vn 0.6462 -0.7628 -0.0243
vn -0.5564 0.8305 0.0277
vn 0.5760 -0.8100 0.1102
vn 0.7303 -0.6823 0.0325
vn -0.7303 0.6823 -0.0325
vn -0.4330 -0.7518 -0.4972
vn -0.5359 -0.8438 0.0294
vn 0.9656 0.1924 -0.1746
vn -0.9614 0.2475 -0.1198
vn -0.2346 0.9601 0.1524
vn 0.4488 0.8811 0.1492
vn -0.9993 0.0245 -0.0286
vn 0.3758 -0.8696 -0.3201
vn 0.9775 -0.1578 -0.1398
vn 0.9902 -0.0186 -0.1387
vn -0.9656 -0.2559 -0.0472
vn -0.1848 -0.9260 -0.3292
vn 0.8464 0.5201 -0.1143
vn 0.0867 0.9866 0.1385
vn -0.6151 0.7738 0.1516
vn 0.9408 0.3377 -0.0278
vn -0.2277 -0.9278 -0.2954
vn -0.8807 -0.4550 -0.1318
vn -0.9337 -0.3323 -0.1337
vn 0.9964 0.0723 -0.0443
vn 0.3297 -0.8835 -0.3327
vn 0.0843 -0.9950 -0.0534
vn 0.0101 0.9999 0.0009
vn 0.1825 -0.9387 -0.2925
vn 0.2027 0.4413 -0.8742
vn -0.2541 -0.4436 0.8595
vn 0.2875 0.2004 -0.9366
vn -0.2039 -0.4320 0.8785
vn 0.3227 0.6640 -0.6745
vn -0.0223 0.9631 0.2682
vn -0.1170 -0.9904 -0.0736
vn 0.0116 0.9995 0.0310
vn -0.3280 -0.8500 -0.4121
vn -0.1126 0.7022 -0.7030
vn 0.2337 -0.6484 0.7245
vn -0.3439 0.2527 -0.9044
vn 0.2403 -0.4914 0.8371
vn -0.3387 0.6715 -0.6590
vn 0.0560 0.9512 0.3035
vn 0.0014 -1.0000 -0.0045
vn 0.9326 0.3154 0.1754
vn -0.9308 0.3158 0.1843
vn -0.2558 -0.0258 0.9664
vn -0.6642 -0.6605 -0.3501
vn -0.0408 0.8905 -0.4532
vn 0.0391 0.8900 -0.4542
vn -0.2184 0.8336 -0.5074
vn 0.2184 0.8337 -0.5073
vn 0.8562 0.5002 -0.1288
vn -0.8562 0.5002 -0.1288
vn -0.8459 0.5333 0.0037
vn 0.0874 -0.9743 -0.2074
vn 0.7634 0.5708 0.3025
vn -0.1170 -0.9447 -0.3063
vn -0.2891 0.9521 0.0996
vn -0.2557 -0.6961 -0.6709
vn -0.2874 0.6434 0.7096
vn 0.2891 -0.6847 -0.6691
vn 0.1807 0.6874 0.7034
vn 0.2082 -0.7025 -0.6806
vn -0.1838 0.6531 0.7346
vn 0.4326 0.8042 -0.4075
vn 0.0809 0.8439 -0.5303
vn 0.8562 0.5003 -0.1288
vn -0.0118 0.8928 -0.4504
vn 0.0195 0.8438 -0.5363
vn -0.6962 0.6611 -0.2798
vn -0.2801 -0.9383 -0.2027
vn 0.2982 0.9327 0.2031
vn 0.7185 -0.6926 -0.0633
vn -0.0769 0.9750 0.2084
vn 0.3083 -0.9429 -0.1257
vn 0.1052 0.9462 0.3060
vn 0.5754 -0.8178 0.0122
vn -0.6578 0.7464 -0.1011
vn 0.1236 0.9922 -0.0156
vn -0.0189 0.9602 -0.2787
vn -0.1236 0.9922 -0.0156
vn 0.0189 0.9602 -0.2787
vn 0.2065 0.0536 -0.9770
vn -0.0866 0.7685 -0.6339
vn -0.2064 0.0536 -0.9770
vn 0.0993 0.7714 -0.6285
vn -0.3682 0.9293 0.0279
vn -0.2236 0.9731 0.0550
vn -0.8743 0.3975 0.2786
vn 0.8744 0.3971 0.2787
vn 0.3697 0.9287 0.0279
vn 0.2239 0.9730 0.0555
vt 0.891457 0.385870
vt 0.878229 0.387873
vt 0.877562 0.360502
vt 0.895827 0.357985
vt 0.050683 0.736065
vt 0.015253 0.731647
vt 0.017049 0.793577
vt 0.041636 0.797993
vt 0.283047 0.554395
vt 0.301573 0.578255
vt 0.308023 0.566777
vt 0.292781 0.541221
vt 0.374722 0.313684
vt 0.349767 0.332449
vt 0.361188 0.293543
vt 0.815600 0.433206
vt 0.818955 0.404057
vt 0.839412 0.412452
vt 0.839706 0.433829
vt 0.360210 0.352805
vt 0.380061 0.344058
vt 0.371776 0.327526
vt 0.346590 0.342601
vt 0.793525 0.221102
vt 0.818924 0.222564
vt 0.818404 0.253190
vt 0.795625 0.252892
vt 0.438553 0.823634
vt 0.440990 0.810500
vt 0.440434 0.810452
vt 0.437980 0.823665
vt 0.816039 0.349302
vt 0.819285 0.289815
vt 0.832399 0.292117
vt 0.833636 0.352852
vt 0.451021 0.762089
vt 0.462490 0.760015
vt 0.467987 0.719905
vt 0.451021 0.722383
vt 0.888228 0.634835
vt 0.891215 0.591319
vt 0.881868 0.591472
vt 0.872080 0.634263
vt 0.434053 0.318028
vt 0.485686 0.286144
vt 0.476591 0.265848
vt 0.425752 0.299804
vt 0.914072 0.438642
vt 0.933998 0.448854
vt 0.934263 0.448291
vt 0.914136 0.438044
vt 0.854616 0.033130
vt 0.840103 0.025729
vt 0.840319 0.025214
vt 0.854810 0.032564
vt 0.821633 0.016697
vt 0.821842 0.016182
vt 0.906315 0.389105
vt 0.901065 0.404105
vt 0.887761 0.403874
vt 0.889774 0.744744
vt 0.889822 0.697626
vt 0.870393 0.697557
vt 0.860575 0.745905
vt 0.834777 0.238743
vt 0.352605 0.751490
vt 0.371638 0.763387
vt 0.371638 0.731699
vt 0.355903 0.719905
vt 0.870319 0.271929
vt 0.887760 0.272563
vt 0.880991 0.300712
vt 0.865157 0.299239
vt 0.897851 0.273196
vt 0.897451 0.301969
vt 0.813356 0.690946
vt 0.825451 0.691333
vt 0.830662 0.662720
vt 0.817718 0.626154
vt 0.913836 0.699935
vt 0.914168 0.653929
vt 0.887832 0.659177
vt 0.334631 0.755178
vt 0.340790 0.723842
vt 0.505042 0.247438
vt 0.474024 0.263689
vt 0.466712 0.243485
vt 0.496456 0.229627
vt 0.438550 0.794801
vt 0.437980 0.794656
vt 0.527614 0.252764
vt 0.518245 0.242690
vt 0.425880 0.290197
vt 0.420424 0.261913
vt 0.874203 0.665268
vt 0.600844 0.181920
vt 0.607240 0.192009
vt 0.673875 0.154621
vt 0.668791 0.144669
vt 0.468087 0.246918
vt 0.511295 0.228736
vt 0.618019 0.202447
vt 0.613088 0.186191
vt 0.681532 0.147732
vt 0.686979 0.162570
vt 0.420138 0.271788
vt 0.360379 0.290180
vt 0.383588 0.808797
vt 0.380627 0.795799
vt 0.386519 0.796926
vt 0.389189 0.809649
vt 0.675154 0.138495
vt 0.682865 0.133348
vt 0.691685 0.142610
vt 0.783722 0.428816
vt 0.782308 0.397549
vt 0.889942 0.426469
vt 0.890091 0.425902
vt 0.840505 0.061321
vt 0.830770 0.055877
vt 0.832694 0.047182
vt 0.846730 0.055764
vt 0.908994 0.470877
vt 0.917873 0.476371
vt 0.923608 0.471404
vt 0.910773 0.462399
vt 0.380627 0.819575
vt 0.386218 0.819693
vt 0.334685 0.779712
vt 0.335974 0.800336
vt 0.349021 0.804027
vt 0.365292 0.796642
vt 0.365862 0.781868
vt 0.609003 0.203619
vt 0.681967 0.164159
vt 0.122937 0.430459
vt 0.116302 0.434937
vt 0.124810 0.448585
vt 0.137233 0.454204
vt 0.233197 0.495978
vt 0.252907 0.519087
vt 0.264157 0.506234
vt 0.216295 0.459735
vt 0.226864 0.503498
vt 0.252324 0.519753
vt 0.243143 0.530241
vt 0.218214 0.513770
vt 0.912238 0.364223
vt 0.922170 0.376414
vt 0.916996 0.397667
vt 0.879569 0.405363
vt 0.872893 0.409837
vt 0.869590 0.397503
vt 0.578990 0.223185
vt 0.572261 0.211649
vt 0.921714 0.753917
vt 0.123382 0.430159
vt 0.126298 0.443317
vt 0.110026 0.454802
vt 0.104758 0.442728
vt 0.140038 0.721298
vt 0.153105 0.724158
vt 0.147592 0.754920
vt 0.133886 0.746949
vt 0.132067 0.719905
vt 0.126048 0.742328
vt 0.162327 0.725614
vt 0.159400 0.752797
vt 0.161820 0.776436
vt 0.138061 0.773633
vt 0.136781 0.780191
vt 0.162327 0.783800
vt 0.135684 0.793034
vt 0.094641 0.779380
vt 0.104819 0.788425
vt 0.092636 0.787915
vt 0.264888 0.775256
vt 0.268802 0.774961
vt 0.275066 0.782221
vt 0.264888 0.781645
vt 0.246519 0.817487
vt 0.245404 0.823131
vt 0.248671 0.822419
vt 0.251798 0.821738
vt 0.252642 0.817487
vt 0.106316 0.775960
vt 0.125051 0.780027
vt 0.126632 0.793459
vt 0.115725 0.790942
vt 0.523087 0.838595
vt 0.514822 0.842011
vt 0.520286 0.850549
vt 0.537405 0.841570
vt 0.127706 0.753691
vt 0.103195 0.465431
vt 0.095376 0.449060
vt 0.075121 0.462730
vt 0.084249 0.478056
vt 0.269030 0.764529
vt 0.269797 0.759647
vt 0.270532 0.754968
vt 0.280761 0.755702
vt 0.281307 0.764884
vt 0.264888 0.763103
vt 0.268355 0.763395
vt 0.089378 0.486558
vt 0.594501 0.823243
vt 0.594285 0.842057
vt 0.593791 0.840870
vt 0.576350 0.829578
vt 0.575454 0.818138
vt 0.370871 0.283599
vt 0.363659 0.267998
vt 0.349884 0.277295
vt 0.820841 0.179256
vt 0.801742 0.177296
vt 0.331606 0.333005
vt 0.288581 0.318668
vt 0.308363 0.347906
vt 0.329597 0.334418
vt 0.305766 0.307070
vt 0.286966 0.782290
vt 0.095601 0.772385
vt 0.264888 0.745099
vt 0.274634 0.745695
vt 0.264888 0.753607
vt 0.127748 0.448271
vt 0.110089 0.463074
vt 0.237799 0.490513
vt 0.263312 0.507200
vt 0.350338 0.276989
vt 0.308204 0.305424
vt 0.244812 0.528333
vt 0.220826 0.510669
vt 0.093976 0.275561
vt 0.110465 0.271103
vt 0.088863 0.230760
vt 0.073224 0.233587
vt 0.324441 0.585280
vt 0.335080 0.568955
vt 0.321088 0.559091
vt 0.316747 0.593762
vt 0.802302 0.784824
vt 0.811138 0.848697
vt 0.817365 0.844284
vt 0.813286 0.776937
vt 0.826095 0.843572
vt 0.826490 0.778127
vt 0.305823 0.577829
vt 0.323532 0.574144
vt 0.318585 0.587302
vt 0.886955 0.198381
vt 0.887803 0.183412
vt 0.905106 0.178661
vt 0.902334 0.199361
vt 0.902508 0.120639
vt 0.909562 0.122330
vt 0.907986 0.180451
vt 0.365375 0.630386
vt 0.377209 0.618187
vt 0.379027 0.613368
vt 0.368329 0.626198
vt 0.894095 0.123634
vt 0.402684 0.637169
vt 0.411505 0.636849
vt 0.397920 0.654331
vt 0.392318 0.646852
vt 0.387154 0.668646
vt 0.385067 0.656158
vt 0.398171 0.645165
vt 0.403995 0.652790
vt 0.412787 0.641257
vt 0.404200 0.637890
vt 0.388829 0.654131
vt 0.390316 0.668370
vt 0.897991 0.089623
vt 0.899980 0.078213
vt 0.908844 0.077273
vt 0.905360 0.090359
vt 0.902898 0.064651
vt 0.912775 0.063490
vt 0.412727 0.661759
vt 0.428655 0.643751
vt 0.420057 0.645560
vt 0.407555 0.662708
vt 0.392534 0.681578
vt 0.399586 0.679027
vt 0.697376 0.799852
vt 0.695151 0.787698
vt 0.684441 0.789932
vt 0.684954 0.802393
vt 0.426385 0.631761
vt 0.905470 0.048194
vt 0.914360 0.047072
vt 0.417346 0.635067
vt 0.406330 0.635160
vt 0.425273 0.673030
vt 0.444268 0.649520
vt 0.410850 0.691316
vt 0.438431 0.650922
vt 0.420055 0.673802
vt 0.442379 0.634251
vt 0.404369 0.693610
vt 0.490945 0.791837
vt 0.481404 0.794580
vt 0.483421 0.808337
vt 0.490945 0.810830
vt 0.447695 0.633132
vt 0.432583 0.630598
vt 0.910004 0.023651
vt 0.917731 0.026769
vt 0.457740 0.648137
vt 0.460092 0.641495
vt 0.442288 0.686813
vt 0.455699 0.668959
vt 0.428339 0.704227
vt 0.481939 0.819641
vt 0.487929 0.820946
vt 0.455531 0.672334
vt 0.442115 0.690221
vt 0.460293 0.645015
vt 0.457929 0.651642
vt 0.426661 0.708479
vt 0.317827 0.821684
vt 0.321335 0.806315
vt 0.328819 0.805982
vt 0.328819 0.818162
vt 0.770755 0.625881
vt 0.772769 0.648942
vt 0.779647 0.649491
vt 0.779647 0.620687
vt 0.195976 0.817226
vt 0.203841 0.817517
vt 0.203841 0.825711
vt 0.198283 0.826362
vt 0.466507 0.653521
vt 0.468419 0.649348
vt 0.918196 0.000379
vt 0.922170 0.006501
vt 0.461690 0.700740
vt 0.471423 0.687223
vt 0.450363 0.714123
vt 0.773774 0.673845
vt 0.779560 0.677837
vt 0.474717 0.691782
vt 0.464708 0.705674
vt 0.220615 0.824011
vt 0.220615 0.817880
vt 0.224894 0.817226
vt 0.224834 0.822877
vt 0.467951 0.651756
vt 0.465970 0.655481
vt 0.453354 0.719147
vt 0.696452 0.815303
vt 0.684441 0.818011
vt 0.684979 0.825939
vt 0.693926 0.824132
vt 0.383970 0.608919
vt 0.907627 0.089854
vt 0.328253 0.567847
vt 0.383965 0.608910
vt 0.359830 0.636229
vt 0.363470 0.632315
vt 0.387019 0.654559
vt 0.831960 0.877105
vt 0.833001 0.843953
vt 0.823884 0.878130
vt 0.283638 0.382566
vt 0.323115 0.372100
vt 0.278590 0.369664
vt 0.806365 0.547667
vt 0.786024 0.544669
vt 0.784935 0.511078
vt 0.810283 0.512250
vt 0.829123 0.513583
vt 0.830138 0.551134
vt 0.176514 0.477476
vt 0.193263 0.468566
vt 0.200588 0.487049
vt 0.184734 0.496740
vt 0.834596 0.612877
vt 0.798802 0.614336
vt 0.848453 0.555732
vt 0.854810 0.589388
vt 0.208035 0.476639
vt 0.841622 0.511056
vt 0.919226 0.337507
vt 0.897232 0.333225
vt 0.875573 0.333196
vt 0.877087 0.353981
vt 0.862793 0.352709
vt 0.858922 0.331735
vt 0.155759 0.467706
vt 0.174771 0.464659
vt 0.140382 0.418686
vt 0.129572 0.425981
vt 0.783239 0.474953
vt 0.810433 0.474887
vt 0.914533 0.303716
vt 0.190973 0.490529
vt 0.220141 0.422010
vt 0.197883 0.451720
vt 0.258378 0.339051
vt 0.164571 0.402361
vt 0.140120 0.448564
vt 0.131119 0.424937
vt 0.135457 0.422010
vt 0.159483 0.462020
vt 0.160251 0.478533
vt 0.193754 0.382665
vt 0.221300 0.364075
vt 0.245381 0.399756
vt 0.832194 0.635249
vt 0.833001 0.617480
vt 0.832629 0.615094
vt 0.200809 0.461301
vt 0.212447 0.474736
vt 0.866961 0.375287
vt 0.855568 0.372734
vt 0.857245 0.352235
vt 0.897052 0.547170
vt 0.920032 0.553662
vt 0.915151 0.592956
vt 0.782123 0.432072
vt 0.815023 0.436311
vt 0.791753 0.287565
vt 0.883972 0.544342
vt 0.606459 0.175960
vt 0.571926 0.211074
vt 0.563541 0.196697
vt 0.823174 0.135101
vt 0.841446 0.143981
vt 0.834891 0.179567
vt 0.534179 0.233982
vt 0.523848 0.214968
vt 0.565540 0.200124
vt 0.463310 0.812433
vt 0.461368 0.800182
vt 0.454090 0.798763
vt 0.456147 0.811807
vt 0.694751 0.123734
vt 0.703105 0.135533
vt 0.782147 0.341954
vt 0.900056 0.466982
vt 0.900637 0.457726
vt 0.834236 0.039768
vt 0.849330 0.048555
vt 0.926777 0.464211
vt 0.912309 0.454928
vt 0.461496 0.822762
vt 0.454189 0.822783
vt 0.476460 0.823404
vt 0.480294 0.806413
vt 0.480646 0.806384
vt 0.476743 0.823482
vt 0.477261 0.791952
vt 0.477573 0.791837
vt 0.561530 0.823293
vt 0.561530 0.791953
vt 0.573287 0.787068
vt 0.858952 0.410595
vt 0.858832 0.410915
vt 0.815946 0.030718
vt 0.785751 0.007849
vt 0.790664 0.000643
vt 0.587828 0.792733
vt 0.344006 0.343776
vt 0.839957 0.436924
vt 0.832316 0.475104
vt 0.820493 0.879477
vt 0.274024 0.737378
vt 0.276759 0.742358
vt 0.272766 0.740349
vt 0.112188 0.737112
vt 0.109114 0.739856
vt 0.597727 0.808790
vt 0.598984 0.799044
vt 0.597537 0.799044
vt 0.596611 0.806486
vt 0.280029 0.745254
vt 0.264888 0.719905
vt 0.277213 0.721126
vt 0.273994 0.731482
vt 0.264888 0.730394
vt 0.123171 0.761360
vt 0.114268 0.756513
vt 0.285528 0.734982
vt 0.277529 0.737974
vt 0.095007 0.728978
vt 0.101795 0.735601
vt 0.098630 0.743275
vt 0.264888 0.736669
vt 0.106332 0.767579
vt 0.097844 0.765128
vt 0.098641 0.750202
vt 0.107011 0.751733
vt 0.600020 0.799044
vt 0.599119 0.806666
vt 0.272330 0.744049
vt 0.276864 0.743512
vt 0.264888 0.740293
vt 0.124090 0.771370
vt 0.276183 0.743574
vt 0.272510 0.743634
vt 0.595259 0.811020
vt 0.596198 0.810339
vt 0.780405 0.620687
vt 0.781110 0.621601
vt 0.780405 0.622223
vt 0.264888 0.743704
vt 0.282979 0.772851
vt 0.426413 0.804559
vt 0.430692 0.807734
vt 0.426349 0.817219
vt 0.288963 0.741872
vt 0.293047 0.756802
vt 0.528213 0.818748
vt 0.525818 0.831703
vt 0.547123 0.830045
vt 0.550472 0.818748
vt 0.555323 0.831074
vt 0.557231 0.818748
vt 0.542643 0.836952
vt 0.107325 0.733177
vt 0.264888 0.753949
vt 0.269139 0.754947
vt 0.268815 0.756569
vt 0.264888 0.755880
vt 0.307424 0.536942
vt 0.335579 0.560195
vt 0.297414 0.548018
vt 0.789349 0.739064
vt 0.791398 0.768705
vt 0.800678 0.768900
vt 0.806979 0.737014
vt 0.871459 0.223373
vt 0.887278 0.227572
vt 0.820755 0.741199
vt 0.892015 0.227357
vt 0.907577 0.229253
vt 0.910821 0.275337
vt 0.289542 0.557464
vt 0.199944 0.440029
vt 0.252766 0.392193
vt 0.255837 0.400031
vt 0.209504 0.452527
vt 0.279577 0.375288
vt 0.231057 0.357490
vt 0.258288 0.339112
vt 0.176811 0.394100
vt 0.144365 0.415998
vt 0.161156 0.404666
vt 0.185938 0.450083
vt 0.168295 0.458212
vt 0.695365 0.159325
vt 0.451021 0.793898
vt 0.467572 0.792432
vt 0.885869 0.441943
vt 0.358396 0.355626
vt 0.297337 0.583638
vt 0.314907 0.596923
vt 0.328300 0.291862
vt 0.330927 0.290089
vt 0.347247 0.334647
vt 0.290125 0.317625
vt 0.310386 0.356540
vt 0.275077 0.807840
vt 0.294732 0.808219
vt 0.296241 0.780000
vt 0.294337 0.771305
vt 0.271665 0.758888
vt 0.272096 0.755330
vt 0.547898 0.838486
vt 0.293897 0.764249
vt 0.804342 0.129324
vt 0.927591 0.813996
vt 0.895807 0.796204
vt 0.855568 0.798962
vt 0.264888 0.804427
vt 0.104638 0.815217
vt 0.094478 0.816469
vt 0.157855 0.481785
vt 0.140031 0.460923
vt 0.910088 0.408830
vt 0.430386 0.797094
vt 0.429929 0.800695
vt 0.426349 0.797041
vt 0.427540 0.795799
vt 0.432054 0.802993
vt 0.228132 0.817507
vt 0.228132 0.821085
vt 0.226078 0.819960
vt 0.225651 0.817227
vt 0.429565 0.821448
vt 0.429565 0.817977
vt 0.432023 0.818280
vt 0.431734 0.820958
vt 0.464820 0.820519
vt 0.464820 0.817636
vt 0.466967 0.819256
vt 0.466669 0.821415
vt 0.244255 0.824695
vt 0.246752 0.824869
vt 0.774399 0.689338
vt 0.779436 0.707148
vt 0.780106 0.707148
vt 0.774977 0.688694
vt 0.699807 0.719904
vt 0.702094 0.733824
vt 0.703105 0.734431
vt 0.700775 0.720255
vt 0.770755 0.679421
vt 0.771265 0.678595
vt 0.678240 0.798250
vt 0.680728 0.806989
vt 0.681797 0.806933
vt 0.679262 0.798033
vt 0.700000 0.732455
vt 0.700972 0.733036
vt 0.699807 0.759133
vt 0.700775 0.760205
vt 0.478725 0.785335
vt 0.468744 0.790125
vt 0.469209 0.791079
vt 0.479373 0.786201
vt 0.674940 0.787445
vt 0.675902 0.787028
vt 0.295597 0.809347
vt 0.275580 0.808961
vt 0.559873 0.729179
vt 0.555612 0.721806
vt 0.556432 0.722093
vt 0.560772 0.729603
vt 0.674940 0.833368
vt 0.675902 0.833797
vt 0.264888 0.805484
vt 0.546836 0.729202
vt 0.527704 0.729436
vt 0.527409 0.742395
vt 0.547068 0.742634
vt 0.646466 0.758885
vt 0.670609 0.756580
vt 0.670309 0.785346
vt 0.650359 0.786271
vt 0.635192 0.761003
vt 0.634070 0.747941
vt 0.644061 0.747937
vt 0.543742 0.762452
vt 0.526959 0.762187
vt 0.526819 0.768351
vt 0.542741 0.768595
vt 0.396217 0.792994
vt 0.394993 0.780280
vt 0.410068 0.780603
vt 0.409312 0.795041
vt 0.526413 0.786190
vt 0.540920 0.786190
vt 0.428516 0.791005
vt 0.428290 0.768349
vt 0.435521 0.768178
vt 0.418914 0.793023
vt 0.395019 0.757473
vt 0.395013 0.769004
vt 0.374769 0.771976
vt 0.372792 0.757473
vt 0.410962 0.768723
vt 0.643406 0.784533
vt 0.622985 0.762686
vt 0.557245 0.762986
vt 0.554084 0.769799
vt 0.558770 0.743045
vt 0.411641 0.757473
vt 0.428233 0.757473
vt 0.372396 0.784764
vt 0.437222 0.757473
vt 0.546347 0.721349
vt 0.527921 0.719904
vt 0.683683 0.782149
vt 0.643957 0.738169
vt 0.669901 0.736155
vt 0.668902 0.747511
vt 0.632199 0.738402
vt 0.487612 0.755492
vt 0.486330 0.766184
vt 0.490126 0.765482
vt 0.493905 0.755209
vt 0.477860 0.786623
vt 0.485461 0.786624
vt 0.476809 0.791079
vt 0.486333 0.755492
vt 0.484818 0.744797
vt 0.491970 0.744530
vt 0.492644 0.755180
vt 0.630328 0.728863
vt 0.643853 0.728400
vt 0.670900 0.724800
vt 0.683683 0.724550
vt 0.735202 0.819739
vt 0.728740 0.792263
vt 0.747143 0.793395
vt 0.748543 0.820739
vt 0.066358 0.207528
vt 0.057607 0.207090
vt 0.325430 0.240646
vt 0.339045 0.260733
vt 0.298691 0.256769
vt 0.737385 0.438899
vt 0.761487 0.439661
vt 0.761317 0.418283
vt 0.740908 0.409770
vt 0.283720 0.239469
vt 0.288089 0.255917
vt 0.311491 0.238201
vt 0.299259 0.224332
vt 0.716533 0.226663
vt 0.718450 0.258454
vt 0.741225 0.258925
vt 0.741921 0.228309
vt 0.332536 0.802275
vt 0.319536 0.805224
vt 0.738308 0.355008
vt 0.755883 0.358670
vt 0.754995 0.297934
vt 0.741895 0.295548
vt 0.437980 0.719905
vt 0.443476 0.760015
vt 0.956150 0.223976
vt 0.940004 0.223363
vt 0.949937 0.180620
vt 0.959286 0.180483
vt 0.346084 0.187717
vt 0.359909 0.202205
vt 0.410348 0.167658
vt 0.394896 0.151662
vt 0.333820 0.781535
vt 0.303323 0.796801
vt 0.302754 0.781855
vt 0.296999 0.762857
vt 0.720630 0.824086
vt 0.740246 0.837413
vt 0.726997 0.838647
vt 0.957323 0.333850
vt 0.928120 0.334925
vt 0.938101 0.286633
vt 0.957531 0.286752
vt 0.757681 0.244566
vt 0.315964 0.751982
vt 0.312678 0.719905
vt 0.296999 0.730873
vt 0.747762 0.705082
vt 0.754843 0.731045
vt 0.739111 0.733335
vt 0.730397 0.706883
vt 0.722797 0.735864
vt 0.720381 0.708262
vt 0.000881 0.765863
vt 0.004903 0.793774
vt 0.955672 0.248309
vt 0.982024 0.243181
vt 0.981535 0.289167
vt 0.333874 0.756774
vt 0.327737 0.724779
vt 0.438025 0.148103
vt 0.451360 0.162702
vt 0.427427 0.185151
vt 0.411396 0.170844
vt 0.447346 0.137616
vt 0.441483 0.125171
vt 0.368873 0.205662
vt 0.393095 0.221253
vt 0.942021 0.254368
vt 0.534494 0.083571
vt 0.597023 0.037795
vt 0.590057 0.029858
vt 0.527510 0.073880
vt 0.424753 0.182597
vt 0.457711 0.149261
vt 0.746674 0.140877
vt 0.757422 0.061729
vt 0.747089 0.057584
vt 0.727877 0.134958
vt 0.383823 0.217844
vt 0.344056 0.265994
vt 0.595044 0.028222
vt 0.589526 0.016215
vt 0.583658 0.018079
vt 0.595798 0.020815
vt 0.603714 0.012505
vt 0.609964 0.025342
vt 0.602288 0.030546
vt 0.705534 0.434325
vt 0.704300 0.403051
vt 0.766671 0.067037
vt 0.772664 0.061402
vt 0.759631 0.053031
vt 0.974068 0.059872
vt 0.975956 0.051380
vt 0.989690 0.060244
vt 0.984002 0.065288
vt 0.289366 0.810105
vt 0.294788 0.811167
vt 0.294999 0.821497
vt 0.289366 0.821141
vt 0.517391 0.067922
vt 0.106265 0.408318
vt 0.106828 0.421941
vt 0.106073 0.303420
vt 0.130714 0.332928
vt 0.096535 0.305804
vt 0.083508 0.309061
vt 0.079666 0.279431
vt 0.093122 0.275792
vt 0.710625 0.833429
vt 0.703862 0.812628
vt 0.712847 0.799722
vt 0.757884 0.829689
vt 0.755521 0.842237
vt 0.748526 0.838280
vt 0.496263 0.099035
vt 0.488060 0.088496
vt 0.989231 0.343163
vt 0.095532 0.433325
vt 0.112270 0.422532
vt 0.210487 0.721298
vt 0.204335 0.746949
vt 0.218041 0.754920
vt 0.223554 0.724158
vt 0.202516 0.719905
vt 0.196497 0.742328
vt 0.229849 0.752797
vt 0.232777 0.725614
vt 0.208510 0.773633
vt 0.232269 0.776436
vt 0.207230 0.780191
vt 0.206133 0.793034
vt 0.232777 0.783800
vt 0.165090 0.779380
vt 0.163085 0.787915
vt 0.175268 0.788425
vt 0.254710 0.782221
vt 0.260974 0.774961
vt 0.251798 0.813235
vt 0.248671 0.812555
vt 0.245404 0.811843
vt 0.176765 0.775960
vt 0.186174 0.790942
vt 0.197081 0.793459
vt 0.195500 0.780027
vt 0.523087 0.798902
vt 0.537405 0.795927
vt 0.520286 0.786948
vt 0.514822 0.795486
vt 0.198155 0.753691
vt 0.083120 0.435684
vt 0.064323 0.448531
vt 0.260745 0.764529
vt 0.248469 0.764884
vt 0.249015 0.755702
vt 0.259244 0.754968
vt 0.259979 0.759647
vt 0.261420 0.763395
vt 0.058357 0.440593
vt 0.641672 0.822948
vt 0.660452 0.818706
vt 0.659562 0.830437
vt 0.642368 0.841068
vt 0.641891 0.842149
vt 0.354085 0.258726
vt 0.744087 0.185016
vt 0.725002 0.182910
vt 0.291381 0.273403
vt 0.289320 0.274738
vt 0.268867 0.289384
vt 0.242809 0.782290
vt 0.166051 0.772385
vt 0.255142 0.745695
vt 0.087884 0.430172
vt 0.108219 0.419334
vt 0.113004 0.301687
vt 0.109226 0.271438
vt 0.082113 0.278769
vt 0.087441 0.308078
vt 0.081835 0.198404
vt 0.087702 0.179180
vt 0.069575 0.181236
vt 0.057780 0.184635
vt 0.067945 0.814982
vt 0.080375 0.821511
vt 0.076635 0.755182
vt 0.069473 0.750750
vt 0.091878 0.817712
vt 0.085378 0.754905
vt 0.730403 0.635599
vt 0.721695 0.620687
vt 0.736729 0.626804
vt 0.414268 0.811884
vt 0.399633 0.818599
vt 0.399633 0.795799
vt 0.407014 0.797456
vt 0.053678 0.185022
vt 0.041841 0.126221
vt 0.036291 0.127888
vt 0.060425 0.120127
vt 0.044532 0.125325
vt 0.072857 0.188655
vt 0.061048 0.186726
vt 0.048509 0.124804
vt 0.064172 0.120984
vt 0.622985 0.787028
vt 0.640915 0.792805
vt 0.631746 0.849771
vt 0.622985 0.845375
vt 0.053889 0.089085
vt 0.040638 0.094142
vt 0.036382 0.085823
vt 0.058051 0.081303
vt 0.029096 0.096565
vt 0.018795 0.089202
vt 0.044734 0.089623
vt 0.053916 0.087404
vt 0.054664 0.078212
vt 0.040445 0.081041
vt 0.032575 0.094075
vt 0.020438 0.086482
vt 0.051441 0.751117
vt 0.058852 0.750946
vt 0.060995 0.764638
vt 0.052265 0.763015
vt 0.063524 0.778588
vt 0.053800 0.776964
vt 0.059396 0.062862
vt 0.036223 0.069256
vt 0.033091 0.073487
vt 0.053983 0.069793
vt 0.009545 0.078687
vt 0.014941 0.073472
vt 0.614614 0.799900
vt 0.602173 0.802718
vt 0.601740 0.789533
vt 0.612464 0.787068
vt 0.069158 0.070172
vt 0.063456 0.794864
vt 0.054711 0.793334
vt 0.057302 0.086691
vt 0.062226 0.076837
vt 0.061070 0.046303
vt 0.031611 0.053034
vt 0.008852 0.057953
vt 0.028618 0.057383
vt 0.057239 0.050932
vt 0.073947 0.054713
vt 0.003938 0.062768
vt 0.770755 0.793744
vt 0.770755 0.812060
vt 0.778293 0.809464
vt 0.780314 0.796145
vt 0.072934 0.065114
vt 0.077294 0.050427
vt 0.064784 0.814831
vt 0.056776 0.817420
vt 0.075228 0.035616
vt 0.068231 0.034810
vt 0.048635 0.027492
vt 0.026708 0.031693
vt 0.004941 0.036569
vt 0.773760 0.821973
vt 0.779762 0.820563
vt 0.023567 0.030351
vt 0.045525 0.026161
vt 0.065160 0.033101
vt 0.072150 0.033890
vt 0.000379 0.036209
vt 0.306074 0.822310
vt 0.317069 0.818579
vt 0.317069 0.805982
vt 0.309630 0.806151
vt 0.779762 0.741287
vt 0.770755 0.736459
vt 0.770755 0.765047
vt 0.777678 0.764384
vt 0.212510 0.817227
vt 0.210184 0.826020
vt 0.204599 0.825386
vt 0.204599 0.817514
vt 0.071835 0.024685
vt 0.067248 0.024568
vt 0.067188 0.834481
vt 0.062618 0.840182
vt 0.039143 0.005341
vt 0.022727 0.008143
vt 0.005731 0.012437
vt 0.770906 0.792986
vt 0.776693 0.789035
vt 0.019618 0.003264
vt 0.036493 0.000379
vt 0.215767 0.824110
vt 0.219817 0.822851
vt 0.219857 0.817227
vt 0.215767 0.818014
vt 0.065248 0.024190
vt 0.069463 0.024048
vt 0.002530 0.007543
vt 0.613755 0.815653
vt 0.601740 0.818585
vt 0.611205 0.824903
vt 0.602270 0.826811
vt 0.071298 0.118241
vt 0.061059 0.751550
vt 0.081685 0.186886
vt 0.070762 0.118396
vt 0.060254 0.721401
vt 0.067188 0.719905
vt 0.031394 0.095513
vt 0.087595 0.721142
vt 0.079465 0.721165
vt 0.091878 0.753285
vt 0.227473 0.299346
vt 0.237551 0.308854
vt 0.251949 0.266651
vt 0.727492 0.553304
vt 0.731614 0.517911
vt 0.706273 0.516593
vt 0.707141 0.550184
vt 0.751245 0.556909
vt 0.750445 0.519353
vt 0.099379 0.363183
vt 0.084589 0.348353
vt 0.099507 0.337276
vt 0.113908 0.350984
vt 0.719545 0.619929
vt 0.755347 0.618676
vt 0.769533 0.561611
vt 0.775696 0.595304
vt 0.111948 0.334265
vt 0.762959 0.516897
vt 0.703862 0.773609
vt 0.725470 0.767680
vt 0.747066 0.766017
vt 0.763559 0.763304
vt 0.761208 0.785195
vt 0.747131 0.789230
vt 0.100675 0.386086
vt 0.110613 0.369594
vt 0.704785 0.480459
vt 0.731979 0.480550
vt 0.705984 0.739508
vt 0.092683 0.344891
vt 0.167139 0.343475
vt 0.131259 0.353002
vt 0.112576 0.407751
vt 0.107340 0.384760
vt 0.092315 0.377869
vt 0.197219 0.328394
vt 0.000379 0.740077
vt 0.000849 0.719905
vt 0.000379 0.722290
vt 0.123469 0.346704
vt 0.115363 0.330885
vt 0.758829 0.807338
vt 0.766778 0.783618
vt 0.769997 0.803933
vt 0.965273 0.136367
vt 0.988229 0.142958
vt 0.983214 0.182225
vt 0.703916 0.437572
vt 0.736790 0.442000
vt 0.714379 0.293096
vt 0.952202 0.133512
vt 0.542116 0.080578
vt 0.506894 0.112694
vt 0.496671 0.099560
vt 0.535088 0.070617
vt 0.758136 0.185400
vt 0.764894 0.149854
vt 0.475162 0.142735
vt 0.461359 0.126069
vt 0.504458 0.109564
vt 0.601219 0.024449
vt 0.595242 0.011551
vt 0.612758 0.002259
vt 0.620909 0.014801
vt 0.704461 0.347418
vt 0.966240 0.056148
vt 0.966739 0.046887
vt 0.775398 0.054174
vt 0.761158 0.045603
vt 0.977496 0.043894
vt 0.992687 0.053006
vt 0.601779 0.035426
vt 0.608370 0.032047
vt 0.662588 0.787028
vt 0.674183 0.792599
vt 0.674183 0.824661
vt 0.749873 0.022223
vt 0.719120 0.006788
vt 0.713592 0.014290
vt 0.743739 0.036805
vt 0.648252 0.792068
vt 0.286031 0.257874
vt 0.761721 0.442757
vt 0.753860 0.480892
vt 0.075960 0.719905
vt 0.255752 0.737378
vt 0.257010 0.740349
vt 0.253017 0.742358
vt 0.182637 0.737112
vt 0.179563 0.739856
vt 0.597727 0.789298
vt 0.596611 0.791602
vt 0.249747 0.745254
vt 0.255781 0.731482
vt 0.252562 0.721126
vt 0.193620 0.761360
vt 0.184717 0.756513
vt 0.252246 0.737974
vt 0.244248 0.734982
vt 0.165456 0.728978
vt 0.169079 0.743275
vt 0.172244 0.735601
vt 0.176781 0.767579
vt 0.177460 0.751733
vt 0.169090 0.750202
vt 0.168293 0.765128
vt 0.599119 0.791422
vt 0.252912 0.743512
vt 0.257446 0.744049
vt 0.194539 0.771370
vt 0.257266 0.743634
vt 0.253593 0.743574
vt 0.595259 0.787068
vt 0.596198 0.787749
vt 0.780405 0.622981
vt 0.780405 0.624518
vt 0.781110 0.623895
vt 0.246797 0.772851
vt 0.334696 0.813545
vt 0.334631 0.826205
vt 0.338974 0.816720
vt 0.240812 0.741872
vt 0.236728 0.756802
vt 0.547123 0.807452
vt 0.525818 0.805793
vt 0.555323 0.806423
vt 0.542643 0.800545
vt 0.177774 0.733177
vt 0.260960 0.756569
vt 0.260636 0.754947
vt 0.102927 0.218463
vt 0.089700 0.222285
vt 0.093812 0.183116
vt 0.101479 0.224879
vt 0.744149 0.659254
vt 0.729418 0.663174
vt 0.009333 0.842144
vt 0.022973 0.839322
vt 0.724864 0.662951
vt 0.707658 0.711709
vt 0.709628 0.665206
vt 0.078178 0.225092
vt 0.142872 0.355464
vt 0.134870 0.341935
vt 0.200887 0.318603
vt 0.206996 0.324374
vt 0.232704 0.305835
vt 0.114169 0.378012
vt 0.128308 0.364692
vt 0.585479 0.012068
vt 0.591876 0.005831
vt 0.438394 0.792432
vt 0.951945 0.031312
vt 0.280425 0.240096
vt 0.418204 0.818814
vt 0.415026 0.818962
vt 0.415026 0.795799
vt 0.421667 0.798506
vt 0.372396 0.795799
vt 0.379869 0.806038
vt 0.372396 0.820219
vt 0.295710 0.258284
vt 0.261617 0.284277
vt 0.254699 0.807840
vt 0.235044 0.808219
vt 0.233534 0.780000
vt 0.235439 0.771305
vt 0.257679 0.755330
vt 0.258111 0.758888
vt 0.547898 0.799010
vt 0.235879 0.764249
vt 0.994900 0.403336
vt 0.963176 0.385437
vt 0.922928 0.388057
vt 0.164927 0.816469
vt 0.175087 0.815217
vt 0.088402 0.378875
vt 0.101080 0.403209
vt 0.718356 0.844039
vt 0.338668 0.806080
vt 0.335822 0.804785
vt 0.334631 0.806026
vt 0.338211 0.809681
vt 0.340336 0.811979
vt 0.231371 0.817507
vt 0.228890 0.817227
vt 0.229316 0.819960
vt 0.231371 0.821085
vt 0.428807 0.821448
vt 0.426638 0.820958
vt 0.426349 0.818280
vt 0.428807 0.817977
vt 0.437099 0.820826
vt 0.435250 0.821721
vt 0.434952 0.819563
vt 0.437099 0.817943
vt 0.246752 0.810105
vt 0.244255 0.810278
vt 0.774399 0.724958
vt 0.774977 0.725602
vt 0.703105 0.760963
vt 0.702136 0.761313
vt 0.699807 0.775489
vt 0.700817 0.774883
vt 0.770755 0.734874
vt 0.771265 0.735701
vt 0.618928 0.798290
vt 0.617906 0.798072
vt 0.615372 0.806972
vt 0.616440 0.807029
vt 0.702912 0.773514
vt 0.701939 0.774095
vt 0.703105 0.800192
vt 0.702136 0.801264
vt 0.478725 0.725648
vt 0.479373 0.724782
vt 0.469209 0.719905
vt 0.468744 0.720858
vt 0.622228 0.787484
vt 0.621266 0.787068
vt 0.254195 0.808961
vt 0.234178 0.809347
vt 0.495580 0.727717
vt 0.494663 0.728099
vt 0.499340 0.720794
vt 0.500173 0.720544
vt 0.621266 0.833837
vt 0.622228 0.833408
vt 0.508603 0.728332
vt 0.507760 0.741740
vt 0.585011 0.758924
vt 0.588904 0.786310
vt 0.608854 0.785386
vt 0.609153 0.756620
vt 0.582605 0.747977
vt 0.572614 0.747980
vt 0.573736 0.761043
vt 0.510182 0.761688
vt 0.510902 0.767871
vt 0.396217 0.721952
vt 0.409312 0.719905
vt 0.410068 0.734343
vt 0.394993 0.734666
vt 0.511921 0.785530
vt 0.428516 0.723941
vt 0.435521 0.746768
vt 0.428290 0.746597
vt 0.418914 0.721923
vt 0.374769 0.742970
vt 0.395013 0.745942
vt 0.410962 0.746223
vt 0.581950 0.784573
vt 0.561530 0.762726
vt 0.496669 0.761608
vt 0.499516 0.768558
vt 0.496052 0.741618
vt 0.372396 0.730182
vt 0.509449 0.720510
vt 0.622228 0.782188
vt 0.582501 0.738208
vt 0.607447 0.747550
vt 0.608446 0.736195
vt 0.570743 0.738442
vt 0.487236 0.724783
vt 0.477072 0.719905
vt 0.485150 0.766186
vt 0.488960 0.765434
vt 0.486974 0.786202
vt 0.568873 0.728903
vt 0.582397 0.728440
vt 0.609445 0.724839
vt 0.622228 0.724589
vt 0.283445 0.816021
vt 0.286027 0.813872
vt 0.282459 0.812544
vt 0.143366 0.818882
vt 0.146088 0.817227
vt 0.146796 0.820264
vt 0.280254 0.816021
vt 0.282459 0.819499
vt 0.286027 0.818171
vt 0.143090 0.822327
vt 0.108800 0.820053
vt 0.105546 0.819403
vt 0.107024 0.823109
vt 0.156979 0.819646
vt 0.154257 0.817412
vt 0.153550 0.821238
vt 0.118139 0.820053
vt 0.120655 0.819587
vt 0.119930 0.823222
vt 0.112073 0.819860
vt 0.114885 0.819403
vt 0.112798 0.822996
vt 0.140091 0.820565
vt 0.110590 0.823222
vt 0.157256 0.823416
vt 0.116364 0.823109
vt 0.149671 0.822588
vt 0.149794 0.826268
vt 0.146796 0.824506
vt 0.095135 0.829060
vt 0.092636 0.826621
vt 0.095827 0.826621
vt 0.101205 0.826800
vt 0.098408 0.828770
vt 0.099394 0.825292
vt 0.156979 0.826862
vt 0.153550 0.825480
vt 0.154257 0.828517
vt 0.114588 0.826165
vt 0.117842 0.826814
vt 0.115191 0.828991
vt 0.143366 0.826098
vt 0.146088 0.828331
vt 0.141944 0.828517
vt 0.093622 0.823143
vt 0.095827 0.819665
vt 0.096813 0.823143
vt 0.092636 0.819665
vt 0.095135 0.817226
vt 0.099394 0.820994
vt 0.098408 0.817516
vt 0.101205 0.819486
vt 0.101976 0.823143
vt 0.150674 0.823156
vt 0.150551 0.826339
vt 0.108503 0.826814
vt 0.105249 0.826165
vt 0.105851 0.828991
vt 0.140091 0.824807
vt 0.112073 0.826631
vt 0.120655 0.826357
vt 0.111315 0.826357
vt 0.103459 0.822996
vt 0.102734 0.826631
vt 0.160254 0.825179
vt 0.160254 0.820937
vt 0.150551 0.819476
vt 0.111315 0.819587
vt 0.102734 0.819860
vt 0.285041 0.821649
vt 0.287837 0.819678
vt 0.117537 0.817226
vt 0.279268 0.819499
vt 0.281768 0.821938
vt 0.158401 0.817226
vt 0.279268 0.812544
vt 0.281768 0.810105
vt 0.149794 0.819405
vt 0.288608 0.816021
vt 0.108198 0.817226
vt 0.285041 0.810394
vt 0.287837 0.812365
vt 0.349211 0.816480
vt 0.346087 0.816223
vt 0.350323 0.826154
vt 0.701940 0.813727
vt 0.698817 0.813454
vt 0.699982 0.802022
vt 0.703105 0.802294
vt 0.422425 0.818828
vt 0.422425 0.821944
vt 0.423932 0.821895
vt 0.423932 0.818779
vt 0.424012 0.807514
vt 0.425591 0.807613
vt 0.424089 0.796234
vt 0.422509 0.796134
vt 0.425507 0.807278
vt 0.423928 0.807178
vt 0.422425 0.795799
vt 0.424004 0.795898
vt 0.424004 0.818021
vt 0.422425 0.817917
vt 0.703105 0.823408
vt 0.350323 0.805042
vt 0.347199 0.804785
vt 0.263250 0.816022
vt 0.262264 0.819499
vt 0.265832 0.818171
vt 0.167439 0.818882
vt 0.164010 0.820264
vt 0.164717 0.817226
vt 0.260059 0.816022
vt 0.262264 0.812544
vt 0.265832 0.813872
vt 0.167716 0.822327
vt 0.127479 0.820053
vt 0.125703 0.823109
vt 0.124225 0.819403
vt 0.174746 0.819646
vt 0.178176 0.821238
vt 0.177468 0.817412
vt 0.136818 0.820053
vt 0.138608 0.823222
vt 0.139334 0.819587
vt 0.130752 0.819860
vt 0.131477 0.822996
vt 0.133564 0.819403
vt 0.170714 0.820565
vt 0.129269 0.823222
vt 0.174470 0.823416
vt 0.135043 0.823109
vt 0.161134 0.822588
vt 0.164010 0.824506
vt 0.161011 0.826268
vt 0.271670 0.810105
vt 0.272362 0.812544
vt 0.269171 0.812544
vt 0.277739 0.812365
vt 0.275929 0.813872
vt 0.274943 0.810394
vt 0.174746 0.826862
vt 0.177468 0.828517
vt 0.178176 0.825480
vt 0.133267 0.826165
vt 0.133869 0.828991
vt 0.136521 0.826814
vt 0.167439 0.826098
vt 0.168861 0.828517
vt 0.164717 0.828331
vt 0.270157 0.816022
vt 0.273348 0.816022
vt 0.272362 0.819499
vt 0.269171 0.819499
vt 0.271670 0.821938
vt 0.275929 0.818171
vt 0.274943 0.821649
vt 0.277739 0.819678
vt 0.278511 0.816022
vt 0.181174 0.826339
vt 0.181051 0.823156
vt 0.127182 0.826814
vt 0.124530 0.828991
vt 0.123928 0.826165
vt 0.170714 0.824807
vt 0.130752 0.826631
vt 0.139334 0.826357
vt 0.129994 0.826357
vt 0.122138 0.822996
vt 0.121412 0.826631
vt 0.171471 0.825179
vt 0.171471 0.820937
vt 0.181174 0.819476
vt 0.129994 0.819587
vt 0.121412 0.819860
vt 0.267642 0.812365
vt 0.264846 0.810394
vt 0.136216 0.817226
vt 0.261573 0.810105
vt 0.259073 0.812544
vt 0.173324 0.817226
vt 0.259073 0.819499
vt 0.261573 0.821938
vt 0.161011 0.819405
vt 0.268413 0.816022
vt 0.126877 0.817226
vt 0.264846 0.821649
vt 0.267642 0.819678
vt 0.342205 0.816480
vt 0.341094 0.826154
vt 0.345329 0.816223
vt 0.433976 0.807504
vt 0.432811 0.796071
vt 0.435934 0.795799
vt 0.437099 0.807232
vt 0.399633 0.819405
vt 0.401141 0.819356
vt 0.401141 0.822472
vt 0.399633 0.822521
vt 0.466399 0.806371
vt 0.467902 0.794991
vt 0.466323 0.795091
vt 0.464820 0.806470
vt 0.464904 0.806135
vt 0.466407 0.794755
vt 0.467987 0.794656
vt 0.466484 0.806035
vt 0.466407 0.816879
vt 0.467987 0.816774
vt 0.432811 0.817185
vt 0.341094 0.805042
vt 0.344218 0.804785
vt 0.300779 0.813216
vt 0.298331 0.806083
vt 0.296999 0.805982
vt 0.299447 0.813115
vt 0.353550 0.816429
vt 0.352796 0.810649
vt 0.351081 0.813802
vt 0.351749 0.818364
vt 0.493833 0.796479
vt 0.493905 0.791850
vt 0.492706 0.791837
vt 0.492634 0.796466
vt 0.189644 0.827361
vt 0.189644 0.817227
vt 0.192052 0.819985
vt 0.491842 0.806262
vt 0.491748 0.803619
vt 0.493446 0.803799
vt 0.493540 0.806442
vt 0.491763 0.817880
vt 0.491748 0.822029
vt 0.493474 0.822130
vt 0.493490 0.817980
vt 0.354202 0.807526
vt 0.355538 0.807577
vt 0.354029 0.810758
vt 0.331147 0.827569
vt 0.332252 0.817155
vt 0.329577 0.817545
vt 0.329577 0.827559
vt 0.354783 0.816538
vt 0.358064 0.815643
vt 0.359386 0.814428
vt 0.356179 0.804785
vt 0.356728 0.815592
vt 0.329577 0.816387
vt 0.329577 0.806372
vt 0.332252 0.805982
vt 0.331147 0.816397
vt 0.355964 0.823556
vt 0.360721 0.825233
vt 0.493905 0.802861
vt 0.492706 0.802848
vt 0.354731 0.823447
vt 0.352695 0.824626
vt 0.359385 0.825182
vt 0.353928 0.824735
vt 0.352982 0.818473
vt 0.352313 0.813912
vt 0.492205 0.811908
vt 0.493905 0.812223
vt 0.300242 0.821308
vt 0.298331 0.813833
vt 0.491748 0.813739
vt 0.493448 0.814054
vt 0.296999 0.813732
vt 0.491748 0.814812
vt 0.493474 0.814913
vt 0.357514 0.804835
vt 0.360721 0.814478
vt 0.186477 0.827361
vt 0.188886 0.819985
vt 0.186477 0.817226
vt 0.298910 0.821207
vt 0.333365 0.825169
vt 0.333365 0.813997
vt 0.297698 0.824091
vt 0.299030 0.824193
vt 0.301537 0.813216
vt 0.302869 0.813115
vt 0.305317 0.805982
vt 0.303984 0.806083
vt 0.368649 0.816428
vt 0.370450 0.818364
vt 0.371119 0.813802
vt 0.369404 0.810649
vt 0.559188 0.791589
vt 0.557989 0.791577
vt 0.558060 0.786948
vt 0.559260 0.786960
vt 0.192810 0.827361
vt 0.195219 0.819985
vt 0.192810 0.817227
vt 0.560051 0.801372
vt 0.558354 0.801553
vt 0.558448 0.798910
vt 0.560146 0.798729
vt 0.214994 0.820294
vt 0.213268 0.820395
vt 0.213283 0.824544
vt 0.215010 0.824443
vt 0.368171 0.810758
vt 0.366662 0.807576
vt 0.367997 0.807526
vt 0.183502 0.827641
vt 0.181931 0.827631
vt 0.181931 0.817617
vt 0.184606 0.817227
vt 0.367416 0.816537
vt 0.364135 0.815643
vt 0.362814 0.814428
vt 0.365471 0.815592
vt 0.366020 0.804785
vt 0.595259 0.822183
vt 0.596829 0.822193
vt 0.597934 0.811778
vt 0.595259 0.812168
vt 0.366235 0.823556
vt 0.361478 0.825233
vt 0.559260 0.797972
vt 0.558060 0.797959
vt 0.367468 0.823447
vt 0.369504 0.824626
vt 0.362814 0.825182
vt 0.368271 0.824735
vt 0.369218 0.818473
vt 0.369886 0.813912
vt 0.559689 0.807019
vt 0.557988 0.807334
vt 0.302074 0.821308
vt 0.303984 0.813833
vt 0.560146 0.808850
vt 0.558445 0.809165
vt 0.305317 0.813732
vt 0.215010 0.817226
vt 0.213283 0.817327
vt 0.361478 0.814478
vt 0.364685 0.804835
vt 0.557989 0.820057
vt 0.557989 0.809923
vt 0.560397 0.812681
vt 0.303406 0.821207
vt 0.185720 0.825241
vt 0.599047 0.819793
vt 0.304618 0.824091
vt 0.303286 0.824193
vt 0.790844 0.000379
vt 0.855568 0.419636
vt 0.470702 0.807213
vt 0.468744 0.795091
vt 0.468744 0.821287
vt 0.922928 0.009484
vt 0.925744 0.000379
vt 0.955491 0.015195
vt 0.233534 0.810898
vt 0.243498 0.810105
vt 0.243498 0.825849
vt 0.234099 0.823718
vt 0.705734 0.000379
vt 0.703862 0.010298
vt 0.979384 0.026998
vt 0.614913 0.016366
vt 0.607342 0.000379
vt 0.767098 0.030982
vt 0.781365 0.038154
vt 0.999621 0.036971
vt 0.623502 0.025330
vt 0.276493 0.562155
vt 0.788572 0.693969
vt 0.874842 0.190687
vt 0.063783 0.235955
vt 0.053531 0.207821
vt 0.719145 0.634474
vt 0.011620 0.877103
vt 0.028205 0.873179
vt 0.039068 0.843554
vt 0.782123 0.628959
vt 0.255556 0.810105
vt 0.255556 0.819634
vt 0.258316 0.824331
vt 0.258316 0.814802
vt 0.687335 0.763835
vt 0.684441 0.753053
vt 0.698879 0.753468
vt 0.698265 0.764159
vt 0.687524 0.742443
vt 0.698879 0.742758
vt 0.686837 0.784255
vt 0.696344 0.786940
vt 0.688667 0.722030
vt 0.698270 0.719904
vt 0.639537 0.719905
vt 0.578122 0.719905
vt 0.398876 0.795799
vt 0.389947 0.801180
vt 0.398876 0.811606
vt 0.496852 0.817431
vt 0.498909 0.828513
vt 0.508262 0.829185
vt 0.509431 0.818442
vt 0.253400 0.820305
vt 0.256159 0.825002
vt 0.505566 0.786948
vt 0.499726 0.807495
vt 0.507364 0.807849
vt 0.509990 0.787616
vt 0.494663 0.847843
vt 0.496993 0.828157
vt 0.506347 0.828828
vt 0.512509 0.845379
vt 0.486330 0.744799
vt 0.493465 0.744596
vt 0.477898 0.724371
vt 0.485206 0.725458
vt 0.507242 0.818082
vt 0.505870 0.807574
vt 0.508269 0.787782
vt 0.514064 0.846030
vt 0.392664 0.818476
vt 0.394577 0.819567
vt 0.494663 0.817071
vt 0.498231 0.807220
vt 0.392667 0.802948
vt 0.497266 0.847553
vt 0.503845 0.787114
vt 0.506833 0.852277
vt 0.703862 0.617878
vt 0.783119 0.612379
s 1
usemtl Skin
f 882/9/3 244/10/3 247/11/3 887/12/3
f 272/58/18 44/59/18 42/60/18 274/1/18
f 637/136/46 577/137/46 45/138/46 273/139/46
f 271/2/50 70/151/50 43/152/50 275/153/50
f 576/157/53 43/158/53 47/159/53 578/160/53
f 42/161/54 44/162/54 48/163/54 46/164/54
f 70/165/55 42/161/55 46/164/55 71/166/55
f 44/162/56 45/167/56 49/168/56 48/163/56
f 48/163/57 49/168/57 51/169/57 50/170/57
f 223/171/58 222/172/58 54/173/58
f 56/174/59 73/175/59 60/176/59
f 582/177/60 58/178/60 69/179/60 583/180/60
f 581/181/61 59/182/61 278/183/61 236/184/61 601/185/61
f 229/186/62 226/187/62 55/188/62 276/189/62
f 71/190/63 46/191/63 57/192/63 74/193/63
f 46/164/64 48/163/64 50/170/64 57/194/64
f 49/195/65 579/196/65 580/197/65 67/198/65
f 228/199/66 279/200/66 59/201/66 254/202/66 255/203/66
f 58/178/67 582/177/67 599/204/67 230/205/67
f 49/195/68 67/198/68 51/206/68
f 69/179/75 58/178/75 251/222/75
f 227/223/76 229/186/76 73/175/76 56/174/76
f 593/224/77 213/225/77 59/201/77 581/226/77
f 43/158/78 70/227/78 71/228/78 47/159/78
f 247/11/83 81/239/83 80/240/83 245/241/83
f 247/11/84 244/10/84 79/242/84 81/239/84
f 80/243/85 86/244/85 139/245/85 75/246/85
f 75/246/86 139/245/86 84/247/86 76/248/86
f 1/249/87 77/250/87 82/251/87
f 1/252/88 82/253/88 78/254/88 246/255/88
f 78/254/89 141/256/89 136/257/89 79/258/89
f 81/239/90 85/259/90 86/260/90 80/240/90
f 77/250/91 83/261/91 140/262/91 82/251/91
f 82/253/92 140/263/92 141/256/92 78/254/92
f 134/264/93 90/265/93 91/266/93 133/267/93
f 133/267/94 91/266/94 92/268/94 131/269/94
f 135/270/95 95/271/95 93/272/95 137/273/95
f 87/274/96 88/275/96 95/271/96 135/270/96
f 131/276/97 92/277/97 88/278/97 138/279/97
f 92/277/98 100/280/98 101/281/98 88/278/98
f 95/271/99 97/282/99 94/283/99 93/272/99
f 90/265/100 98/284/100 99/285/100 91/266/100
f 91/266/101 99/285/101 100/286/101 92/268/101
f 88/275/102 101/287/102 97/282/102 95/271/102
f 102/288/103 103/289/103 104/290/103 96/291/103
f 98/284/104 90/265/104 96/292/104
f 100/280/105 110/293/105 107/294/105 101/281/105
f 137/273/106 93/272/106 89/295/106 132/296/106
f 97/282/107 105/297/107 106/298/107 94/283/107
f 101/287/108 107/299/108 105/297/108 97/282/108
f 98/284/109 108/300/109 109/301/109 99/285/109
f 96/292/110 104/302/110 108/300/110 98/284/110
f 99/285/111 109/301/111 110/303/111 100/286/111
f 104/304/112 103/305/112 112/306/112 111/307/112
f 94/283/113 106/298/113 103/308/113 102/309/113
f 110/293/114 120/310/114 116/311/114 107/294/114
f 106/298/115 113/312/115 112/313/115 103/308/115
f 105/297/116 114/314/116 115/315/116 106/298/116
f 107/299/117 116/316/117 114/314/117 105/297/117
f 112/306/118 122/317/118 121/318/118 111/307/118
f 108/300/119 117/319/119 118/320/119 109/301/119
f 104/302/120 111/321/120 119/322/120 108/300/120
f 109/301/121 118/320/121 120/323/121 110/303/121
f 108/324/122 119/325/122 113/326/122 106/327/122
f 106/328/123 115/329/123 117/330/123 108/331/123
f 113/332/124 119/333/124 130/334/124 123/335/124
f 113/312/125 123/336/125 122/337/125 112/313/125
f 120/310/126 127/338/126 126/339/126 116/311/126
f 114/314/127 124/340/127 125/341/127 115/315/127
f 116/316/128 126/342/128 124/340/128 114/314/128
f 117/330/129 115/329/129 125/343/129 128/344/129
f 117/319/130 128/345/130 129/346/131 118/320/131
f 121/347/132 122/348/132 123/349/132 130/350/132
f 111/321/133 121/351/133 130/352/133 119/322/133
f 118/320/131 129/346/131 127/353/134 120/323/134
f 128/345/135 125/341/135 124/340/135 129/346/135
f 126/342/136 127/353/136 129/346/136 124/340/136
f 89/354/137 102/288/137 96/291/137 90/355/137
f 94/283/138 102/309/138 89/295/138 93/272/138
f 89/354/139 90/355/139 134/356/139 132/357/139
f 137/273/140 139/358/140 86/260/140 135/270/140
f 88/278/141 87/359/141 138/279/141
f 135/270/142 86/260/142 85/259/142 87/274/142
f 76/360/143 84/361/143 83/261/143 77/250/143
f 133/267/144 140/262/144 83/261/144 134/264/144
f 131/269/145 141/362/145 140/262/145 133/267/145
f 138/279/146 136/257/146 141/256/146 131/276/146
f 87/274/147 85/259/147 136/363/147 138/364/147
f 134/365/148 83/366/148 84/247/148 132/367/148
f 132/367/210 84/247/210 139/245/210 137/470/210
f 211/471/211 219/472/211 221/473/211
f 74/474/212 57/194/212 217/475/212
f 213/476/213 593/477/213 596/478/213 220/479/213
f 59/201/214 213/225/214 212/480/214 254/202/214
f 595/481/215 216/482/215 214/483/215 594/484/215
f 57/194/216 50/170/216 215/485/216
f 217/475/217 57/194/217 215/485/217 277/486/217
f 226/187/218 223/171/218 54/173/218 55/188/218
f 211/471/219 214/483/219 231/487/219 210/488/219
f 214/483/220 216/482/220 231/487/220
f 216/489/221 253/490/221 231/491/221
f 594/484/222 214/483/222 211/471/222 558/492/222
f 72/493/223 53/494/223 233/495/223 232/496/223
f 220/479/224 596/478/224 598/497/224 224/498/224
f 212/480/225 213/225/225 220/499/225 218/500/225
f 210/488/226 212/480/226 218/500/226 219/472/226
f 558/492/227 211/471/227 221/473/227 597/501/227
f 52/502/228 50/170/228 223/171/228 226/187/228
f 53/494/229 72/493/229 229/186/229 227/223/229
f 221/473/230 219/472/230 225/503/230 224/504/230
f 218/505/231 220/479/231 224/498/231 225/506/231
f 219/507/232 218/508/232 225/509/232
f 597/501/233 221/473/233 224/504/233 598/510/233
f 58/178/234 228/199/234 255/203/234 256/511/234
f 72/493/235 52/502/235 226/187/235 229/186/235
f 50/170/236 51/169/236 222/172/236 223/171/236
f 230/512/237 228/513/237 58/514/237
f 210/488/238 231/487/238 233/515/238
f 72/493/239 232/496/239 277/486/239
f 233/495/240 231/491/240 232/496/240
f 233/515/241 53/516/241 212/480/241 210/488/241
f 50/170/242 52/502/242 215/485/242
f 578/517/243 47/518/243 234/519/243 600/520/243
f 600/520/244 234/519/244 216/521/244 595/522/244
f 47/518/245 252/523/245 234/519/245
f 74/474/246 217/475/246 253/490/246 252/524/246
f 601/525/247 236/526/247 235/527/247 602/528/247
f 230/205/248 599/204/248 602/528/248 235/527/248
f 889/529/249 75/530/249 76/360/249 890/531/249
f 887/532/250 247/533/250 245/534/250 884/535/250
f 886/537/254 1/252/254 883/539/254
f 890/531/255 76/360/255 77/250/255 888/542/255
f 79/242/256 136/363/256 85/259/256 81/239/256
f 79/242/269 244/10/269 246/560/269 78/561/269
f 75/246/270 245/534/270 80/243/270
f 249/567/275 251/222/275 250/568/275
f 250/568/276 251/222/276 60/569/276
f 251/222/277 56/570/277 60/569/277
f 56/570/278 251/222/279 256/511/278
f 59/201/280 279/200/280 283/571/280 282/572/280
f 252/523/281 253/573/281 216/521/281 234/519/281
f 231/491/282 253/490/282 217/475/282 232/496/282
f 252/523/283 47/518/283 71/190/283 74/193/283
f 256/511/284 255/203/284 227/574/284 56/570/284
f 256/511/278 251/222/279 58/178/285
f 255/203/286 254/202/286 53/516/286 227/574/286
f 254/202/287 212/480/287 53/516/287
f 69/179/302 251/222/302 249/567/302
f 583/180/303 69/179/303 249/567/303 610/579/303
f 60/176/304 73/175/304 248/580/304 250/581/304
f 219/472/305 211/471/305 210/488/305
f 43/158/306 576/157/306 633/406/306 275/405/306
f 44/59/308 272/58/308 273/150/308 45/584/308
f 42/60/311 70/151/311 271/2/311 274/1/311
f 52/502/313 72/493/313 277/486/313 215/485/313
f 217/475/314 277/486/314 232/496/314
f 278/585/315 280/586/315 235/587/315 236/588/315
f 230/512/316 280/586/316 279/589/316 228/513/316
f 282/590/317 283/591/317 284/592/317 281/593/317
f 280/594/318 278/595/318 281/596/318 284/597/318
f 279/598/319 280/599/319 284/600/319 283/601/319
f 278/183/320 59/182/320 282/602/320 281/603/320
f 235/587/321 280/586/321 230/512/321
f 577/137/322 579/196/322 49/195/322 45/138/322
f 891/238/380 896/237/380 569/702/380 566/703/380
f 634/739/390 636/698/390 363/740/390 365/741/390
f 637/136/416 635/805/416 366/806/416 577/137/416
f 632/701/420 638/816/420 364/817/420 391/818/420
f 576/157/423 578/160/423 368/822/423 364/823/423
f 363/824/424 367/825/424 369/826/424 365/827/424
f 391/828/425 392/829/425 367/825/425 363/824/425
f 365/827/426 369/826/426 370/830/426 366/831/426
f 369/826/427 371/832/427 372/833/427 370/830/427
f 544/834/428 375/835/428 543/836/428
f 377/837/429 381/838/429 394/839/429
f 582/177/430 583/180/430 390/840/430 379/841/430
f 581/181/431 601/185/431 557/842/431 641/843/431 380/844/431
f 550/845/432 639/846/432 376/847/432 547/848/432
f 392/849/433 395/850/433 378/851/433 367/852/433
f 367/825/434 378/853/434 371/832/434 369/826/434
f 370/854/435 388/855/435 580/197/435 579/196/435
f 549/856/436 616/857/436 615/858/436 380/859/436 642/860/436
f 379/841/437 551/861/437 599/204/437 582/177/437
f 370/854/438 372/862/438 388/855/438
f 390/840/445 612/874/445 379/841/445
f 548/875/446 377/837/446 394/839/446 550/845/446
f 593/224/447 581/226/447 380/859/447 534/876/447
f 364/823/448 368/822/448 392/877/448 391/878/448
f 569/702/452 567/883/452 401/884/452 402/885/452
f 569/702/453 402/885/453 400/886/453 566/703/453
f 401/887/454 396/888/454 460/889/454 407/890/454
f 396/888/455 397/891/455 405/892/455 460/889/455
f 322/893/456 403/894/456 398/895/456
f 322/896/457 568/897/457 399/898/457 403/899/457
f 399/900/458 400/886/458 457/901/458 462/902/458
f 402/885/459 401/884/459 407/903/459 406/904/459
f 398/905/460 403/906/460 461/907/460 404/908/460
f 403/909/461 399/910/461 462/911/461 461/912/461
f 455/913/462 454/914/462 412/915/462 411/916/462
f 454/914/463 452/917/463 413/918/463 412/915/463
f 456/919/464 458/920/464 414/921/464 416/922/464
f 408/923/465 456/919/465 416/922/465 409/924/465
f 452/925/466 459/926/466 409/927/466 413/928/466
f 413/928/467 409/927/467 422/929/467 421/930/467
f 416/922/468 414/921/468 415/931/468 418/932/468
f 411/916/469 412/915/469 420/933/469 419/934/469
f 412/915/470 413/918/470 421/935/470 420/933/470
f 409/924/471 416/922/471 418/932/471 422/936/471
f 423/937/472 417/938/472 425/939/472 424/940/472
f 419/934/473 417/941/473 411/916/473
f 421/930/474 422/929/474 428/942/474 431/943/474
f 458/920/475 453/944/475 410/945/475 414/921/475
f 418/932/476 415/931/476 427/946/476 426/947/476
f 422/936/477 418/932/477 426/947/477 428/948/477
f 419/934/478 420/933/478 430/949/478 429/950/478
f 417/941/479 419/934/479 429/950/479 425/951/479
f 420/933/480 421/935/480 431/952/480 430/949/480
f 425/953/481 432/954/481 433/955/481 424/956/481
f 415/931/482 423/957/482 424/958/482 427/946/482
f 431/943/483 428/942/483 437/959/483 441/960/483
f 427/946/484 424/958/484 433/961/484 434/962/484
f 426/947/485 427/946/485 436/963/485 435/964/485
f 428/948/486 426/947/486 435/964/486 437/965/486
f 433/955/487 432/954/487 442/966/487 443/967/487
f 429/950/488 430/949/488 439/968/488 438/969/488
f 425/951/489 429/950/489 440/970/489 432/971/489
f 430/949/490 431/952/490 441/972/490 439/968/490
f 429/973/491 427/974/491 434/975/491 440/976/491
f 427/977/492 429/978/492 438/979/492 436/980/492
f 434/981/493 444/982/493 451/983/493 440/984/493
f 434/962/494 433/961/494 443/985/494 444/986/494
f 441/960/495 437/959/495 447/987/495 448/988/495
f 435/964/496 436/963/496 446/989/496 445/990/496
f 437/965/497 435/964/497 445/990/497 447/991/497
f 438/979/498 449/992/498 446/993/498 436/980/498
f 438/969/499 439/968/500 450/994/501 449/995/499
f 442/996/502 451/997/502 444/998/502 443/999/502
f 432/971/503 440/970/503 451/1000/503 442/1001/503
f 439/968/500 441/972/504 448/1002/504 450/994/501
f 449/995/505 450/994/505 445/990/505 446/989/505
f 447/991/506 445/990/506 450/994/506 448/1002/506
f 410/1003/507 411/1004/507 417/938/507 423/937/507
f 415/931/508 414/921/508 410/945/508 423/957/508
f 410/1003/509 453/1005/509 455/1006/509 411/1004/509
f 458/920/510 456/919/510 407/903/510 460/1007/510
f 409/927/511 459/926/511 408/1008/511
f 456/919/512 408/923/512 406/904/512 407/903/512
f 397/1009/513 398/905/513 404/908/513 405/1010/513
f 454/914/514 455/913/514 404/908/514 461/907/514
f 452/917/515 454/914/515 461/907/515 462/902/515
f 459/926/516 452/925/516 462/1011/516 457/1012/516
f 408/923/517 459/1013/517 457/901/517 406/904/517
f 455/1014/518 453/1015/518 405/892/518 404/1016/518
f 453/1015/575 458/1102/575 460/889/575 405/892/575
f 532/1103/576 542/1104/576 540/1105/576
f 395/1106/577 538/1107/577 378/853/577
f 534/1108/578 541/1109/578 596/478/578 593/477/578
f 380/859/579 615/858/579 533/1110/579 534/876/579
f 595/481/580 594/484/580 535/1111/580 537/1112/580
f 378/853/581 536/1113/581 371/832/581
f 538/1107/582 640/1114/582 536/1113/582 378/853/582
f 547/848/583 376/847/583 375/835/583 544/834/583
f 532/1103/584 531/1115/584 552/1116/584 535/1111/584
f 535/1111/585 552/1116/585 537/1112/585
f 537/1117/586 552/1118/586 614/1119/586
f 594/484/587 558/492/587 532/1103/587 535/1111/587
f 393/1120/588 553/1121/588 554/1122/588 374/1123/588
f 541/1109/589 545/1124/589 598/497/589 596/478/589
f 533/1110/590 539/1125/590 541/1126/590 534/876/590
f 531/1115/226 540/1105/226 539/1125/226 533/1110/226
f 558/492/591 597/501/591 542/1104/591 532/1103/591
f 373/1127/592 547/848/592 544/834/592 371/832/592
f 374/1123/593 548/875/593 550/845/593 393/1120/593
f 542/1104/594 545/1128/594 546/1129/594 540/1105/594
f 539/1130/595 546/1131/595 545/1124/595 541/1109/595
f 540/1132/596 546/1133/596 539/1134/596
f 597/501/597 598/510/597 545/1128/597 542/1104/597
f 379/841/598 617/1135/598 616/857/598 549/856/598
f 393/1120/599 550/845/599 547/848/599 373/1127/599
f 371/832/600 544/834/600 543/836/600 372/833/600
f 551/1136/601 379/1137/601 549/1138/601
f 531/1115/602 554/1139/602 552/1116/602
f 393/1120/603 640/1114/603 553/1121/603
f 554/1122/604 553/1121/604 552/1118/604
f 554/1139/605 531/1115/605 533/1110/605 374/1140/605
f 371/832/606 536/1113/606 373/1127/606
f 578/517/607 600/520/607 555/1141/607 368/1142/607
f 600/520/608 595/522/608 537/1143/608 555/1141/608
f 368/1142/609 555/1141/609 613/1144/609
f 395/1106/610 613/1145/610 614/1119/610 538/1107/610
f 601/525/611 602/528/611 556/1146/611 557/1147/611
f 551/861/612 556/1146/612 602/528/612 599/204/612
f 898/1148/613 899/1149/613 397/1009/613 396/1150/613
f 896/237/614 893/1151/614 567/883/614 569/702/614
f 895/1153/618 892/1156/618 322/893/618
f 899/1149/619 897/1159/619 398/905/619 397/1009/619
f 400/886/620 402/885/620 406/904/620 457/901/620
f 400/1172/632 399/1173/632 568/1174/632 566/1175/632
f 396/1176/633 401/1177/633 567/1178/633
f 609/1181/638 611/1182/638 612/874/638
f 611/1182/639 381/1183/639 612/874/639
f 612/874/640 381/1183/640 377/1184/640
f 377/1184/641 617/1135/641 612/874/642
f 380/859/643 645/1185/643 646/1186/643 642/860/643
f 613/1144/644 555/1141/644 537/1143/644 614/1187/644
f 552/1118/645 553/1121/645 538/1107/645 614/1119/645
f 613/1144/646 395/850/646 392/849/646 368/1142/646
f 617/1135/647 377/1184/647 548/1188/647 616/857/647
f 617/1135/641 379/841/648 612/874/642
f 616/857/649 548/1188/649 374/1140/649 615/858/649
f 615/858/650 374/1140/650 533/1110/650
f 390/840/665 609/1181/665 612/874/665
f 583/180/666 610/579/666 609/1181/666 390/840/666
f 381/838/667 611/1192/667 608/1193/667 394/839/667
f 540/1105/668 531/1115/668 532/1103/668
f 364/823/669 638/1050/669 633/406/669 576/157/669
f 365/741/671 366/1196/671 635/813/671 634/739/671
f 363/740/674 636/698/674 632/701/674 391/818/674
f 373/1127/676 536/1113/676 640/1114/676 393/1120/676
f 538/1107/677 553/1121/677 640/1114/677
f 641/1197/678 557/1198/678 556/1199/678 643/1200/678
f 551/1136/679 549/1138/679 642/1201/679 643/1200/679
f 645/1202/680 644/1203/680 647/1204/680 646/1205/680
f 643/1206/681 647/1207/681 644/1208/681 641/1209/681
f 642/1210/682 646/1211/682 647/1212/682 643/1213/682
f 641/843/683 644/1214/683 645/1215/683 380/844/683
f 556/1199/684 551/1136/684 643/1200/684
f 577/137/685 366/806/685 370/854/685 579/196/685
f 812/1502/840 802/1503/840 803/1504/840 813/1505/840
f 823/1506/841 818/1507/841 807/1508/841 814/1509/841
f 814/1510/842 807/1511/842 805/1512/842 815/1513/842
f 827/1514/843 824/1515/843 802/1516/843
f 820/1517/844 806/1518/844 804/1519/844 819/1520/844
f 825/1521/845 803/1522/845 802/1523/845 824/1524/845
f 818/1507/846 809/1525/846 811/1526/846 821/1527/846
f 828/1528/847 826/1529/847 817/1530/847 808/1531/847
f 822/1532/848 821/1527/848 811/1526/848 816/1533/848
f 826/1534/849 825/1535/849 809/1525/849 817/1536/849
f 810/1537/850 816/1538/850 827/1539/850 831/1540/850
f 819/1541/851 822/1532/851 816/1533/851 810/1542/851
f 806/1543/852 814/1510/852 815/1513/852 804/1544/852
f 820/1545/853 823/1506/853 814/1509/853 806/1546/853
f 808/1547/854 817/1536/854 823/1506/854 820/1545/854
f 804/1548/855 815/1549/855 822/1532/855 819/1541/855
f 815/1549/856 805/1550/856 821/1527/856 822/1532/856
f 807/1508/857 818/1507/857 821/1527/857 805/1550/857
f 808/1551/858 820/1517/858 819/1520/858 810/1552/858
f 817/1536/859 809/1525/859 818/1507/859 823/1506/859
f 830/1553/860 827/1554/860 812/1502/860
f 828/1555/861 808/1551/861 810/1552/861 831/1556/861
f 813/1505/862 803/1504/862 826/1557/862
f 809/1558/863 825/1521/863 824/1524/863 811/1559/863
f 816/1533/864 811/1526/864 824/1560/864 827/1561/864
f 826/1562/865 803/1563/865 825/1564/865
f 802/1503/866 812/1502/866 827/1554/866
f 813/1505/867 826/1557/867 829/1565/867
f 828/1528/868 829/1566/868 826/1529/868
f 830/1567/869 831/1540/869 827/1539/869
f 828/1568/870 831/1569/870 830/1553/870 829/1565/870
f 813/1505/871 829/1565/871 830/1553/871 812/1502/871
f 842/1570/872 843/1571/872 833/1572/872 832/1573/872
f 853/1574/873 844/1575/873 837/1576/873 848/1577/873
f 844/1578/874 845/1579/874 835/1580/874 837/1581/874
f 857/1582/875 832/1583/875 854/1584/875
f 850/1585/876 849/1586/876 834/1587/876 836/1588/876
f 855/1589/877 854/1590/877 832/1591/877 833/1592/877
f 848/1577/878 851/1593/878 841/1594/878 839/1595/878
f 858/1596/879 838/1597/879 847/1598/879 856/1599/879
f 852/1600/880 846/1601/880 841/1594/880 851/1593/880
f 856/1602/881 847/1603/881 839/1595/881 855/1604/881
f 840/1605/882 861/1606/882 857/1607/882 846/1608/882
f 849/1609/883 840/1610/883 846/1601/883 852/1600/883
f 836/1611/884 834/1612/884 845/1579/884 844/1578/884
f 850/1613/885 836/1614/885 844/1575/885 853/1574/885
f 838/1615/886 850/1613/886 853/1574/886 847/1603/886
f 834/1616/887 849/1609/887 852/1600/887 845/1617/887
f 845/1617/888 852/1600/888 851/1593/888 835/1618/888
f 837/1576/889 835/1618/889 851/1593/889 848/1577/889
f 838/1619/890 840/1620/890 849/1586/890 850/1585/890
f 847/1603/891 853/1574/891 848/1577/891 839/1595/891
f 860/1621/892 842/1570/892 857/1622/892
f 858/1623/893 861/1624/893 840/1620/893 838/1619/893
f 843/1571/894 856/1625/894 833/1572/894
f 839/1626/895 841/1627/895 854/1590/895 855/1589/895
f 846/1601/896 857/1628/896 854/1629/896 841/1594/896
f 856/1630/897 855/1631/897 833/1632/897
f 832/1573/898 857/1622/898 842/1570/898
f 843/1571/899 859/1633/899 856/1625/899
f 858/1596/900 856/1599/900 859/1634/900
f 860/1635/901 857/1607/901 861/1606/901
f 858/1636/902 859/1633/902 860/1621/902 861/1637/902
f 843/1571/903 842/1570/903 860/1621/903 859/1633/903
f 244/10/925 882/9/925 885/1659/925 246/560/925
f 1/252/926 246/255/926 885/540/926 883/539/926
f 75/246/927 889/538/927 884/535/927 245/534/927
f 77/1661/930 1/252/930 886/537/930 888/536/930
f 566/703/934 568/1663/934 894/1662/934 891/238/934
f 322/893/935 892/1156/935 894/1158/935 568/1664/935
f 396/1665/936 567/1666/936 893/1155/936 898/1154/936
f 398/895/939 897/1152/939 895/1153/939 322/893/939
usemtl Eyes
f 698/1290/742 711/1291/742 710/1292/742
f 699/1293/743 711/1294/743 713/1295/743
f 698/1290/744 710/1292/744 715/1296/744
f 698/1290/745 715/1296/745 717/1297/745
f 698/1290/746 717/1297/746 714/1298/746
f 699/1293/747 713/1295/747 720/1299/747
f 700/1300/748 712/1301/748 722/1302/748
f 701/1303/749 716/1304/749 724/1305/749
f 702/1306/750 718/1307/750 726/1308/750
f 703/1309/751 719/1310/751 728/1311/751
f 699/1293/752 720/1299/752 723/1312/752
f 700/1300/753 722/1302/753 725/1313/753
f 701/1303/754 724/1305/754 727/1314/754
f 702/1306/755 726/1308/755 729/1315/755
f 703/1316/756 728/1317/756 721/1318/756
f 704/1319/757 730/1320/757 735/1321/757
f 705/1322/758 731/1323/758 737/1324/758
f 706/1325/759 732/1326/759 738/1327/759
f 707/1328/760 733/1329/760 739/1330/760
f 708/1331/761 734/1332/761 736/1333/761
f 736/1334/762 739/1335/762 709/1336/762
f 736/1334/763 734/1337/763 739/1335/763
f 734/1337/764 707/1338/764 739/1335/764
f 739/1335/765 738/1339/765 709/1336/765
f 739/1335/766 733/1340/766 738/1339/766
f 733/1340/767 706/1341/767 738/1339/767
f 738/1339/768 737/1324/768 709/1336/768
f 738/1339/769 732/1342/769 737/1324/769
f 732/1326/770 705/1343/770 737/1344/770
f 737/1324/771 735/1321/771 709/1336/771
f 737/1324/772 731/1323/772 735/1321/772
f 731/1345/773 704/1346/773 735/1347/773
f 735/1321/774 736/1334/774 709/1336/774
f 735/1321/775 730/1320/775 736/1334/775
f 730/1348/776 708/1331/776 736/1333/776
f 721/1318/777 734/1332/777 708/1331/777
f 721/1318/778 728/1317/778 734/1332/778
f 728/1311/779 707/1328/779 734/1349/779
f 729/1315/780 733/1329/780 707/1328/780
f 729/1315/781 726/1308/781 733/1329/781
f 726/1308/782 706/1350/782 733/1329/782
f 727/1314/783 732/1326/783 706/1325/783
f 727/1314/784 724/1305/784 732/1326/784
f 724/1305/785 705/1343/785 732/1326/785
f 725/1313/786 731/1345/786 705/1351/786
f 725/1313/787 722/1302/787 731/1345/787
f 722/1302/788 704/1346/788 731/1345/788
f 723/1352/789 730/1353/789 704/1346/789
f 723/1312/790 720/1299/790 730/1348/790
f 720/1299/791 708/1331/791 730/1348/791
f 728/1311/792 729/1315/792 707/1328/792
f 728/1311/793 719/1310/793 729/1315/793
f 719/1310/794 702/1306/794 729/1315/794
f 726/1354/795 727/1314/795 706/1325/795
f 726/1354/796 718/1355/796 727/1314/796
f 718/1355/797 701/1303/797 727/1314/797
f 724/1305/798 725/1356/798 705/1343/798
f 724/1305/799 716/1304/799 725/1356/799
f 716/1357/800 700/1300/800 725/1313/800
f 722/1302/801 723/1352/801 704/1346/801
f 722/1302/802 712/1301/802 723/1352/802
f 712/1301/803 699/1358/803 723/1352/803
f 720/1299/804 721/1318/804 708/1331/804
f 720/1299/805 713/1295/805 721/1318/805
f 713/1295/806 703/1316/806 721/1318/806
f 714/1298/807 719/1359/807 703/1360/807
f 714/1298/808 717/1297/808 719/1359/808
f 717/1361/809 702/1306/809 719/1310/809
f 717/1297/810 718/1362/810 702/1363/810
f 717/1297/811 715/1296/811 718/1362/811
f 715/1364/812 701/1303/812 718/1355/812
f 715/1364/813 716/1304/813 701/1303/813
f 715/1296/814 710/1292/814 716/1365/814
f 710/1292/815 700/1366/815 716/1365/815
f 713/1295/816 714/1367/816 703/1316/816
f 713/1368/817 711/1291/817 714/1298/817
f 711/1291/818 698/1290/818 714/1298/818
f 710/1369/819 712/1301/819 700/1300/819
f 710/1292/820 711/1291/820 712/1370/820
f 711/1291/821 699/1371/821 712/1370/821
f 750/1396/746 762/1397/746 763/1398/746
f 751/1399/816 765/1400/816 763/1401/816
f 750/1396/745 767/1402/745 762/1397/745
f 750/1396/744 769/1403/744 767/1402/744
f 750/1396/742 766/1404/742 769/1403/742
f 751/1399/806 772/1405/806 765/1400/806
f 752/1406/794 774/1407/794 764/1408/794
f 753/1409/797 776/1410/797 768/1411/797
f 754/1412/800 778/1413/800 770/1414/800
f 755/1415/803 780/1416/803 771/1417/803
f 751/1399/756 775/1418/756 772/1405/756
f 752/1406/755 777/1419/755 774/1407/755
f 753/1409/754 779/1420/754 776/1410/754
f 754/1412/753 781/1421/753 778/1413/753
f 755/1422/752 773/1423/752 780/1424/752
f 756/1425/764 787/1426/764 782/1427/764
f 757/1428/767 789/1429/767 783/1430/767
f 758/1431/770 790/1432/770 784/1433/770
f 759/1434/773 791/1435/773 785/1436/773
f 760/1437/776 788/1438/776 786/1439/776
f 788/1440/774 761/1441/774 791/1442/774
f 788/1440/775 791/1442/775 786/1443/775
f 786/1443/757 791/1442/757 759/1444/757
f 791/1442/771 761/1441/771 790/1445/771
f 791/1442/772 790/1445/772 785/1446/772
f 785/1446/758 790/1445/758 758/1447/758
f 790/1445/768 761/1441/768 789/1429/768
f 790/1445/769 789/1429/769 784/1448/769
f 784/1433/759 789/1449/759 757/1450/759
f 789/1429/765 761/1441/765 787/1426/765
f 789/1429/766 787/1426/766 783/1430/766
f 783/1451/760 787/1452/760 756/1453/760
f 787/1426/762 761/1441/762 788/1440/762
f 787/1426/763 788/1440/763 782/1427/763
f 782/1454/761 788/1438/761 760/1437/761
f 773/1423/791 760/1437/791 786/1439/791
f 773/1423/790 786/1439/790 780/1424/790
f 780/1416/789 786/1455/789 759/1434/789
f 781/1421/788 759/1434/788 785/1436/788
f 781/1421/787 785/1436/787 778/1413/787
f 778/1413/786 785/1436/786 758/1456/786
f 779/1420/785 758/1431/785 784/1433/785
f 779/1420/784 784/1433/784 776/1410/784
f 776/1410/783 784/1433/783 757/1450/783
f 777/1419/782 757/1457/782 783/1451/782
f 777/1419/781 783/1451/781 774/1407/781
f 774/1407/780 783/1451/780 756/1453/780
f 775/1458/779 756/1453/779 782/1459/779
f 775/1418/778 782/1454/778 772/1405/778
f 772/1405/777 782/1454/777 760/1437/777
f 780/1416/801 759/1434/801 781/1421/801
f 780/1416/802 781/1421/802 771/1417/802
f 771/1417/748 781/1421/748 754/1412/748
f 778/1460/798 758/1431/798 779/1420/798
f 778/1460/799 779/1420/799 770/1461/799
f 770/1461/749 779/1420/749 753/1409/749
f 776/1410/795 757/1450/795 777/1462/795
f 776/1410/796 777/1462/796 768/1411/796
f 768/1463/750 777/1419/750 752/1406/750
f 774/1407/792 756/1453/792 775/1458/792
f 774/1407/793 775/1458/793 764/1408/793
f 764/1408/751 775/1458/751 751/1464/751
f 772/1405/804 760/1437/804 773/1423/804
f 772/1405/805 773/1423/805 765/1400/805
f 765/1400/747 773/1423/747 755/1422/747
f 766/1404/821 755/1465/821 771/1466/821
f 766/1404/820 771/1466/820 769/1403/820
f 769/1467/819 771/1417/819 754/1412/819
f 769/1403/815 754/1468/815 770/1469/815
f 769/1403/814 770/1469/814 767/1402/814
f 767/1470/813 770/1461/813 753/1409/813
f 767/1470/812 753/1409/812 768/1411/812
f 767/1402/811 768/1471/811 762/1397/811
f 762/1397/810 768/1471/810 752/1472/810
f 765/1400/743 755/1422/743 766/1473/743
f 765/1474/817 766/1404/817 763/1398/817
f 763/1398/818 766/1404/818 750/1396/818
f 762/1475/809 752/1406/809 764/1408/809
f 762/1397/808 764/1476/808 763/1398/808
f 763/1398/807 764/1476/807 751/1477/807
usemtl Hair
f 250/622/331 248/623/331 291/624/331 293/625/331
f 249/567/333 250/568/333 293/628/333 299/629/333
f 610/579/336 249/567/336 299/629/336 662/636/336
f 301/641/339 303/645/339 307/646/339 297/647/339
f 316/648/340 683/649/340 681/650/340 315/651/340
f 303/652/341 311/653/341 310/654/341 307/655/341
f 682/656/342 314/657/342 315/651/342 681/650/342
f 292/658/343 312/659/343 300/660/343
f 307/655/344 310/654/344 292/658/344 306/661/344
f 678/662/345 309/663/345 314/664/345 682/665/345
f 310/654/346 311/653/346 309/663/346 308/666/346
f 304/667/347 311/668/347 303/645/347
f 292/658/348 310/654/348 308/666/348 312/659/348
f 313/669/349 316/648/349 315/651/349 304/670/349
f 312/659/351 308/666/351 676/672/351 677/673/351
f 314/664/352 309/663/352 311/653/352 304/674/352
f 315/651/353 314/657/353 304/670/353
f 308/666/354 309/663/354 678/662/354 676/672/354
f 300/660/355 312/659/355 677/673/355 661/675/355
f 306/682/364 290/679/364 297/647/364 307/646/364
f 303/645/366 301/641/366 313/644/366 304/667/366
f 662/683/367 299/684/367 909/685/367 908/686/367
f 291/624/368 900/687/368 905/688/368 910/689/368
f 901/690/369 903/691/369 915/692/369 907/693/369
f 292/694/370 291/695/370 290/679/370 306/682/370
f 611/1232/694 657/1233/694 655/1234/694 608/1235/694
f 609/1181/696 666/1238/696 657/1239/696 611/1182/696
f 610/579/699 662/636/699 666/1238/699 609/1181/699
f 668/1248/702 663/1252/702 675/1253/702 670/1254/702
f 690/1255/703 689/1256/703 681/650/703 683/649/703
f 670/1257/704 675/1258/704 684/1259/704 685/1260/704
f 682/656/705 681/650/705 689/1256/705 688/1261/705
f 656/1262/706 667/1263/706 686/1264/706
f 675/1258/707 674/1265/707 656/1262/707 684/1259/707
f 678/662/708 682/665/708 688/1266/708 680/1267/708
f 684/1259/709 679/1268/709 680/1267/709 685/1260/709
f 671/1269/710 670/1254/710 685/1270/710
f 656/1262/711 686/1264/711 679/1268/711 684/1259/711
f 687/1271/712 671/1272/712 689/1256/712 690/1255/712
f 686/1264/714 677/673/714 676/672/714 679/1268/714
f 688/1266/715 671/1274/715 685/1260/715 680/1267/715
f 689/1256/716 671/1272/716 688/1261/716
f 679/1268/717 676/672/717 678/662/717 680/1267/717
f 667/1263/718 661/675/718 677/673/718 686/1264/718
f 674/1280/727 675/1253/727 663/1252/727 654/1277/727
f 670/1254/729 671/1269/729 687/1249/729 668/1248/729
f 655/1234/730 657/1233/730 912/1281/730 914/1282/730
f 900/687/731 904/1283/731 916/1284/731 905/688/731
f 293/625/732 291/624/732 910/689/732 906/1285/732
f 656/1286/733 674/1280/733 654/1277/733 655/1287/733
f 746/1372/822 747/1373/822 742/1374/822
f 748/1375/823 749/1376/823 744/1377/823 743/1378/823
f 743/1379/824 744/1380/824 741/1381/824 740/1382/824
f 746/1383/825 748/1384/825 743/1385/825 740/1386/825
f 749/1387/826 747/1388/826 741/1389/826 744/1390/826
f 745/1391/827 742/1392/827 747/1388/827 749/1387/827
f 742/1392/828 745/1391/828 748/1384/828 746/1383/828
f 745/1393/829 749/1376/829 748/1375/829
f 740/1394/830 741/1395/830 747/1373/830 746/1372/830
f 798/1478/831 794/1479/831 799/1480/831
f 800/1481/832 795/1482/832 796/1483/832 801/1484/832
f 795/1485/833 792/1486/833 793/1487/833 796/1488/833
f 798/1489/834 792/1490/834 795/1491/834 800/1492/834
f 801/1493/835 796/1494/835 793/1495/835 799/1496/835
f 797/1497/836 801/1493/836 799/1496/836 794/1498/836
f 794/1498/837 798/1489/837 800/1492/837 797/1497/837
f 797/1499/838 800/1481/838 801/1484/838
f 792/1500/839 798/1478/839 799/1480/839 793/1501/839
f 910/1669/945 905/1670/945 917/1671/945 922/1672/945
f 903/1673/946 901/1674/946 661/1675/946 667/1676/946
f 901/1674/947 904/1677/947 300/1678/947 661/1675/947
f 902/1679/948 903/1673/948 667/1676/948 656/1680/948
f 904/1677/949 900/1681/949 292/1682/949 300/1678/949
f 900/1683/950 291/695/950 292/694/950
f 655/1287/951 902/1684/951 656/1286/951
f 914/1685/952 912/1686/952 926/1687/952
f 907/1688/953 915/1689/953 927/1690/953 919/1691/953
f 906/1692/954 910/1669/954 922/1672/954 918/1693/954
f 905/1694/955 916/1695/955 928/1696/955 917/1697/955
f 912/1698/956 913/1699/956 925/1700/956 924/1701/956
f 904/1283/957 901/690/957 907/693/957 916/1284/957
f 666/1702/958 662/683/958 908/686/958 913/1703/958
f 902/1704/959 655/1234/959 914/1282/959 911/1705/959
f 299/684/960 293/625/960 906/1285/960 909/685/960
f 903/691/961 902/1704/961 911/1705/961 915/692/961
f 657/1233/962 666/1702/962 913/1703/962 912/1281/962
f 920/1706/963 921/1707/963 928/1696/963 919/1691/963
f 921/1707/964 918/1708/964 917/1697/964 928/1696/964
f 918/1693/965 922/1672/965 917/1671/965
f 920/1706/966 919/1691/966 927/1690/966 925/1700/966
f 925/1700/967 927/1690/967 923/1709/967 924/1701/967
f 924/1710/968 923/1711/968 926/1687/968
f 916/1695/969 907/1688/969 919/1691/969 928/1696/969
f 908/1712/970 909/1713/970 921/1707/970 920/1706/970
f 911/1714/971 914/1685/971 926/1687/971
f 913/1699/972 908/1712/972 920/1706/972 925/1700/972
f 915/1689/973 911/1715/973 923/1709/973 927/1690/973
f 909/1713/974 906/1716/974 918/1708/974 921/1707/974
f 911/1715/975 926/1717/975 923/1709/975
f 926/1687/976 912/1686/976 924/1710/976
usemtl Hair2
f 67/604/323 580/605/323 649/606/323 285/607/323
f 229/608/324 276/609/324 289/610/324 294/611/324
f 51/612/325 67/604/325 285/607/325 288/613/325
f 55/614/326 54/615/327 286/616/328 287/617/326
f 73/618/329 229/608/329 294/611/329 295/619/329
f 248/620/330 73/618/330 295/619/330 291/621/330
f 276/626/332 55/614/332 287/617/332 289/627/332
f 222/630/334 51/631/334 288/632/334 296/633/334
f 54/615/327 222/634/335 296/635/335 286/616/328
f 298/637/337 665/638/337 673/639/337 305/640/337
f 301/641/338 286/642/338 302/643/338 313/644/338
f 296/633/350 298/637/350 305/640/350 302/671/350
f 302/671/356 305/640/356 316/648/356 313/669/356
f 288/632/357 285/676/357 298/637/357 296/633/357
f 285/676/358 649/677/358 665/638/358 298/637/358
f 286/642/359 296/678/359 302/643/359
f 305/640/360 673/639/360 683/649/360 316/648/360
f 290/679/361 289/680/362 287/681/363 297/647/363
f 286/642/365 301/641/365 297/647/365 287/681/365
f 291/695/371 295/696/371 289/680/362 290/679/361
f 294/697/372 289/680/372 295/696/372
f 388/1216/686 648/1217/686 649/606/686 580/605/686
f 550/1218/687 658/1219/687 653/1220/687 639/1221/687
f 372/1222/688 652/1223/688 648/1217/688 388/1216/688
f 376/1224/689 651/1225/689 650/1226/690 375/1227/691
f 394/1228/692 659/1229/692 658/1219/692 550/1218/692
f 608/1230/693 655/1231/693 659/1229/693 394/1228/693
f 639/1236/695 653/1237/695 651/1225/695 376/1224/695
f 543/1240/697 660/1241/697 652/1242/697 372/1243/697
f 375/1227/691 650/1226/690 660/1244/698 543/1245/698
f 664/1246/700 672/1247/700 673/639/700 665/638/700
f 668/1248/701 687/1249/701 669/1250/701 650/1251/701
f 660/1241/713 669/1273/713 672/1247/713 664/1246/713
f 669/1273/719 687/1271/719 690/1255/719 672/1247/719
f 652/1242/720 660/1241/720 664/1246/720 648/1275/720
f 648/1275/721 664/1246/721 665/638/721 649/677/721
f 650/1251/722 669/1250/722 660/1276/722
f 672/1247/723 690/1255/723 683/649/723 673/639/723
f 654/1277/724 663/1252/725 651/1278/725 653/1279/726
f 650/1251/728 651/1278/728 663/1252/728 668/1248/728
f 655/1287/734 654/1277/724 653/1279/726 659/1288/734
f 658/1289/735 659/1288/735 653/1279/735
usemtl Shirt
f 465/5/2 463/6/2 522/7/2 529/8/2
f 202/70/22 205/71/22 160/72/22 161/73/22
f 205/71/23 206/74/23 162/75/23 160/72/23
f 201/76/24 209/77/24 173/78/24 142/79/24
f 159/140/47 207/141/47 208/142/47 144/143/47
f 158/144/48 204/145/48 202/146/48 161/147/48
f 572/218/74 9/219/74 321/220/74 697/221/74
f 173/229/79 209/230/79 204/145/79 158/144/79
f 203/233/81 207/141/81 159/140/81 156/234/81
f 528/235/82 529/236/82 896/237/82 891/238/82
f 166/368/149 4/369/149 9/219/149 167/370/149
f 170/371/150 942/372/150 168/373/150 169/374/150
f 169/374/151 166/375/151 171/376/151 170/371/151
f 930/377/152 931/378/152 157/379/152 148/380/152
f 171/376/153 144/381/153 142/382/153 170/371/153
f 165/383/154 145/384/154 144/381/154 171/376/154
f 159/140/155 144/143/155 151/385/155
f 166/375/156 167/386/156 165/383/156 171/376/156
f 149/387/157 153/148/157 154/4/157 150/388/157
f 147/389/158 936/390/158 935/391/158 148/392/158
f 155/393/159 164/394/159 588/395/159 587/396/159
f 2/397/160 3/398/160 169/374/160 168/373/160
f 150/388/161 162/75/161 156/399/161 149/387/161
f 147/389/162 160/72/162 162/75/162 150/388/162
f 149/400/163 156/234/163 159/140/163 151/385/163
f 158/144/164 161/147/164 148/380/164 157/379/164
f 145/401/165 163/402/165 151/385/165 144/143/165
f 9/219/166 572/218/166 592/403/166 167/370/166
f 164/394/167 163/402/167 589/404/167 588/395/167
f 149/400/169 151/385/169 163/402/169 164/394/169
f 153/409/170 149/400/170 164/394/170 155/393/170
f 590/410/171 589/404/171 163/402/171 145/401/171
f 591/411/172 590/410/172 145/401/172 165/412/172
f 173/78/173 172/413/173 142/79/173
f 142/79/174 172/413/174 929/414/174 941/415/174
f 929/416/175 172/417/175 157/379/175 931/378/175
f 157/379/176 172/417/176 173/229/176 158/144/176
f 148/392/177 161/73/177 160/72/177 147/389/177
f 150/388/178 154/4/178 936/390/178 147/389/178
f 237/418/179 238/419/179 930/420/179 935/391/179
f 167/370/180 592/403/180 591/411/180 165/412/180
f 319/424/183 64/115/183 63/16/183 320/425/183
f 66/23/207 68/217/207 321/220/207 317/467/207
f 318/468/208 4/469/208 3/398/208 320/425/208
f 3/398/209 4/469/209 166/375/209 169/374/209
f 888/536/251 886/537/251 205/71/251 202/70/251
f 889/538/252 209/77/252 201/76/252 884/535/252
f 883/539/253 885/540/253 203/541/253 206/74/253
f 143/543/257 146/544/257 942/545/257 941/546/257
f 318/559/267 62/20/267 66/23/267 317/467/267
f 162/75/271 206/74/271 203/541/271 156/399/271
f 4/369/374 318/559/374 317/467/374 9/219/374
f 62/19/375 318/468/375 320/425/375 63/16/375
f 2/397/376 319/424/376 320/425/376 3/398/376
f 317/467/377 321/220/377 9/219/377
f 697/221/378 321/220/378 68/217/378 586/232/378
f 523/750/394 482/751/394 481/752/394 526/753/394
f 526/753/395 481/752/395 483/754/395 527/755/395
f 522/7/396 463/6/396 494/756/396 530/757/396
f 480/807/417 465/808/417 529/236/417 528/235/417
f 479/809/418 482/810/418 523/811/418 525/812/418
f 572/218/444 697/221/444 696/872/444 330/873/444
f 494/879/449 479/809/449 525/812/449 530/880/449
f 524/881/451 477/882/451 480/807/451 528/235/451
f 487/1017/519 488/1018/519 330/873/519 325/1019/519
f 491/1020/520 490/1021/520 489/1022/520 940/1023/520
f 490/1021/521 491/1020/521 492/1024/521 487/1025/521
f 933/1026/522 469/1027/522 478/1028/522 934/1029/522
f 492/1024/523 491/1020/523 463/1030/523 465/1031/523
f 486/1032/524 492/1024/524 465/1031/524 466/1033/524
f 480/807/525 472/1034/525 465/808/525
f 487/1025/526 492/1024/526 486/1032/526 488/1035/526
f 470/1036/527 471/1037/527 475/699/527 474/815/527
f 468/1038/528 469/1039/528 937/1040/528 938/1041/528
f 476/1042/529 587/396/529 588/395/529 485/1043/529
f 323/1044/530 489/1022/530 490/1021/530 324/1045/530
f 471/1037/531 470/1036/531 477/1046/531 483/754/531
f 468/1038/532 471/1037/532 483/754/532 481/752/532
f 470/1047/533 472/1034/533 480/807/533 477/882/533
f 479/809/534 478/1028/534 469/1027/534 482/810/534
f 466/1048/535 465/808/535 472/1034/535 484/1049/535
f 330/873/536 488/1018/536 592/403/536 572/218/536
f 485/1043/537 588/395/537 589/404/537 484/1049/537
f 470/1047/539 485/1043/539 484/1049/539 472/1034/539
f 474/1052/540 476/1042/540 485/1043/540 470/1047/540
f 590/410/541 466/1048/541 484/1049/541 589/404/541
f 591/411/542 486/1053/542 466/1048/542 590/410/542
f 494/756/543 463/6/543 493/1054/543
f 463/6/544 939/1055/544 932/1056/544 493/1054/544
f 932/1057/545 934/1029/545 478/1028/545 493/1058/545
f 478/1028/546 479/809/546 494/879/546 493/1058/546
f 469/1039/547 468/1038/547 481/752/547 482/751/547
f 471/1037/548 468/1038/548 938/1041/548 475/699/548
f 559/1059/549 937/1040/549 933/1060/549 560/1061/549
f 488/1018/550 486/1053/550 591/411/550 592/403/550
f 694/1065/553 695/1066/553 384/707/553 385/791/553
f 387/712/572 691/1099/572 696/872/572 389/871/572
f 692/1100/573 695/1066/573 324/1045/573 325/1101/573
f 324/1045/574 490/1021/574 487/1025/574 325/1101/574
f 897/1152/615 523/750/615 526/753/615 895/1153/615
f 898/1154/616 893/1155/616 522/7/616 530/757/616
f 892/1156/617 527/755/617 524/1157/617 894/1158/617
f 464/1160/621 939/1161/621 940/1162/621 467/1163/621
f 692/1171/630 691/1099/630 387/712/630 383/711/630
f 483/754/634 477/1046/634 524/1157/634 527/755/634
f 325/1019/737 330/873/737 691/1099/737 692/1171/737
f 383/708/738 384/707/738 695/1066/738 692/1100/738
f 323/1044/739 324/1045/739 695/1066/739 694/1065/739
f 691/1099/740 330/873/740 696/872/740
f 697/221/741 586/232/741 389/871/741 696/872/741
f 882/9/923 207/141/923 203/233/923 885/1659/923
f 204/145/924 890/531/924 888/542/924 202/146/924
f 205/71/928 886/537/928 883/539/928 206/74/928
f 208/1660/929 887/532/929 884/535/929 201/76/929
f 209/230/931 889/529/931 890/531/931 204/145/931
f 891/238/932 894/1662/932 524/881/932 528/235/932
f 525/812/933 523/811/933 897/1159/933 899/1149/933
f 526/753/937 527/755/937 892/1156/937 895/1153/937
f 529/8/938 522/7/938 893/1155/938 896/1667/938
f 530/880/940 525/812/940 899/1149/940 898/1148/940
f 207/141/941 882/9/941 887/12/941 208/142/941
f 144/1668/944 208/1660/944 201/76/944 142/79/944
f 143/543/977 929/416/977 931/378/977 239/553/977
f 238/554/978 239/553/978 931/378/978 930/377/978
f 464/1160/979 561/1166/979 934/1029/979 932/1057/979
f 560/1165/980 933/1026/980 934/1029/980 561/1166/980
f 936/390/981 154/4/981 152/3/981
f 935/391/982 936/390/982 152/3/982 237/418/982
f 935/391/179 930/420/179 148/392/179
f 933/1060/549 937/1040/549 469/1039/549
f 475/699/983 938/1041/983 473/700/983
f 938/1041/984 937/1040/984 559/1059/984 473/700/984
f 940/1162/985 489/1164/985 467/1163/985
f 932/1057/986 939/1161/986 464/1160/986
f 940/1023/987 939/1718/987 463/1030/987 491/1020/987
f 941/1719/988 942/372/988 170/371/988 142/382/988
f 168/547/989 942/545/989 146/544/989
f 941/546/990 929/416/990 143/543/990
usemtl Shirt2
f 274/1/1 271/2/1 152/3/1 154/4/1
f 272/58/49 153/148/49 155/149/49 273/150/49
f 275/405/168 633/406/168 571/407/168 237/408/168
f 168/547/258 146/544/258 605/548/258 604/549/258
f 146/544/259 143/543/259 606/550/259 605/548/259
f 603/551/260 607/552/260 239/553/261 238/554/261
f 143/543/262 239/553/262 607/552/262 606/550/262
f 238/554/272 237/408/272 571/407/272 603/551/272
f 693/562/273 585/563/273 64/14/273 319/564/273
f 168/547/274 604/549/274 570/565/274 2/566/274
f 152/582/307 271/583/307 275/405/307 237/408/307
f 587/396/309 637/136/309 273/139/309 155/393/309
f 153/148/310 272/58/310 274/1/310 154/4/310
f 570/565/373 693/562/373 319/564/373 2/566/373
f 636/698/379 475/699/379 473/700/379 632/701/379
f 634/739/419 635/813/419 476/814/419 474/815/419
f 638/1050/538 559/1051/538 571/407/538 633/406/538
f 489/1164/622 604/549/622 605/548/622 467/1163/622
f 467/1163/623 605/548/623 606/550/623 464/1160/623
f 603/551/260 560/1165/624 561/1166/624 607/552/260
f 464/1160/625 606/550/625 607/552/625 561/1166/625
f 560/1165/635 603/551/635 571/407/635 559/1051/635
f 693/562/636 694/1179/636 385/706/636 585/563/636
f 489/1164/637 323/1180/637 570/565/637 604/549/637
f 473/1194/670 559/1051/670 638/1050/670 632/1195/670
f 587/396/672 476/1042/672 635/805/672 637/136/672
f 474/815/673 475/699/673 636/698/673 634/739/673
f 570/565/736 323/1180/736 694/1179/736 693/562/736
usemtl Pants
f 8/13/4 64/14/4 65/15/4
f 63/16/5 5/17/5 6/18/5 62/19/5
f 62/20/6 6/21/6 30/22/6 66/23/6
f 240/24/7 20/25/7 33/26/7 243/27/7
f 266/32/9 11/33/9 12/34/9 267/35/9
f 575/36/10 14/37/11 61/38/11 584/39/12
f 18/40/13 182/41/13 184/42/13 19/43/13
f 267/44/14 12/45/14 31/46/14 269/47/14
f 268/61/19 15/62/19 10/63/19 265/64/19
f 17/65/20 33/26/20 20/25/20
f 15/62/25 13/80/26 16/81/27 34/82/27
f 243/85/28 241/86/28 10/87/28 32/88/28
f 31/46/30 12/45/30 17/91/30 29/92/30
f 270/93/31 265/94/31 10/87/31 241/86/31
f 12/34/32 11/33/32 33/26/32 17/65/32
f 32/95/33 34/82/33 18/40/33 19/43/33
f 260/96/34 259/97/34 177/98/34 176/99/34
f 13/100/35 31/46/35 29/92/35 16/101/35
f 262/102/36 263/103/36 178/104/36 174/105/36
f 264/106/37 7/107/37 30/22/37 269/47/37
f 64/115/40 8/116/40 5/17/40 63/16/40
f 259/97/45 258/134/45 179/135/45 177/98/45
f 29/92/51 17/91/51 185/154/51 186/155/51
f 264/156/52 13/80/26 15/62/25 268/61/52
f 61/212/70 8/13/70 65/15/70
f 584/213/71 61/212/71 65/15/71 573/214/71
f 183/215/72 20/25/72 240/24/72 242/216/72
f 7/107/73 68/217/73 66/23/73 30/22/73
f 7/107/80 574/231/80 586/232/80 68/217/80
f 261/421/181 260/422/181 176/124/181 175/123/181
f 16/81/182 181/423/182 182/41/182 18/40/182
f 33/26/184 11/33/184 241/426/184 243/27/184
f 257/427/185 184/42/185 182/41/185 261/421/185
f 257/428/186 263/103/186 242/429/186 184/430/186
f 262/431/187 258/432/187 185/433/187 183/215/187
f 242/429/188 240/434/188 19/435/188 184/430/188
f 34/82/189 16/81/189 18/40/189
f 16/101/190 29/92/190 186/155/190 181/436/190
f 10/63/191 15/62/191 34/82/191 32/95/191
f 270/443/194 241/426/194 11/33/194 266/32/194
f 17/65/263 20/25/263 183/215/263 185/433/263
f 574/556/265 7/557/265 14/37/265 575/36/265
f 240/434/268 243/85/268 32/88/268 19/435/268
f 174/120/288 179/119/288 258/432/288 262/431/288
f 180/112/289 178/104/289 263/103/289 257/428/289
f 180/444/290 257/427/290 261/421/290 175/123/290
f 182/41/291 181/423/291 260/422/291 261/421/291
f 186/155/292 185/154/292 258/134/292 259/97/292
f 183/215/293 242/216/293 263/575/293 262/431/293
f 181/436/294 186/155/294 259/97/294 260/96/294
f 8/116/295 270/443/295 266/32/295 5/17/295
f 7/576/296 264/156/296 268/61/296 14/577/296
f 13/100/297 264/106/297 269/47/297 31/46/297
f 8/13/298 61/212/298 265/94/298 270/93/298
f 14/577/299 268/61/299 61/578/299
f 6/21/300 267/44/300 269/47/300 30/22/300
f 5/17/301 266/32/301 267/35/301 6/18/301
f 585/563/312 573/214/312 65/15/312 64/14/312
f 329/704/381 386/705/381 385/706/381
f 384/707/382 383/708/382 327/709/382 326/710/382
f 383/711/383 387/712/383 351/713/383 327/714/383
f 562/715/384 565/716/384 354/717/384 341/718/384
f 627/721/386 628/722/386 333/723/386 332/724/386
f 575/36/10 584/39/12 382/725/387 335/726/387
f 339/727/388 340/728/388 505/729/388 503/730/388
f 628/731/389 630/732/389 352/733/389 333/734/389
f 629/742/391 626/743/391 331/744/391 336/745/391
f 338/746/392 341/718/392 354/717/392
f 336/745/397 355/758/398 337/759/398 334/760/399
f 565/763/400 353/764/400 331/765/400 563/766/400
f 352/733/401 350/767/401 338/768/401 333/734/401
f 631/769/402 563/766/402 331/765/402 626/770/402
f 333/723/403 338/746/403 354/717/403 332/724/403
f 353/771/404 340/728/404 339/727/404 355/758/404
f 621/772/405 497/773/405 498/774/405 620/775/405
f 334/776/406 337/777/406 350/767/406 352/733/406
f 623/778/407 495/779/407 499/780/407 624/781/407
f 625/782/408 630/732/408 351/713/408 328/783/408
f 385/791/411 384/707/411 326/710/411 329/792/411
f 620/775/415 498/774/415 500/786/415 619/804/415
f 350/767/421 507/819/421 506/820/421 338/768/421
f 625/821/422 629/742/422 336/745/397 334/760/399
f 382/868/440 386/705/440 329/704/440
f 584/213/441 573/214/441 386/705/441 382/868/441
f 504/869/442 564/870/442 562/715/442 341/718/442
f 328/783/443 351/713/443 387/712/443 389/871/443
f 328/783/450 389/871/450 586/232/450 574/231/450
f 622/1062/551 496/796/551 497/799/551 621/1063/551
f 337/759/552 339/727/552 503/730/552 502/1064/552
f 354/717/554 565/716/554 563/1067/554 332/724/554
f 618/1068/555 622/1062/555 503/730/555 505/729/555
f 618/1069/556 505/1070/556 564/1071/556 624/1072/556
f 623/778/557 504/869/557 506/1073/557 619/1074/557
f 564/1071/558 505/1070/558 340/1075/558 562/1076/558
f 355/758/559 339/727/559 337/759/559
f 337/777/560 502/1077/560 507/819/560 350/767/560
f 331/744/561 353/771/561 355/758/561 336/745/561
f 631/1082/564 627/721/564 332/724/564 563/1067/564
f 338/746/626 506/1073/626 504/869/626 341/718/626
f 574/556/628 575/36/628 335/726/628 328/1169/628
f 562/1076/631 340/1075/631 353/764/631 565/763/631
f 495/779/651 623/778/651 619/1074/651 500/793/651
f 501/790/652 618/1069/652 624/1072/652 499/787/652
f 501/1083/653 496/796/653 622/1062/653 618/1068/653
f 503/730/654 622/1062/654 621/1063/654 502/1064/654
f 507/819/655 620/775/655 619/804/655 506/820/655
f 504/869/656 623/778/656 624/781/656 564/870/656
f 502/1077/657 621/772/657 620/775/657 507/819/657
f 329/792/658 326/710/658 627/721/658 631/1082/658
f 328/1189/659 335/1190/659 629/742/659 625/821/659
f 334/776/660 352/733/660 630/732/660 625/782/660
f 329/704/661 631/769/661 626/770/661 382/868/661
f 335/1190/662 382/1191/662 629/742/662
f 327/714/663 351/713/663 630/732/663 628/731/663
f 326/710/664 327/709/664 628/722/664 627/721/664
f 585/563/675 385/706/675 386/705/675 573/214/675
f 629/742/942 382/1191/942 626/743/942
f 61/578/943 268/61/943 265/64/943
usemtl Socks
f 177/108/38 179/109/38 39/110/38 41/111/38
f 178/104/39 180/112/39 38/113/39 40/114/39
f 179/119/42 174/120/42 37/121/42 39/122/42
f 175/123/43 176/124/43 35/125/43 36/126/43
f 176/127/44 177/108/44 41/111/44 35/128/44
f 180/444/195 175/123/195 36/126/195 38/445/195
f 40/114/264 37/555/264 174/105/264 178/104/264
f 498/774/409 362/784/409 360/785/409 500/786/409
f 499/787/410 361/788/410 359/789/410 501/790/410
f 500/793/412 360/794/412 358/795/412 495/779/412
f 496/796/413 357/797/413 356/798/413 497/799/413
f 497/800/414 356/801/414 362/802/414 498/803/414
f 501/1083/565 359/1084/565 357/797/565 496/796/565
f 361/788/627 499/787/627 495/1167/627 358/1168/627
usemtl Shoes
f 865/28/8 864/29/8 28/30/8 25/31/8
f 866/48/15 865/49/15 25/50/15 26/51/15
f 863/52/16 867/53/16 23/54/16 24/55/16
f 868/56/17 22/57/17 23/54/17 867/53/17
f 27/66/21 22/67/21 196/68/21 195/69/21
f 21/83/21 27/66/21 195/69/21 198/84/21
f 864/29/29 863/89/29 24/90/29 28/30/29
f 862/117/41 866/48/41 26/51/41 21/118/41
f 27/66/21 21/83/21 26/129/21 25/130/21 28/131/21 24/132/21 23/133/21 22/67/21
f 194/207/69 193/208/69 37/209/69 40/210/69 189/211/69
f 41/437/192 39/438/192 188/439/192 190/440/192
f 40/114/193 38/113/193 187/441/193 189/442/193
f 39/122/196 37/121/196 193/446/196 188/447/196
f 36/126/197 35/125/197 191/448/197 192/449/197
f 35/450/198 41/437/198 190/440/198 191/451/198
f 871/452/199 870/453/199 195/454/199 196/455/199
f 870/453/200 869/456/200 198/457/200 195/454/200
f 189/211/201 187/458/201 197/459/201 199/460/201
f 862/117/202 21/118/203 198/461/203 869/462/204
f 868/56/205 194/463/205 200/464/205 871/465/205
f 194/207/206 189/211/206 199/460/206 200/466/206
f 38/445/266 36/126/266 192/449/266 187/558/266
f 875/719/385 346/719/385 349/720/385 874/720/385
f 876/735/385 347/735/385 346/719/385 875/719/385
f 873/736/385 345/736/385 344/737/385 877/737/385
f 878/738/385 877/737/385 344/737/385 343/738/385
f 348/747/393 516/748/393 517/749/393 343/738/393
f 342/761/393 519/762/393 516/748/393 348/747/393
f 874/720/385 349/720/385 345/736/385 873/736/385
f 872/761/385 342/761/385 347/735/385 876/735/385
f 348/747/393 343/738/393 344/737/393 345/736/393 349/720/393 346/719/393 347/735/393 342/761/393
f 515/863/439 510/864/439 361/865/439 358/866/439 514/867/439
f 362/784/562 511/1078/562 509/1079/562 360/785/562
f 361/788/563 510/1080/563 508/1081/563 359/789/563
f 360/794/566 509/1085/566 514/1086/566 358/795/566
f 357/797/567 513/1087/567 512/1088/567 356/798/567
f 356/1089/568 512/1090/568 511/1078/568 362/784/568
f 881/749/385 517/749/385 516/748/385 880/748/385
f 880/748/385 516/748/385 519/762/385 879/762/385
f 510/864/569 520/1091/569 518/1092/569 508/1093/569
f 872/761/385 879/762/385 519/762/385 342/761/385
f 878/1094/570 881/1095/570 521/1096/570 515/1097/570
f 515/863/571 521/1098/571 520/1091/571 510/864/571
f 359/1084/629 508/1170/629 513/1087/629 357/797/629
f 22/57/904 868/56/904 871/465/904 196/1638/904
f 187/558/905 862/117/202 869/462/204 197/1639/905
f 199/1640/906 197/1641/906 869/456/906 870/453/906
f 200/1642/907 199/1640/907 870/453/907 871/452/907
f 187/558/908 192/449/908 866/48/908 862/117/908
f 190/440/909 188/439/909 863/89/909 864/29/909
f 194/463/910 868/56/910 867/53/910 193/446/910
f 188/447/911 193/446/911 867/53/911 863/52/911
f 192/449/912 191/448/912 865/49/912 866/48/912
f 191/451/913 190/440/913 864/29/913 865/28/913
f 343/738/385 517/749/385 881/749/385 878/738/385
f 508/1170/914 518/1643/914 879/1644/914 872/1645/914
f 520/1646/915 880/1647/915 879/1648/915 518/1649/915
f 521/1096/916 881/1095/916 880/1650/916 520/1651/916
f 508/1170/917 872/1645/917 876/1652/917 513/1087/917
f 511/1078/918 874/1653/918 873/1654/918 509/1079/918
f 515/1097/919 514/1086/919 877/1655/919 878/1094/919
f 509/1085/920 873/1656/920 877/1655/920 514/1086/920
f 513/1087/921 876/1652/921 875/1657/921 512/1088/921
f 512/1090/922 875/1658/922 874/1653/922 511/1078/922
