# Blender 5.1.2
# www.blender.org
mtllib 21044_autosave.mtl
o Suit_Head
v 0.047368 -0.071526 1.588226
v -0.003169 -0.117847 1.584799
v 0.026087 -0.102541 1.591216
v 0.047516 -0.057230 1.585540
v -0.016346 -0.118747 1.580577
v 0.012602 -0.110184 1.589332
v 0.039689 -0.089244 1.589327
v 0.048977 -0.073535 1.605451
v -0.014047 -0.124123 1.599587
v 0.024526 -0.105748 1.607070
v 0.047103 -0.054927 1.603200
v -0.024503 -0.120522 1.593728
v 0.004796 -0.115104 1.605517
v 0.040859 -0.091366 1.606206
v 0.059830 -0.080640 1.634205
v 0.020858 -0.119164 1.624784
v 0.058358 -0.051490 1.630665
v 0.050664 -0.099546 1.632397
v 0.076546 -0.078878 1.662925
v -0.014498 -0.163202 1.643335
v 0.031589 -0.138716 1.658598
v 0.076260 -0.044777 1.659214
v -0.050601 -0.165936 1.632052
v 0.011037 -0.152411 1.653195
v 0.061120 -0.106689 1.664607
v 0.097027 -0.077269 1.697636
v -0.001567 -0.170992 1.680918
v 0.043360 -0.145756 1.695916
v 0.092744 -0.038688 1.693880
v -0.043987 -0.175571 1.670785
v 0.021309 -0.159522 1.690871
v 0.072180 -0.120710 1.702235
v 0.103677 -0.076759 1.751677
v -0.002857 -0.177463 1.739221
v 0.045906 -0.146682 1.748817
v 0.098720 -0.037056 1.747385
v -0.049328 -0.189982 1.732383
v 0.021216 -0.162772 1.743177
v 0.071734 -0.118205 1.753132
v 0.102169 -0.076934 1.782233
v -0.019760 -0.185129 1.770351
v 0.040369 -0.146958 1.780080
v 0.096192 -0.041623 1.784439
v -0.052008 -0.178116 1.772038
v 0.014273 -0.164731 1.770577
v 0.068923 -0.116264 1.782088
v 0.022837 -0.164170 1.728068
v 0.046968 -0.148501 1.734442
v 0.104825 -0.078493 1.737190
v 0.003371 -0.175021 1.719413
v 0.072779 -0.120003 1.738721
v 0.098529 -0.037216 1.733350
v -0.039481 -0.181675 1.707812
v -0.021799 -0.141938 1.824898
v 0.010439 -0.114720 1.832297
v 0.048021 -0.082989 1.831053
v 0.077705 -0.057927 1.812514
v -0.045417 -0.161879 1.796915
v -0.021334 -0.173023 1.788460
v 0.081722 -0.074035 1.795409
v 0.029830 -0.138988 1.810395
v -0.000298 -0.162464 1.800730
v 0.063539 -0.104943 1.807493
v -0.016592 -0.151613 1.618703
v -0.014085 -0.143677 1.610418
v -0.051179 -0.154981 1.589079
v -0.055991 -0.161446 1.596269
v 0.003018 -0.145501 1.629912
v 0.002484 -0.138061 1.619833
v 0.051933 -0.081261 1.536983
v 0.006207 -0.117501 1.536025
v 0.030873 -0.106057 1.536456
v 0.048948 -0.056603 1.537206
v -0.012256 -0.112542 1.535846
v 0.018766 -0.112218 1.536238
v 0.044311 -0.092580 1.536767
v 0.001287 -0.016947 1.588226
v 0.033086 -0.036841 1.584369
v -0.036200 -0.095339 1.579727
v -0.052851 -0.059003 1.584799
v -0.032857 -0.032727 1.591216
v 0.015404 -0.019197 1.585540
v -0.055948 -0.071841 1.580577
v -0.042653 -0.044739 1.589332
v -0.017468 -0.021546 1.589327
v -0.000424 -0.015024 1.605451
v 0.034299 -0.035817 1.602073
v -0.041864 -0.100121 1.592656
v -0.060863 -0.068674 1.599587
v -0.036281 -0.033728 1.607070
v 0.017606 -0.019991 1.603200
v -0.059066 -0.079586 1.593728
v -0.048812 -0.051610 1.605517
v -0.019364 -0.020037 1.606206
v -0.005609 -0.003132 1.634205
v 0.044402 -0.027287 1.628969
v -0.050122 -0.035094 1.624784
v 0.022881 -0.009471 1.630665
v -0.025784 -0.008999 1.632397
v -0.001070 0.013051 1.662925
v 0.058705 -0.015211 1.657430
v -0.089614 -0.140436 1.628456
v -0.099464 -0.062567 1.643335
v -0.067598 -0.021238 1.658598
v 0.032500 0.007053 1.659214
v -0.108212 -0.097701 1.632052
v -0.084545 -0.039203 1.653195
v -0.031074 0.002506 1.664607
v 0.003950 0.032973 1.697636
v 0.071313 -0.004566 1.692021
v -0.092107 -0.142541 1.663268
v -0.104975 -0.048513 1.680918
v -0.072565 -0.008453 1.695916
v 0.041267 0.022282 1.693880
v -0.116602 -0.089565 1.670785
v -0.089833 -0.027884 1.690871
v -0.043042 0.015761 1.702235
v 0.005567 0.039443 1.751677
v 0.075483 -0.001046 1.745577
v -0.102006 -0.150899 1.732311
v -0.111571 -0.048700 1.739221
v -0.073051 -0.005787 1.748817
v 0.043878 0.027900 1.747385
v -0.131704 -0.092415 1.732383
v -0.093052 -0.027431 1.743177
v -0.040647 0.014900 1.753132
v 0.005142 0.037986 1.782233
v 0.068991 -0.006526 1.790694
v -0.093957 -0.144103 1.778649
v -0.121963 -0.064079 1.770351
v -0.074251 -0.011200 1.780080
v 0.038951 0.026173 1.784439
v -0.120456 -0.097045 1.772038
v -0.096148 -0.033947 1.770577
v -0.039205 0.011804 1.782088
v -0.094160 -0.025599 1.728068
v -0.074666 -0.004436 1.734442
v 0.004051 0.040865 1.737190
v -0.108120 -0.042969 1.719413
v -0.042245 0.016233 1.738721
v 0.043688 0.027739 1.733350
v -0.092085 -0.142523 1.701958
v -0.121864 -0.084100 1.707812
v 0.075293 -0.001206 1.731542
v -0.051301 -0.108089 1.834494
v -0.079725 -0.073330 1.824898
v -0.017402 -0.079468 1.841947
v -0.047488 -0.046111 1.832297
v 0.018516 -0.049142 1.840650
v -0.009905 -0.014380 1.831053
v 0.048277 -0.024016 1.822112
v 0.019779 0.010682 1.812514
v -0.074931 -0.128040 1.806511
v -0.103343 -0.093270 1.796915
v -0.110292 -0.067659 1.788460
v 0.004572 0.017342 1.795409
v -0.068161 -0.022926 1.810395
v -0.096356 -0.048692 1.800730
v -0.028947 0.004598 1.807493
v -0.080212 -0.132499 1.583346
v -0.086564 -0.137861 1.590591
v -0.088390 -0.066575 1.618703
v -0.080146 -0.065434 1.610418
v -0.097509 -0.100107 1.589079
v -0.104689 -0.103767 1.596269
v -0.079077 -0.048266 1.629912
v -0.071832 -0.050040 1.619833
v -0.007545 -0.010813 1.536983
v -0.032233 -0.091989 1.535813
v 0.035291 -0.034979 1.537264
v -0.050938 -0.049817 1.536025
v -0.035522 -0.027419 1.536456
v 0.016263 -0.017890 1.537206
v -0.049145 -0.068850 1.535846
v -0.043625 -0.038322 1.536238
v -0.019982 -0.016430 1.536767
v 0.035526 -0.034781 1.518544
v 0.049183 -0.056404 1.518486
v 0.044546 -0.092382 1.518047
v 0.031108 -0.105859 1.517735
v 0.019001 -0.112019 1.517518
v 0.006442 -0.117302 1.517304
v -0.012021 -0.112343 1.517125
v -0.031998 -0.091791 1.517092
v 0.052168 -0.081062 1.518262
v 0.016498 -0.017692 1.518486
v -0.019748 -0.016232 1.518047
v -0.035287 -0.027221 1.517735
v -0.043390 -0.038123 1.517518
v -0.050703 -0.049618 1.517304
v -0.048910 -0.068652 1.517125
v -0.007310 -0.010615 1.518262
v -0.029503 -0.148124 1.821500
v -0.039216 -0.163676 1.817595
v -0.048040 -0.164441 1.801072
v -0.038327 -0.148889 1.804976
v -0.007973 -0.156030 1.812666
v -0.023074 -0.175067 1.809116
v -0.038342 -0.173985 1.789913
v -0.023242 -0.154948 1.793463
v 0.005811 -0.164283 1.800455
v -0.012853 -0.183537 1.798909
v -0.033448 -0.179508 1.782145
v -0.014785 -0.160254 1.783692
v 0.012633 -0.171382 1.786758
v -0.007074 -0.189379 1.787461
v -0.030295 -0.182662 1.776128
v -0.010588 -0.164665 1.775426
v 0.014196 -0.176230 1.773973
v -0.004454 -0.192685 1.775606
v -0.027322 -0.184772 1.769631
v -0.008672 -0.168318 1.767998
v 0.012944 -0.178889 1.763365
v -0.003598 -0.193688 1.764176
v -0.024289 -0.186082 1.761474
v -0.007748 -0.171283 1.760663
v 0.010803 -0.180042 1.754636
v -0.003230 -0.192860 1.753607
v -0.021018 -0.186289 1.751957
v -0.006984 -0.173472 1.752986
v 0.008852 -0.180242 1.746752
v -0.002470 -0.190735 1.743942
v -0.017064 -0.185298 1.742033
v -0.005742 -0.174805 1.744843
v 0.007683 -0.179740 1.738684
v -0.000850 -0.187765 1.734975
v -0.012078 -0.183391 1.732568
v -0.003544 -0.175366 1.736278
v 0.007589 -0.178693 1.729782
v 0.001774 -0.184263 1.726366
v -0.005988 -0.181023 1.723966
v -0.000173 -0.175453 1.727382
v 0.008408 -0.177395 1.719792
v 0.005291 -0.180418 1.717742
v 0.001147 -0.178586 1.716152
v 0.004264 -0.175562 1.718202
v 0.009335 -0.176344 1.708714
v 0.009335 -0.176345 1.708714
v 0.009334 -0.176344 1.708714
v 0.009335 -0.176344 1.708714
v -0.026478 -0.151447 1.832101
v -0.029427 -0.169010 1.826247
v -0.031102 -0.171805 1.807785
v -0.028153 -0.154242 1.813639
v -0.006228 -0.150286 1.833421
v -0.010853 -0.174090 1.825563
v -0.017671 -0.177318 1.801214
v -0.013047 -0.153514 1.809072
v 0.012524 -0.149408 1.829380
v 0.006430 -0.177265 1.820431
v -0.007631 -0.180573 1.794267
v -0.001537 -0.152716 1.803216
v 0.028656 -0.148397 1.819864
v 0.021534 -0.178293 1.810666
v 0.000186 -0.181797 1.786979
v 0.007308 -0.151901 1.796176
v 0.040905 -0.147056 1.805802
v 0.033354 -0.177151 1.797005
v 0.007162 -0.181144 1.778616
v 0.014713 -0.151050 1.787414
v 0.048865 -0.145485 1.788666
v 0.041476 -0.174116 1.780712
v 0.013900 -0.178625 1.768192
v 0.021288 -0.149995 1.776145
v 0.052950 -0.143873 1.769635
v 0.046215 -0.169594 1.762839
v 0.020256 -0.174307 1.755288
v 0.026990 -0.148586 1.762084
v 0.053840 -0.142367 1.749495
v 0.048135 -0.163999 1.744084
v 0.025896 -0.168450 1.740166
v 0.031601 -0.146818 1.745577
v 0.052191 -0.141087 1.728916
v 0.047788 -0.157752 1.725029
v 0.030587 -0.161490 1.723485
v 0.034990 -0.144824 1.727372
v 0.048615 -0.140169 1.708657
v 0.045680 -0.151327 1.706312
v 0.034214 -0.153997 1.706096
v 0.037149 -0.142838 1.708441
v 0.043720 -0.139793 1.689654
v 0.042302 -0.145268 1.688696
v 0.036740 -0.146645 1.688957
v 0.038158 -0.141170 1.689915
v 0.038160 -0.140198 1.673075
v 0.038160 -0.140199 1.673075
v 0.038159 -0.140199 1.673075
v 0.038159 -0.140198 1.673075
v 0.005861 -0.136973 1.814084
v -0.019408 -0.131071 1.810199
v -0.034226 -0.148847 1.797833
v -0.008957 -0.154749 1.801718
v 0.002512 -0.140714 1.831996
v -0.022581 -0.132952 1.822831
v -0.041490 -0.152940 1.818728
v -0.016397 -0.160702 1.827893
v -0.000296 -0.134562 1.848086
v -0.024410 -0.127801 1.829009
v -0.049595 -0.146654 1.830199
v -0.025480 -0.153416 1.849276
v -0.006712 -0.119150 1.862023
v -0.027374 -0.118500 1.832756
v -0.057503 -0.137884 1.833363
v -0.036841 -0.138534 1.862629
v -0.018575 -0.098087 1.870372
v -0.033588 -0.105784 1.834365
v -0.065165 -0.129872 1.832425
v -0.050153 -0.122175 1.868433
v -0.035845 -0.076313 1.871369
v -0.043754 -0.092278 1.832813
v -0.073088 -0.122858 1.829911
v -0.065179 -0.106892 1.868467
v -0.056847 -0.057842 1.864891
v -0.057289 -0.080676 1.827926
v -0.082091 -0.116331 1.826689
v -0.081649 -0.093498 1.863654
v -0.078727 -0.045046 1.852108
v -0.072531 -0.072503 1.820293
v -0.092849 -0.109752 1.822323
v -0.099046 -0.082295 1.854138
v -0.098493 -0.038326 1.834950
v -0.087429 -0.067708 1.810771
v -0.104942 -0.102926 1.815598
v -0.116006 -0.073545 1.839777
v -0.114004 -0.036779 1.815312
v -0.100525 -0.065280 1.799805
v -0.116798 -0.095934 1.805284
v -0.130276 -0.067432 1.820791
v -0.124202 -0.039020 1.794626
v -0.111159 -0.064120 1.786997
v -0.126407 -0.088887 1.790521
v -0.139450 -0.063787 1.798151
v -0.128954 -0.043466 1.773431
v -0.118693 -0.063304 1.771106
v -0.131566 -0.081704 1.771251
v -0.141827 -0.061865 1.773576
v -0.128373 -0.048506 1.751008
v -0.121801 -0.061986 1.750929
v -0.130553 -0.073935 1.748578
v -0.137125 -0.060455 1.748657
v -0.122021 -0.052461 1.726164
v -0.118918 -0.059123 1.726370
v -0.122927 -0.064807 1.723987
v -0.126030 -0.058144 1.723781
v -0.109219 -0.053400 1.698289
v -0.109219 -0.053401 1.698289
v -0.109219 -0.053401 1.698289
v -0.109219 -0.053400 1.698288
v -0.014180 -0.135902 1.840280
v -0.006651 -0.153460 1.831158
v 0.000342 -0.151887 1.811238
v -0.007187 -0.134328 1.820360
v 0.005399 -0.127167 1.850148
v 0.012870 -0.151755 1.837176
v 0.014275 -0.151703 1.808424
v 0.006805 -0.127115 1.821396
v 0.027910 -0.118401 1.851093
v 0.031941 -0.148545 1.836458
v 0.023047 -0.151419 1.804027
v 0.019015 -0.121275 1.818663
v 0.050018 -0.111401 1.841639
v 0.048282 -0.145325 1.829050
v 0.027372 -0.151350 1.800088
v 0.029108 -0.117426 1.812677
v 0.066913 -0.108068 1.823100
v 0.060160 -0.143129 1.815922
v 0.030474 -0.150840 1.796283
v 0.037227 -0.115779 1.803461
v 0.075821 -0.108893 1.800272
v 0.066938 -0.142278 1.798812
v 0.034567 -0.149765 1.789238
v 0.043449 -0.116379 1.790698
v 0.077861 -0.112747 1.777328
v 0.069224 -0.142444 1.779311
v 0.039000 -0.148750 1.776634
v 0.047636 -0.119053 1.774650
v 0.075552 -0.118119 1.755966
v 0.068252 -0.142921 1.758636
v 0.042752 -0.147933 1.759053
v 0.050052 -0.123131 1.756383
v 0.071214 -0.123560 1.736892
v 0.065605 -0.142676 1.738027
v 0.046029 -0.146511 1.738503
v 0.051638 -0.127395 1.737368
v 0.066930 -0.127626 1.720683
v 0.063284 -0.140298 1.718971
v 0.050305 -0.142807 1.717549
v 0.053950 -0.130135 1.719261
v 0.064927 -0.128544 1.706597
v 0.063749 -0.133992 1.703296
v 0.057935 -0.134598 1.700507
v 0.059112 -0.129150 1.703807
v 0.069869 -0.121665 1.693007
v 0.069869 -0.121666 1.693006
v 0.069868 -0.121665 1.693006
v 0.069868 -0.121665 1.693006
v -0.006417 -0.134674 1.795547
v -0.017444 -0.111661 1.801654
v -0.043632 -0.110772 1.803014
v -0.032606 -0.133785 1.796908
v -0.002121 -0.137070 1.824993
v -0.015036 -0.112595 1.822148
v -0.042231 -0.111687 1.827941
v -0.029316 -0.136162 1.830787
v 0.006925 -0.128399 1.842481
v -0.011354 -0.106343 1.829395
v -0.039979 -0.101978 1.841779
v -0.021700 -0.124034 1.854865
v 0.018987 -0.113083 1.850441
v -0.005712 -0.095206 1.831516
v -0.035229 -0.084423 1.848841
v -0.010531 -0.102299 1.867766
v 0.032573 -0.094810 1.852201
v 0.003041 -0.078715 1.830670
v -0.027077 -0.061646 1.850578
v 0.002455 -0.077741 1.872108
v 0.046753 -0.075523 1.849808
v 0.013988 -0.060016 1.826882
v -0.015684 -0.037136 1.847755
v 0.017081 -0.052643 1.870680
v 0.060626 -0.056770 1.843826
v 0.025702 -0.042359 1.820662
v -0.001747 -0.013887 1.840657
v 0.033177 -0.028298 1.863820
v 0.073428 -0.039703 1.833628
v 0.036732 -0.027936 1.812226
v 0.013398 0.005594 1.828791
v 0.050094 -0.006173 1.850194
v 0.084440 -0.025289 1.817343
v 0.046422 -0.017092 1.800583
v 0.027895 0.019496 1.811146
v 0.065914 0.011299 1.827906
v 0.092524 -0.014702 1.793198
v 0.054937 -0.009174 1.782979
v 0.040181 0.027073 1.787002
v 0.077768 0.021545 1.797221
v 0.096153 -0.008953 1.761201
v 0.061549 -0.004657 1.757142
v 0.049290 0.028229 1.756422
v 0.083894 0.023934 1.760481
v 0.093867 -0.008334 1.723086
v 0.064629 -0.004516 1.723656
v 0.054437 0.022978 1.720496
v 0.083675 0.019160 1.719926
v 0.084361 -0.012419 1.681979
v 0.062740 -0.008973 1.685407
v 0.054925 0.011426 1.681685
v 0.076546 0.007981 1.678257
v 0.066449 -0.020136 1.642486
v 0.054799 -0.017519 1.646425
v 0.050181 -0.006141 1.643721
v 0.061831 -0.008758 1.639781
v 0.039412 -0.029519 1.611153
v 0.039412 -0.029519 1.611154
v 0.039412 -0.029518 1.611154
v 0.039412 -0.029518 1.611153
v -0.047717 -0.116352 1.796525
v -0.050362 -0.090248 1.796774
v -0.074251 -0.080551 1.801648
v -0.071605 -0.106655 1.801399
v -0.036038 -0.110219 1.832863
v -0.042016 -0.084836 1.823170
v -0.067051 -0.074342 1.829259
v -0.061074 -0.099725 1.838952
v -0.020572 -0.094378 1.853280
v -0.033433 -0.073760 1.833237
v -0.060878 -0.060677 1.841472
v -0.048017 -0.081295 1.861515
v -0.003532 -0.073365 1.860096
v -0.024420 -0.059819 1.834206
v -0.054229 -0.042520 1.844322
v -0.033341 -0.056067 1.870212
v 0.013028 -0.051857 1.857436
v -0.014364 -0.043628 1.829416
v -0.045889 -0.021493 1.840343
v -0.018497 -0.029722 1.868364
v 0.028276 -0.032025 1.848848
v -0.003948 -0.027485 1.820513
v -0.035982 -0.000529 1.830955
v -0.003758 -0.005068 1.859290
v 0.041715 -0.015063 1.836173
v 0.005894 -0.013672 1.809218
v -0.025087 0.017663 1.817584
v 0.010734 0.016272 1.844539
v 0.053044 -0.001734 1.819941
v 0.014464 -0.003425 1.796694
v -0.014103 0.031137 1.801280
v 0.024477 0.032828 1.824526
v 0.061999 0.007317 1.799717
v 0.021620 0.003245 1.782624
v -0.004067 0.039013 1.782458
v 0.036312 0.043085 1.799551
v 0.068012 0.011511 1.775197
v 0.027550 0.006662 1.765251
v 0.004393 0.041372 1.760928
v 0.044856 0.046221 1.770874
v 0.070329 0.010873 1.746812
v 0.032035 0.006673 1.743084
v 0.011146 0.038562 1.736398
v 0.049440 0.042762 1.740125
v 0.068253 0.006232 1.715346
v 0.034533 0.003317 1.715995
v 0.016331 0.030978 1.708957
v 0.050051 0.033893 1.708308
v 0.061097 -0.000914 1.681842
v 0.034713 -0.002492 1.684833
v 0.020405 0.019206 1.679175
v 0.046789 0.020784 1.676184
v 0.048144 -0.008448 1.647818
v 0.032640 -0.008958 1.650868
v 0.024188 0.004064 1.647879
v 0.039692 0.004574 1.644830
v 0.028752 -0.013515 1.615714
v 0.028751 -0.013515 1.615715
v 0.028750 -0.013514 1.615715
v 0.028751 -0.013514 1.615714
v 0.003307 -0.141141 1.800477
v -0.003906 -0.158418 1.801441
v -0.013873 -0.164459 1.786758
v -0.006660 -0.147182 1.785793
v 0.021108 -0.145237 1.792418
v 0.010069 -0.167044 1.794791
v -0.008076 -0.172320 1.779109
v 0.002962 -0.150513 1.776736
v 0.032045 -0.151227 1.779949
v 0.018514 -0.173965 1.784570
v -0.006115 -0.176078 1.774066
v 0.007415 -0.153340 1.769445
v 0.035617 -0.157376 1.765505
v 0.021597 -0.179084 1.772209
v -0.004917 -0.178010 1.769275
v 0.009103 -0.156302 1.762572
v 0.033710 -0.162460 1.752082
v 0.020641 -0.182357 1.759468
v -0.004018 -0.179660 1.761899
v 0.009051 -0.159763 1.754513
v 0.029084 -0.166455 1.740301
v 0.017448 -0.184173 1.746932
v -0.004065 -0.181156 1.751554
v 0.007571 -0.163438 1.744923
v 0.023492 -0.169574 1.729537
v 0.013334 -0.184884 1.734508
v -0.004915 -0.182171 1.739186
v 0.005243 -0.166862 1.734215
v 0.017916 -0.171832 1.719257
v 0.009218 -0.184574 1.722115
v -0.005890 -0.182362 1.725726
v 0.002808 -0.169620 1.722867
v 0.012964 -0.173082 1.709191
v 0.005822 -0.183060 1.709830
v -0.006162 -0.181328 1.711921
v 0.000980 -0.171349 1.711282
v 0.008996 -0.173046 1.699137
v 0.003737 -0.179927 1.697909
v -0.004882 -0.178581 1.698535
v 0.000376 -0.171700 1.699763
v 0.006241 -0.171193 1.688698
v 0.003407 -0.174596 1.686841
v -0.001299 -0.173672 1.686602
v 0.001535 -0.170269 1.688459
v 0.005020 -0.166462 1.677358
v 0.005020 -0.166463 1.677357
v 0.005019 -0.166463 1.677357
v 0.005020 -0.166462 1.677358
v -0.116224 -0.071809 1.793138
v -0.107275 -0.063115 1.807130
v -0.089013 -0.059560 1.804825
v -0.097962 -0.068254 1.790833
v -0.123891 -0.062062 1.784295
v -0.113538 -0.045890 1.799628
v -0.089735 -0.040765 1.796316
v -0.100088 -0.056937 1.780982
v -0.128076 -0.056574 1.776438
v -0.118297 -0.034381 1.788252
v -0.092047 -0.029088 1.784992
v -0.101826 -0.051281 1.773178
v -0.129736 -0.052846 1.767861
v -0.120868 -0.028149 1.774418
v -0.094247 -0.023629 1.772851
v -0.103114 -0.048327 1.766295
v -0.129251 -0.050240 1.757547
v -0.120992 -0.026104 1.760240
v -0.095641 -0.022309 1.761184
v -0.103899 -0.046445 1.758490
v -0.126813 -0.048665 1.745981
v -0.119146 -0.026543 1.746789
v -0.096152 -0.023178 1.749755
v -0.103820 -0.045300 1.748946
v -0.122935 -0.047813 1.734052
v -0.116012 -0.028215 1.734044
v -0.095815 -0.025180 1.737906
v -0.102738 -0.044779 1.737915
v -0.118339 -0.047395 1.722338
v -0.112240 -0.030561 1.721708
v -0.094882 -0.027923 1.725275
v -0.100982 -0.044757 1.725904
v -0.113738 -0.047313 1.711074
v -0.108508 -0.033572 1.709574
v -0.094047 -0.031500 1.711812
v -0.099277 -0.045241 1.713312
v -0.109708 -0.047703 1.700099
v -0.105608 -0.037692 1.697561
v -0.094570 -0.036450 1.697852
v -0.098670 -0.046461 1.700390
v -0.106800 -0.049146 1.688397
v -0.104488 -0.043805 1.685676
v -0.098167 -0.043545 1.684562
v -0.100478 -0.048885 1.687283
v -0.106274 -0.053229 1.674020
v -0.106273 -0.053229 1.674019
v -0.106273 -0.053229 1.674019
v -0.106273 -0.053229 1.674019
v 0.003228 -0.154407 1.770998
v 0.012363 -0.138724 1.775696
v 0.002904 -0.122571 1.774674
v -0.006231 -0.138253 1.769976
v -0.006807 -0.160665 1.796372
v 0.000890 -0.145150 1.806038
v -0.009668 -0.128362 1.806270
v -0.017365 -0.143877 1.796605
v -0.014764 -0.168584 1.807335
v -0.010589 -0.154468 1.823938
v -0.023372 -0.136396 1.825465
v -0.027547 -0.150511 1.808862
v -0.020028 -0.175206 1.809613
v -0.022828 -0.165469 1.832131
v -0.038067 -0.146170 1.834381
v -0.035267 -0.155907 1.811862
v -0.024141 -0.180268 1.808214
v -0.035076 -0.176067 1.832039
v -0.051641 -0.155462 1.834448
v -0.040707 -0.159662 1.810623
v -0.028748 -0.184219 1.804837
v -0.045851 -0.184044 1.826086
v -0.062073 -0.162309 1.829001
v -0.044970 -0.162484 1.807752
v -0.033821 -0.186596 1.800121
v -0.054389 -0.188526 1.817070
v -0.069198 -0.166637 1.821023
v -0.048630 -0.164707 1.804074
v -0.038659 -0.187156 1.795051
v -0.060412 -0.189840 1.807162
v -0.073714 -0.169125 1.811742
v -0.051961 -0.166440 1.799631
v -0.042821 -0.186542 1.790119
v -0.064046 -0.189226 1.797682
v -0.076238 -0.170478 1.801522
v -0.055013 -0.167794 1.793959
v -0.046268 -0.185611 1.784928
v -0.065864 -0.188050 1.788859
v -0.077083 -0.171445 1.790804
v -0.057487 -0.169005 1.786873
v -0.049068 -0.184889 1.778802
v -0.066425 -0.187097 1.780226
v -0.076461 -0.172695 1.780051
v -0.059104 -0.170486 1.778627
v -0.051329 -0.184686 1.771160
v -0.066027 -0.186670 1.771123
v -0.074548 -0.174651 1.769420
v -0.059850 -0.172667 1.769458
v -0.053348 -0.185079 1.761552
v -0.064748 -0.186717 1.760905
v -0.071333 -0.177498 1.758727
v -0.059932 -0.175861 1.759374
v -0.055726 -0.185794 1.749610
v -0.062562 -0.186817 1.749014
v -0.066501 -0.181312 1.747496
v -0.059665 -0.180289 1.748092
v -0.059402 -0.186127 1.735005
v -0.059403 -0.186127 1.735005
v -0.059403 -0.186127 1.735005
v -0.059403 -0.186127 1.735005
v -0.005865 -0.126960 1.768712
v -0.016402 -0.111731 1.771628
v -0.034812 -0.113209 1.768413
v -0.024275 -0.128438 1.765498
v -0.008976 -0.138575 1.795393
v -0.020746 -0.124301 1.802543
v -0.040152 -0.125654 1.798676
v -0.028382 -0.139927 1.791525
v -0.009219 -0.150652 1.808157
v -0.023279 -0.139363 1.821088
v -0.044794 -0.139855 1.815685
v -0.030734 -0.151143 1.802754
v -0.008507 -0.161364 1.811816
v -0.025334 -0.156908 1.829330
v -0.048851 -0.154525 1.822188
v -0.032024 -0.158981 1.804673
v -0.008320 -0.170990 1.810069
v -0.027665 -0.174151 1.827974
v -0.052246 -0.167128 1.820814
v -0.032901 -0.163966 1.802908
v -0.009570 -0.179540 1.804472
v -0.030512 -0.187535 1.820016
v -0.054853 -0.176242 1.815109
v -0.033911 -0.168247 1.799566
v -0.012424 -0.185948 1.796575
v -0.033775 -0.196074 1.809052
v -0.056661 -0.182380 1.807399
v -0.035311 -0.172254 1.794923
v -0.016300 -0.189665 1.788350
v -0.037029 -0.200353 1.797468
v -0.057793 -0.186385 1.798357
v -0.037064 -0.175697 1.789239
v -0.020165 -0.191257 1.781114
v -0.039594 -0.201632 1.786567
v -0.058240 -0.188793 1.788113
v -0.038811 -0.178417 1.782660
v -0.023278 -0.191723 1.774985
v -0.040916 -0.201273 1.776742
v -0.057588 -0.189990 1.777130
v -0.039950 -0.180440 1.775373
v -0.025425 -0.191750 1.769235
v -0.040752 -0.200197 1.767839
v -0.055252 -0.190441 1.766178
v -0.039926 -0.181994 1.767574
v -0.026498 -0.191692 1.762666
v -0.039052 -0.198866 1.759366
v -0.050936 -0.190660 1.755991
v -0.038382 -0.183486 1.759291
v -0.026414 -0.191765 1.754090
v -0.035850 -0.197371 1.750542
v -0.044715 -0.191018 1.746782
v -0.035278 -0.185412 1.750331
v -0.025656 -0.192109 1.742688
v -0.031270 -0.195487 1.740409
v -0.036494 -0.191679 1.737891
v -0.030880 -0.188300 1.740171
v -0.025642 -0.192695 1.727895
v -0.025642 -0.192695 1.727895
v -0.025643 -0.192694 1.727895
v -0.025642 -0.192694 1.727895
v -0.015925 -0.128101 1.764347
v 0.002890 -0.132337 1.771226
v 0.012360 -0.117948 1.782297
v -0.006456 -0.113712 1.775418
v -0.030483 -0.137378 1.786129
v -0.013578 -0.143713 1.798105
v -0.004129 -0.128841 1.810708
v -0.021033 -0.122506 1.798732
v -0.045768 -0.140770 1.797442
v -0.032687 -0.148994 1.816113
v -0.023260 -0.132580 1.831247
v -0.036341 -0.124356 1.812576
v -0.059674 -0.140270 1.801563
v -0.053499 -0.148818 1.826387
v -0.044699 -0.130429 1.844046
v -0.050873 -0.121881 1.819222
v -0.072383 -0.137195 1.801732
v -0.074132 -0.144125 1.829835
v -0.066367 -0.123897 1.849107
v -0.064618 -0.116967 1.821004
v -0.084762 -0.131901 1.799709
v -0.092822 -0.136324 1.828050
v -0.086047 -0.115022 1.847748
v -0.077987 -0.110600 1.819408
v -0.097031 -0.124603 1.796307
v -0.108761 -0.126753 1.822945
v -0.102710 -0.105552 1.842070
v -0.090980 -0.103402 1.815432
v -0.109034 -0.115738 1.792154
v -0.121902 -0.116462 1.816278
v -0.116251 -0.096581 1.834191
v -0.103383 -0.095857 1.810067
v -0.120642 -0.105890 1.787888
v -0.132682 -0.106247 1.809549
v -0.127055 -0.088630 1.826048
v -0.115015 -0.088272 1.804388
v -0.131848 -0.095588 1.784317
v -0.141677 -0.096635 1.803962
v -0.135605 -0.081923 1.819139
v -0.125776 -0.080876 1.799494
v -0.142770 -0.085110 1.782591
v -0.149277 -0.087871 1.800416
v -0.142180 -0.076657 1.814257
v -0.135674 -0.073897 1.796432
v -0.153283 -0.074753 1.784372
v -0.155699 -0.079914 1.799536
v -0.147203 -0.072738 1.811314
v -0.144786 -0.067576 1.796150
v -0.162105 -0.065626 1.791187
v -0.161102 -0.072351 1.801794
v -0.152142 -0.068982 1.809986
v -0.153145 -0.062256 1.799379
v -0.167360 -0.059190 1.802655
v -0.165460 -0.064515 1.807700
v -0.158962 -0.063584 1.811485
v -0.160862 -0.058259 1.806440
v -0.168345 -0.055686 1.817524
v -0.168345 -0.055687 1.817524
v -0.168344 -0.055687 1.817524
v -0.168344 -0.055686 1.817524
v 0.008581 -0.134143 1.798102
v -0.002474 -0.134425 1.780869
v -0.000985 -0.151019 1.768964
v 0.010071 -0.150736 1.786197
v -0.016239 -0.144497 1.813010
v -0.025423 -0.143752 1.793404
v -0.025439 -0.161968 1.781679
v -0.016255 -0.162713 1.801286
v -0.037048 -0.147103 1.822682
v -0.043215 -0.145618 1.799292
v -0.045660 -0.166382 1.787036
v -0.039494 -0.167867 1.810426
v -0.054916 -0.144356 1.827672
v -0.056320 -0.143187 1.800764
v -0.061980 -0.166035 1.787598
v -0.060576 -0.167204 1.814506
v -0.070336 -0.138246 1.828509
v -0.066595 -0.138686 1.799757
v -0.075161 -0.162450 1.785517
v -0.078903 -0.162010 1.814269
v -0.083519 -0.130560 1.825934
v -0.075854 -0.133054 1.797251
v -0.086101 -0.156698 1.782295
v -0.093765 -0.154203 1.810978
v -0.094750 -0.122699 1.820859
v -0.084880 -0.126807 1.793701
v -0.095474 -0.149576 1.778829
v -0.105344 -0.145468 1.805987
v -0.104381 -0.115515 1.814224
v -0.093782 -0.120471 1.789503
v -0.103745 -0.141779 1.775547
v -0.114344 -0.136823 1.800268
v -0.112691 -0.109351 1.806984
v -0.102440 -0.114409 1.784993
v -0.111315 -0.133852 1.772444
v -0.121566 -0.128794 1.794435
v -0.119887 -0.104248 1.800017
v -0.110810 -0.108718 1.780491
v -0.118648 -0.126003 1.769380
v -0.127725 -0.121533 1.788907
v -0.126249 -0.100021 1.793895
v -0.119075 -0.103270 1.776413
v -0.126258 -0.118034 1.766509
v -0.133433 -0.114785 1.783992
v -0.132338 -0.096147 1.788685
v -0.127592 -0.097735 1.773278
v -0.134508 -0.109463 1.764501
v -0.139254 -0.107874 1.779907
v -0.139259 -0.091569 1.784001
v -0.136910 -0.091565 1.771622
v -0.143350 -0.099709 1.764483
v -0.145698 -0.099713 1.776862
v -0.148547 -0.084676 1.779460
v -0.147868 -0.083930 1.771950
v -0.152435 -0.088124 1.767595
v -0.153114 -0.088870 1.775105
v -0.161644 -0.073643 1.774830
v -0.161644 -0.073643 1.774830
v -0.161644 -0.073643 1.774829
v -0.161644 -0.073643 1.774830
v 0.054742 -0.123228 1.783471
v 0.040503 -0.109336 1.798798
v 0.027542 -0.121361 1.816633
v 0.041780 -0.135252 1.801305
v 0.063853 -0.121067 1.787760
v 0.050094 -0.105914 1.804790
v 0.045020 -0.116030 1.828891
v 0.058779 -0.131182 1.811861
v 0.069978 -0.118467 1.785924
v 0.056082 -0.100114 1.805381
v 0.060797 -0.104868 1.834770
v 0.074693 -0.123221 1.815313
v 0.075451 -0.115104 1.781121
v 0.060772 -0.092581 1.802498
v 0.073863 -0.089924 1.834142
v 0.088542 -0.112447 1.812765
v 0.081444 -0.110064 1.774194
v 0.065382 -0.083473 1.796475
v 0.083868 -0.073798 1.828509
v 0.099930 -0.100389 1.806228
v 0.087582 -0.103761 1.765895
v 0.069924 -0.073790 1.787736
v 0.091506 -0.057729 1.818774
v 0.109164 -0.087700 1.796933
v 0.093263 -0.096967 1.757110
v 0.074177 -0.064662 1.776994
v 0.097195 -0.042562 1.805011
v 0.116280 -0.074867 1.785128
v 0.097869 -0.090218 1.748240
v 0.077790 -0.056925 1.764860
v 0.100865 -0.029342 1.787098
v 0.120944 -0.062635 1.770478
v 0.100771 -0.083678 1.738639
v 0.080286 -0.050898 1.751349
v 0.101999 -0.019449 1.765321
v 0.122484 -0.052229 1.752611
v 0.101317 -0.077511 1.726931
v 0.081170 -0.046649 1.735755
v 0.100142 -0.014218 1.740718
v 0.120289 -0.045081 1.731894
v 0.098892 -0.072332 1.712137
v 0.080002 -0.044628 1.717365
v 0.095332 -0.014478 1.714596
v 0.114222 -0.042182 1.709367
v 0.093154 -0.069029 1.694126
v 0.076561 -0.045776 1.696119
v 0.087912 -0.020726 1.688140
v 0.104505 -0.043979 1.686146
v 0.084172 -0.068436 1.673264
v 0.071078 -0.051233 1.672683
v 0.078392 -0.033461 1.662766
v 0.091485 -0.050663 1.663347
v 0.072222 -0.071418 1.649957
v 0.064286 -0.062121 1.648276
v 0.067651 -0.053089 1.640575
v 0.075587 -0.062385 1.642255
v 0.057363 -0.079402 1.624502
v 0.057363 -0.079402 1.624502
v 0.057363 -0.079401 1.624502
v 0.057363 -0.079402 1.624502
v 0.038134 -0.112265 1.747688
v 0.039410 -0.100823 1.766163
v 0.032012 -0.110244 1.784340
v 0.030736 -0.121686 1.765865
v 0.053315 -0.117082 1.748530
v 0.054637 -0.104918 1.768101
v 0.052196 -0.116414 1.787965
v 0.050874 -0.128577 1.768395
v 0.061157 -0.117515 1.745577
v 0.062962 -0.103585 1.767602
v 0.069570 -0.116342 1.789420
v 0.067765 -0.130272 1.767395
v 0.064000 -0.116560 1.741334
v 0.066756 -0.099945 1.765855
v 0.084670 -0.110061 1.787342
v 0.081915 -0.126676 1.762821
v 0.065819 -0.114941 1.736496
v 0.069397 -0.094819 1.762478
v 0.095728 -0.099532 1.781900
v 0.092150 -0.119653 1.755918
v 0.068106 -0.112279 1.730888
v 0.071848 -0.088275 1.756639
v 0.102779 -0.087470 1.773844
v 0.099037 -0.111474 1.748093
v 0.070809 -0.109074 1.724994
v 0.073947 -0.081367 1.748375
v 0.106730 -0.075369 1.762989
v 0.103591 -0.103076 1.739608
v 0.073707 -0.105788 1.719292
v 0.075532 -0.075308 1.738124
v 0.107980 -0.064415 1.748871
v 0.106155 -0.094895 1.730039
v 0.076418 -0.102234 1.713323
v 0.076368 -0.070839 1.726248
v 0.106464 -0.056104 1.731707
v 0.106513 -0.087499 1.718781
v 0.078292 -0.098125 1.705643
v 0.076213 -0.068216 1.712744
v 0.102261 -0.051761 1.712722
v 0.104340 -0.081670 1.705621
v 0.078582 -0.093837 1.694979
v 0.074923 -0.067606 1.697445
v 0.095940 -0.051842 1.693286
v 0.099599 -0.078073 1.690819
v 0.076833 -0.090233 1.680973
v 0.072502 -0.069276 1.680374
v 0.088215 -0.056119 1.674182
v 0.092545 -0.077077 1.674782
v 0.073142 -0.088134 1.663972
v 0.069205 -0.073530 1.661872
v 0.079683 -0.064210 1.655828
v 0.083620 -0.078814 1.657928
v 0.068085 -0.088105 1.644604
v 0.065592 -0.080596 1.642604
v 0.070898 -0.075785 1.638691
v 0.073391 -0.083295 1.640691
v 0.062546 -0.090517 1.623537
v 0.062546 -0.090516 1.623537
v 0.062546 -0.090516 1.623537
v 0.062546 -0.090516 1.623537
v 0.036150 -0.120580 1.739401
v 0.042822 -0.100071 1.742359
v 0.044753 -0.092998 1.762856
v 0.038081 -0.113507 1.759897
v 0.044566 -0.123887 1.738437
v 0.051031 -0.102222 1.741545
v 0.055941 -0.095654 1.762843
v 0.049476 -0.117319 1.759735
v 0.050195 -0.127040 1.735816
v 0.056710 -0.102922 1.739219
v 0.066544 -0.096572 1.761549
v 0.060030 -0.120689 1.758146
v 0.053744 -0.129776 1.732466
v 0.059902 -0.102796 1.736233
v 0.076217 -0.096213 1.757923
v 0.070059 -0.123192 1.754157
v 0.056877 -0.131931 1.728461
v 0.061676 -0.102519 1.732951
v 0.083752 -0.094778 1.751951
v 0.078954 -0.124190 1.747460
v 0.060944 -0.132934 1.722942
v 0.063318 -0.102395 1.728830
v 0.088345 -0.092712 1.744732
v 0.085970 -0.123251 1.738844
v 0.066259 -0.131803 1.715417
v 0.065607 -0.102188 1.723198
v 0.090318 -0.090709 1.737182
v 0.090970 -0.120323 1.729402
v 0.072582 -0.127573 1.706443
v 0.069002 -0.101304 1.715929
v 0.090640 -0.089280 1.729350
v 0.094220 -0.115549 1.719864
v 0.079532 -0.119649 1.697367
v 0.073926 -0.098969 1.707468
v 0.090513 -0.088408 1.720674
v 0.096120 -0.109087 1.710574
v 0.086684 -0.108064 1.689894
v 0.080732 -0.094429 1.698717
v 0.091273 -0.087280 1.710419
v 0.097225 -0.100914 1.701596
v 0.093684 -0.093552 1.685501
v 0.089606 -0.087199 1.690848
v 0.094277 -0.084223 1.698258
v 0.098355 -0.090576 1.692911
v 0.100574 -0.077124 1.684856
v 0.100574 -0.077124 1.684856
v 0.100574 -0.077124 1.684857
v 0.100574 -0.077124 1.684857
v 0.004235 -0.145673 1.787198
v -0.003965 -0.121313 1.792474
v -0.029773 -0.117600 1.795404
v -0.021573 -0.141959 1.790128
v 0.010808 -0.148625 1.812216
v 0.001030 -0.122619 1.813647
v -0.024298 -0.119017 1.824577
v -0.014520 -0.145023 1.823145
v 0.022829 -0.145869 1.824696
v 0.007830 -0.118430 1.820956
v -0.014612 -0.111180 1.841828
v 0.000387 -0.138618 1.845568
v 0.038543 -0.137858 1.829241
v 0.016100 -0.110761 1.822168
v -0.002423 -0.097004 1.849656
v 0.020020 -0.124101 1.856729
v 0.056226 -0.125034 1.828194
v 0.027299 -0.098705 1.820096
v 0.010805 -0.079392 1.850926
v 0.039732 -0.105721 1.859025
v 0.073578 -0.108861 1.823002
v 0.039717 -0.083727 1.815031
v 0.024457 -0.060187 1.847509
v 0.058318 -0.085321 1.855479
v 0.088625 -0.091182 1.814585
v 0.051295 -0.068217 1.807688
v 0.037869 -0.040827 1.839907
v 0.075199 -0.063792 1.846805
v 0.099865 -0.073988 1.803143
v 0.060615 -0.054251 1.798488
v 0.050175 -0.022568 1.827452
v 0.089425 -0.042305 1.832108
v 0.106547 -0.058916 1.788028
v 0.067281 -0.042669 1.786680
v 0.060067 -0.006969 1.808613
v 0.099332 -0.023216 1.809961
v 0.108615 -0.046792 1.768039
v 0.071455 -0.033244 1.769931
v 0.066174 0.003872 1.782677
v 0.103334 -0.009676 1.780785
v 0.106057 -0.038295 1.742459
v 0.072781 -0.026658 1.746280
v 0.068053 0.008206 1.750693
v 0.101329 -0.003432 1.746873
v 0.098867 -0.034310 1.712058
v 0.070913 -0.024507 1.716261
v 0.066249 0.005004 1.714651
v 0.094203 -0.004799 1.710449
v 0.087397 -0.035489 1.679156
v 0.066327 -0.028051 1.682522
v 0.061950 -0.006478 1.677417
v 0.083020 -0.013917 1.674051
v 0.072338 -0.042170 1.647034
v 0.060260 -0.038008 1.648765
v 0.057001 -0.026786 1.643321
v 0.069078 -0.030948 1.641590
v 0.054314 -0.055320 1.619048
v 0.054314 -0.055319 1.619048
v 0.054314 -0.055319 1.619047
v 0.054314 -0.055319 1.619047
v -0.071290 -0.064548 1.795001
v -0.054937 -0.079496 1.806824
v -0.034609 -0.068741 1.816909
v -0.050961 -0.053792 1.805086
v -0.086074 -0.053523 1.822132
v -0.070816 -0.067057 1.839248
v -0.045065 -0.060432 1.840636
v -0.060323 -0.046898 1.823519
v -0.087938 -0.034414 1.830231
v -0.070581 -0.042265 1.853589
v -0.041899 -0.049494 1.847786
v -0.059257 -0.041642 1.824428
v -0.080997 -0.013852 1.823730
v -0.058734 -0.015993 1.849798
v -0.030985 -0.035741 1.845351
v -0.053248 -0.033599 1.819283
v -0.070166 0.004089 1.809356
v -0.043702 0.005603 1.836905
v -0.015496 -0.020175 1.835696
v -0.041960 -0.021689 1.808147
v -0.058041 0.018200 1.791382
v -0.028278 0.023467 1.819194
v 0.000973 -0.005290 1.821316
v -0.028790 -0.010557 1.793504
v -0.046482 0.027477 1.772652
v -0.014133 0.037026 1.798449
v 0.015994 0.007584 1.803809
v -0.016355 -0.001965 1.778011
v -0.036531 0.031893 1.754861
v -0.002410 0.045584 1.775744
v 0.028217 0.017509 1.783595
v -0.005904 0.003818 1.762712
v -0.028128 0.032542 1.737922
v 0.006374 0.049015 1.751848
v 0.037009 0.023737 1.760689
v 0.002507 0.007263 1.746763
v -0.020700 0.030657 1.720491
v 0.012329 0.047914 1.727391
v 0.042112 0.025989 1.735669
v 0.009084 0.008732 1.728769
v -0.013926 0.026839 1.701570
v 0.015864 0.043048 1.702806
v 0.043487 0.024535 1.709582
v 0.013697 0.008326 1.708346
v -0.007694 0.021286 1.681128
v 0.017333 0.034950 1.678492
v 0.041185 0.019900 1.683452
v 0.016158 0.006236 1.686087
v -0.001835 0.014020 1.659930
v 0.016860 0.023846 1.655278
v 0.035080 0.012636 1.658452
v 0.016385 0.002810 1.663104
v 0.003953 0.004858 1.639143
v 0.014384 0.009790 1.634775
v 0.024799 0.003354 1.636304
v 0.014368 -0.001578 1.640672
v 0.009908 -0.006934 1.619804
v 0.009908 -0.006934 1.619804
v 0.009909 -0.006934 1.619804
v 0.009908 -0.006934 1.619804
v -0.083052 -0.079601 1.780002
v -0.076924 -0.090884 1.793613
v -0.061950 -0.085313 1.803355
v -0.068078 -0.074030 1.789743
v -0.101360 -0.059181 1.799030
v -0.098078 -0.066785 1.817058
v -0.080358 -0.063420 1.825322
v -0.083640 -0.055816 1.807293
v -0.105099 -0.041969 1.800711
v -0.102836 -0.040321 1.822996
v -0.082115 -0.042141 1.831467
v -0.084378 -0.043789 1.809183
v -0.100053 -0.027467 1.792129
v -0.094853 -0.016448 1.814636
v -0.072795 -0.022687 1.826018
v -0.077996 -0.033707 1.803511
v -0.089758 -0.015050 1.777648
v -0.081572 0.001439 1.799387
v -0.058103 -0.006239 1.813591
v -0.066289 -0.022728 1.791852
v -0.077366 -0.005326 1.760855
v -0.067077 0.014916 1.781376
v -0.042010 0.007421 1.797255
v -0.052298 -0.012821 1.776735
v -0.065451 0.001567 1.744470
v -0.053460 0.024579 1.762576
v -0.026945 0.018204 1.778622
v -0.038936 -0.004808 1.760515
v -0.055528 0.005971 1.729859
v -0.041863 0.030632 1.743922
v -0.014280 0.025699 1.758326
v -0.027945 0.001038 1.744264
v -0.047782 0.008586 1.716600
v -0.032554 0.033300 1.725353
v -0.004682 0.029300 1.736597
v -0.019910 0.004587 1.727844
v -0.041569 0.009955 1.703023
v -0.025359 0.032821 1.706454
v 0.001507 0.028711 1.714120
v -0.014703 0.005844 1.710690
v -0.036293 0.010002 1.687734
v -0.020057 0.029377 1.687083
v 0.004256 0.024389 1.691927
v -0.011981 0.005014 1.692579
v -0.031490 0.008270 1.670427
v -0.016437 0.023105 1.667490
v 0.003846 0.017317 1.670713
v -0.011207 0.002483 1.673651
v -0.026572 0.004312 1.651850
v -0.014300 0.014169 1.648399
v 0.000621 0.008607 1.650867
v -0.011651 -0.001250 1.654318
v -0.020747 -0.002052 1.633469
v -0.013363 0.002854 1.631033
v -0.005098 -0.000758 1.632808
v -0.012482 -0.005664 1.635245
v -0.013015 -0.010329 1.617230
v -0.013015 -0.010329 1.617229
v -0.013015 -0.010329 1.617230
v -0.013015 -0.010329 1.617230
v -0.066858 -0.100040 1.766879
v -0.054302 -0.107564 1.785625
v -0.039863 -0.091877 1.796167
v -0.052419 -0.084354 1.777421
v -0.093484 -0.085999 1.785474
v -0.084988 -0.090960 1.808385
v -0.066644 -0.076564 1.817216
v -0.075140 -0.071603 1.794305
v -0.105162 -0.071947 1.787415
v -0.102295 -0.067780 1.814493
v -0.078112 -0.058009 1.823353
v -0.080980 -0.062175 1.796275
v -0.106837 -0.059018 1.779108
v -0.105751 -0.042544 1.804769
v -0.078356 -0.037952 1.817397
v -0.079441 -0.054426 1.791736
v -0.101951 -0.046616 1.764508
v -0.100023 -0.022646 1.787002
v -0.071570 -0.019303 1.803233
v -0.073498 -0.043273 1.780739
v -0.092706 -0.035416 1.746775
v -0.090423 -0.007491 1.766177
v -0.061799 -0.003138 1.784153
v -0.064082 -0.031062 1.764750
v -0.081274 -0.025881 1.728800
v -0.079353 0.003599 1.744514
v -0.051724 0.009818 1.762335
v -0.053644 -0.019662 1.746621
v -0.069414 -0.017845 1.712515
v -0.068238 0.010748 1.723807
v -0.043041 0.018770 1.739531
v -0.044217 -0.009824 1.728239
v -0.058295 -0.010749 1.698712
v -0.057848 0.014272 1.705309
v -0.036647 0.023093 1.717245
v -0.037093 -0.001928 1.710648
v -0.048352 -0.003906 1.686923
v -0.048352 0.014813 1.689512
v -0.032778 0.022596 1.696861
v -0.032778 0.003876 1.694272
v -0.039272 0.003141 1.675703
v -0.039380 0.013242 1.676059
v -0.031024 0.017880 1.679351
v -0.030917 0.007779 1.678995
v -0.030163 0.010477 1.663954
v -0.030163 0.010478 1.663954
v -0.030163 0.010478 1.663954
v -0.030163 0.010477 1.663954
v -0.083544 -0.145873 1.710301
v -0.078801 -0.146239 1.660615
v -0.089535 -0.149719 1.715861
v -0.096510 -0.159903 1.660738
v 0.031152 -0.165933 1.683609
v 0.005831 -0.153664 1.669246
v 0.039574 -0.170430 1.714695
v 0.013395 -0.160504 1.718321
v 0.011931 -0.159657 1.702025
v 0.040341 -0.170929 1.704200
v 0.018466 -0.159591 1.673228
v 0.025757 -0.166029 1.721493
v 0.025358 -0.165505 1.703097
v 0.033001 -0.160854 1.684126
v 0.009079 -0.145132 1.670031
v 0.041217 -0.166367 1.715107
v 0.016702 -0.152193 1.719038
v 0.015076 -0.151317 1.702769
v 0.041908 -0.167032 1.704602
v 0.020971 -0.152844 1.673873
v 0.027941 -0.160085 1.722068
v 0.027480 -0.159536 1.703683
v -0.080396 -0.159232 1.726473
v -0.041084 -0.183429 1.728825
v -0.076723 -0.157834 1.718076
v -0.039073 -0.182217 1.721001
v -0.046523 -0.191589 1.726819
v -0.084346 -0.166135 1.724499
v -0.044514 -0.190379 1.718994
v -0.080673 -0.164738 1.716102
v -0.064740 -0.169517 1.699022
v -0.068380 -0.171515 1.718318
v -0.054482 -0.153050 1.702662
v -0.058122 -0.155049 1.721959
v -0.048274 -0.180216 1.701020
v -0.051914 -0.182215 1.720317
v -0.038016 -0.163750 1.704660
v -0.041656 -0.165748 1.723957
v -0.093956 -0.133541 1.710302
v -0.093521 -0.128804 1.660615
v -0.098752 -0.138802 1.715861
v -0.109961 -0.143972 1.660738
v -0.088468 -0.139469 1.659230
v -0.095656 -0.145537 1.714191
v -0.104664 -0.153143 1.659189
v -0.094503 -0.017105 1.683609
v -0.086653 -0.044125 1.669246
v -0.097525 -0.008049 1.714695
v -0.092128 -0.035521 1.718321
v -0.091539 -0.037106 1.702025
v -0.097888 -0.007209 1.704200
v -0.090378 -0.030675 1.673227
v -0.095502 -0.022407 1.721493
v -0.095052 -0.022889 1.703097
v -0.089186 -0.016133 1.684126
v -0.077697 -0.042353 1.670031
v -0.093244 -0.007110 1.715107
v -0.083381 -0.033654 1.719038
v -0.082789 -0.035404 1.702769
v -0.093783 -0.006317 1.704602
v -0.083306 -0.029337 1.673873
v -0.089276 -0.021252 1.722068
v -0.088812 -0.021798 1.703683
v -0.106598 -0.128197 1.726473
v -0.123862 -0.085385 1.728825
v -0.104604 -0.124811 1.718076
v -0.122330 -0.083606 1.721001
v -0.132818 -0.089380 1.726819
v -0.114066 -0.130935 1.724499
v -0.131288 -0.087602 1.718994
v -0.112072 -0.127548 1.716102
v -0.114112 -0.111039 1.699022
v -0.116693 -0.114293 1.718318
v -0.096160 -0.103687 1.702662
v -0.098740 -0.106941 1.721959
v -0.121900 -0.093012 1.701020
v -0.124480 -0.096266 1.720317
v -0.103947 -0.085660 1.704660
v -0.106528 -0.088914 1.723957
vn 0.4668 -0.8795 0.0926
vn -0.1150 -0.9896 -0.0859
vn 0.8782 -0.4586 0.1355
vn 0.9957 0.0759 0.0530
vn 0.8231 0.5634 -0.0716
vn -0.7325 -0.6665 -0.1384
vn 0.9983 0.0472 -0.0346
vn 0.4037 -0.9117 0.0767
vn 0.7027 -0.7035 0.1065
vn 0.6691 -0.7347 -0.1116
vn 0.4611 -0.8829 -0.0891
vn 0.9309 0.0210 -0.3647
vn 0.7874 0.4597 -0.4106
vn 0.4466 -0.8931 -0.0535
vn 0.9045 -0.4083 -0.1232
vn 0.0065 -0.9620 -0.2729
vn -0.6532 -0.5764 -0.4911
vn 0.5781 -0.7062 -0.4087
vn 0.8576 -0.0350 -0.5132
vn 0.2776 -0.9193 -0.2790
vn 0.8274 -0.3773 -0.4160
vn 0.7371 0.3966 -0.5471
vn 0.4797 -0.7798 -0.4023
vn 0.5062 -0.4596 -0.7297
vn 0.5766 -0.6983 -0.4241
vn 0.7784 0.4515 -0.4361
vn 0.1760 0.0343 -0.9838
vn 0.8822 0.0071 -0.4708
vn 0.6417 -0.6171 -0.4554
vn 0.5077 -0.3416 -0.7909
vn 0.8116 -0.4262 -0.3996
vn 0.4997 -0.8073 -0.3139
vn 0.7742 -0.4745 -0.4190
vn 0.8405 0.5415 -0.0176
vn -0.5457 -0.8317 -0.1022
vn 0.9899 0.1400 0.0239
vn 0.1592 -0.9528 -0.2583
vn 0.6860 -0.6187 -0.3829
vn 0.5676 -0.7624 -0.3107
vn 0.5157 -0.8454 0.1392
vn 0.9791 0.1137 -0.1686
vn 0.4862 -0.8699 0.0833
vn 0.7871 -0.6023 0.1334
vn 0.8100 0.5647 0.1580
vn -0.5275 -0.7413 -0.4150
vn 0.2365 -0.9605 -0.1470
vn 0.7234 -0.6765 0.1380
vn 0.8388 0.5271 -0.1359
vn 0.7246 -0.6787 0.1192
vn 0.5358 -0.8403 0.0820
vn 0.5122 -0.8562 0.0679
vn 0.7766 -0.6255 0.0749
vn -0.5892 -0.7812 0.2063
vn 0.0646 -0.9949 0.0769
vn 0.7045 -0.7072 -0.0587
vn 0.1670 -0.9742 -0.1516
vn 0.9869 0.1458 0.0691
vn -0.5795 -0.8144 -0.0308
vn 0.8240 -0.5587 -0.0948
vn 0.5094 -0.8489 -0.1408
vn 0.5543 -0.8239 -0.1180
vn -0.3980 -0.5543 0.7310
vn 0.0060 -0.2637 0.9646
vn 0.1550 -0.1436 0.9774
vn 0.4415 0.1326 0.8874
vn 0.6536 0.3869 0.6505
vn 0.8299 0.5560 0.0461
vn -0.4647 -0.6365 0.6156
vn -0.1625 -0.8149 0.5563
vn 0.3864 -0.8406 0.3796
vn 0.4798 -0.8103 0.3364
vn 0.7401 -0.1056 0.6642
vn 0.6611 -0.6302 0.4071
vn 0.6868 -0.3997 0.6071
vn -0.0646 -0.7596 0.6472
vn 0.2519 -0.5725 0.7802
vn 0.4457 -0.4337 0.7831
vn 0.7311 -0.2864 0.6193
vn 0.5460 -0.6024 -0.5822
vn 0.6641 -0.5487 -0.5079
vn 0.5160 -0.6833 -0.5167
vn -0.3200 -0.5964 -0.7361
vn 0.4743 -0.7450 -0.4690
vn -0.5700 -0.8194 -0.0605
vn -0.7888 0.6076 0.0926
vn -0.9949 0.0525 -0.0859
vn -0.3049 0.9427 0.1355
vn 0.2417 0.9689 0.0530
vn 0.6934 0.7170 -0.0716
vn -0.7799 -0.6104 -0.1384
vn 0.2139 0.9763 -0.0346
vn -0.8311 0.5509 0.0767
vn -0.5757 0.8107 0.1065
vn -0.6122 0.7828 -0.1116
vn -0.7931 0.6026 -0.0891
vn 0.1768 0.9142 -0.3647
vn 0.5853 0.6992 -0.4106
vn -0.8056 0.5900 -0.0535
vn -0.2509 0.9601 -0.1232
vn -0.9473 0.1677 -0.2729
vn -0.6777 -0.5473 -0.4911
vn -0.5993 0.6883 -0.4087
vn 0.1093 0.8513 -0.5132
vn -0.8597 0.4278 -0.2790
vn -0.2333 0.8789 -0.4160
vn 0.5146 0.6602 -0.5471
vn -0.6883 0.6036 -0.4023
vn -0.3683 0.5761 -0.7297
vn -0.5918 0.6855 -0.4241
vn 0.5757 0.6917 -0.4361
vn 0.0633 0.1677 -0.9838
vn 0.1549 0.8685 -0.4708
vn -0.5008 0.7361 -0.4554
vn -0.2517 0.5578 -0.7909
vn -0.2841 0.8716 -0.3996
vn -0.7121 0.6280 -0.3139
vn -0.3380 0.8427 -0.4190
vn 0.6747 0.7378 -0.0176
vn -0.9115 -0.3985 -0.1022
vn 0.3039 0.9524 0.0239
vn -0.9127 0.3167 -0.2583
vn -0.4949 0.7800 -0.3829
vn -0.6564 0.6874 -0.3107
vn -0.7470 0.6501 0.1392
vn 0.2762 0.9462 -0.1687
vn -0.7760 0.6251 0.0833
vn -0.4618 0.8769 0.1334
vn 0.6925 0.7039 0.1580
vn -0.8192 -0.3958 -0.4150
vn -0.9072 0.3942 -0.1470
vn -0.5456 0.8266 0.1380
vn 0.6603 0.7386 -0.1359
vn -0.5476 0.8282 0.1192
vn -0.7386 0.6691 0.0820
vn -0.7582 0.6485 0.0679
vn -0.4865 0.8705 0.0749
vn -0.8689 -0.4499 0.2063
vn -0.9700 0.2305 0.0769
vn -0.5791 0.8131 -0.0587
vn -0.9324 0.3280 -0.1516
vn 0.3092 0.9485 0.0691
vn -0.9000 -0.4348 -0.0308
vn -0.4126 0.9060 -0.0948
vn -0.7515 0.6445 -0.1408
vn -0.7193 0.6846 -0.1180
vn -0.6131 -0.2994 0.7310
vn -0.2589 0.0501 0.9646
vn -0.1156 0.1769 0.9774
vn 0.2048 0.4130 0.8874
vn 0.4910 0.5795 0.6505
vn 0.6873 0.7249 0.0461
vn -0.7054 -0.3514 0.6156
vn -0.8306 -0.0236 0.5563
vn -0.7639 0.5219 0.3796
vn -0.7184 0.6089 0.3364
vn 0.0200 0.7473 0.6642
vn -0.5105 0.7574 0.4071
vn -0.2789 0.7441 0.6071
vn -0.7597 0.0637 0.6472
vn -0.5222 0.3443 0.7802
vn -0.3528 0.5121 0.7831
vn -0.1598 0.7688 0.6193
vn -0.5023 0.6393 -0.5822
vn -0.4296 0.7467 -0.5079
vn -0.5871 0.6232 -0.5167
vn -0.6416 -0.2155 -0.7361
vn -0.6550 0.5925 -0.4690
vn -0.9034 -0.4245 -0.0605
vn 0.9927 0.1201 0.0137
vn 0.0125 0.0106 -0.9999
vn -0.8026 0.5965 -0.0038
vn 0.6681 0.7439 0.0163
vn 0.8294 -0.5586 0.0045
vn -0.5774 0.8165 0.0014
vn -0.2593 -0.9657 -0.0135
vn -0.8437 0.5369 -0.0049
vn 0.4536 -0.8912 -0.0038
vn 0.8454 0.5339 0.0163
vn -0.8072 -0.5900 -0.0164
vn 0.7081 -0.7061 0.0014
vn 0.2848 0.9585 0.0137
vn 0.3878 -0.9217 -0.0049
vn -0.4116 0.9113 0.0045
vn -0.7170 -0.6969 -0.0164
vn -0.9955 -0.0937 -0.0135
vn 0.2666 0.9485 -0.1713
vn 0.2308 -0.3604 0.9038
vn -0.4536 -0.8398 0.2984
vn -0.4180 0.4677 -0.7788
vn 0.3452 0.9137 -0.2144
vn 0.4090 -0.4652 0.7850
vn -0.4266 -0.8517 0.3043
vn -0.4896 0.5245 -0.6965
vn 0.3879 0.8820 -0.2676
vn 0.5591 -0.5891 0.5834
vn -0.3840 -0.8860 0.2600
vn -0.5536 0.5837 -0.5940
vn 0.3890 0.8712 -0.2995
vn 0.6404 -0.6901 0.3371
vn -0.3538 -0.9208 0.1639
vn -0.6034 0.6394 -0.4765
vn 0.3715 0.8840 -0.2839
vn 0.6642 -0.7393 0.1109
vn -0.3428 -0.9384 0.0427
vn -0.6351 0.6876 -0.3520
vn 0.3589 0.9082 -0.2151
vn 0.6697 -0.7410 -0.0491
vn -0.3354 -0.9378 -0.0898
vn -0.6476 0.7190 -0.2521
vn 0.3558 0.9287 -0.1046
vn 0.6817 -0.7208 -0.1253
vn -0.3173 -0.9217 -0.2230
vn -0.6466 0.7362 -0.1999
vn 0.3524 0.9357 0.0185
vn 0.6983 -0.7047 -0.1251
vn -0.2841 -0.8968 -0.3391
vn -0.6335 0.7484 -0.1965
vn 0.3448 0.9318 0.1138
vn 0.7064 -0.7032 -0.0807
vn -0.2436 -0.8736 -0.4213
vn -0.6072 0.7608 -0.2291
vn 0.3439 0.9267 0.1518
vn 0.7032 -0.7103 -0.0324
vn -0.2105 -0.8599 -0.4650
vn -0.5698 0.7718 -0.2823
vn 0.3634 0.9241 0.1180
vn 0.6993 -0.7147 -0.0092
vn -0.1969 -0.8576 -0.4751
vn -0.5265 0.7769 -0.3454
vn -0.0645 0.9899 -0.1265
vn -0.0465 -0.3066 0.9507
vn -0.2703 -0.9445 0.1865
vn -0.2895 0.3485 -0.8915
vn -0.0853 0.9920 -0.0931
vn 0.2113 -0.3418 0.9157
vn -0.1463 -0.9716 0.1862
vn -0.4461 0.3592 -0.8197
vn -0.1104 0.9922 -0.0571
vn 0.4896 -0.3614 0.7935
vn 0.0022 -0.9910 0.1338
vn -0.6028 0.3615 -0.7113
vn -0.1364 0.9904 -0.0224
vn 0.7215 -0.3548 0.5946
vn 0.1298 -0.9911 0.0300
vn -0.7313 0.3538 -0.5831
vn -0.1611 0.9869 0.0088
vn 0.8684 -0.3272 0.3727
vn 0.2051 -0.9747 -0.0886
vn -0.8258 0.3387 -0.4510
vn -0.1826 0.9825 0.0357
vn 0.9400 -0.2921 0.1762
vn 0.2351 -0.9534 -0.1891
vn -0.8883 0.3202 -0.3292
vn -0.1996 0.9782 0.0574
vn 0.9655 -0.2594 0.0224
vn 0.2401 -0.9346 -0.2624
vn -0.9259 0.3018 -0.2273
vn -0.2124 0.9745 0.0727
vn -0.2215 0.9719 0.0796
vn -0.2219 0.9718 0.0799
vn 0.9680 -0.2329 -0.0930
vn 0.2343 -0.9208 -0.3118
vn -0.9472 0.2854 -0.1461
vn -0.2298 0.9702 0.0769
vn -0.2301 0.9701 0.0768
vn 0.9603 -0.2129 -0.1802
vn 0.2249 -0.9123 -0.3422
vn -0.9590 0.2713 -0.0820
vn -0.2303 0.9701 0.0767
vn 0.9479 -0.1986 -0.2490
vn 0.2151 -0.9093 -0.3562
vn 0.2098 -0.9122 -0.3519
vn 0.2096 -0.9123 -0.3517
vn -0.9655 0.2587 -0.0303
vn -0.2375 0.9698 0.0559
vn 0.9326 -0.1876 -0.3082
vn 0.2094 -0.9124 -0.3516
vn -0.9686 0.2483 0.0142
vn 0.7383 -0.6736 0.0326
vn 0.2023 0.9545 0.2189
vn -0.7196 0.6870 -0.1016
vn -0.1892 -0.9466 -0.2611
vn 0.5800 -0.6908 0.4318
vn 0.4376 0.8353 -0.3329
vn -0.4770 0.5904 -0.6511
vn -0.3726 -0.9102 0.1811
vn 0.3673 -0.4943 0.7879
vn 0.6332 0.5947 -0.4953
vn -0.1990 0.2433 -0.9493
vn -0.5533 -0.7304 0.4005
vn 0.1585 -0.2542 0.9541
vn 0.7242 0.5208 -0.4520
vn -0.0008 0.0318 -0.9995
vn -0.6442 -0.6385 0.4210
vn -0.0305 -0.0544 0.9981
vn 0.7264 0.5586 -0.4005
vn 0.1418 -0.0706 -0.9874
vn -0.6595 -0.6339 0.4039
vn -0.2035 0.1055 0.9734
vn 0.6737 0.6244 -0.3953
vn 0.2380 -0.1344 -0.9619
vn -0.6390 -0.6532 0.4062
vn -0.3664 0.2365 0.8999
vn 0.6120 0.6620 -0.4328
vn 0.3127 -0.2036 -0.9278
vn -0.6239 -0.6548 0.4266
vn -0.5226 0.3465 0.7790
vn 0.5865 0.6518 -0.4808
vn 0.3986 -0.2904 -0.8699
vn -0.6496 -0.6245 0.4337
vn -0.6683 0.4370 0.6020
vn 0.6192 0.6054 -0.5001
vn 0.5116 -0.3827 -0.7693
vn -0.7223 -0.5724 0.3881
vn -0.7821 0.5043 0.3660
vn 0.7040 0.5449 -0.4555
vn 0.6423 -0.4644 -0.6098
vn -0.8153 -0.5164 0.2618
vn -0.8299 0.5491 0.0990
vn 0.8115 0.4910 -0.3169
vn 0.7552 -0.5253 -0.3921
vn -0.8815 -0.4691 0.0541
vn -0.8024 0.5815 -0.1341
vn 0.8861 0.4543 -0.0922
vn 0.8094 -0.5652 -0.1594
vn -0.8819 -0.4319 -0.1892
vn -0.7404 0.6111 -0.2800
vn 0.8899 0.4284 0.1569
vn 0.8062 -0.5910 0.0282
vn -0.8237 -0.3982 -0.4038
vn -0.6951 0.6332 -0.3406
vn 0.8374 0.4015 0.3710
vn 0.7789 -0.6102 0.1447
vn -0.7449 -0.3642 -0.5590
vn -0.4176 0.9077 -0.0418
vn -0.2032 -0.5104 0.8356
vn 0.0586 -0.9980 -0.0232
vn -0.1659 0.4109 -0.8965
vn -0.3876 0.9218 0.0049
vn 0.1182 -0.4273 0.8964
vn 0.1299 -0.9911 0.0298
vn -0.3911 0.3477 -0.8522
vn -0.3131 0.9496 0.0143
vn 0.4517 -0.3352 0.8268
vn 0.1849 -0.9813 0.0525
vn -0.5949 0.2962 -0.7472
vn -0.2313 0.9723 -0.0340
vn 0.7358 -0.2687 0.6216
vn 0.2238 -0.9737 0.0423
vn -0.7516 0.2655 -0.6038
vn -0.1838 0.9759 -0.1172
vn 0.9012 -0.2505 0.3538
vn 0.2269 -0.9736 0.0245
vn -0.8607 0.2524 -0.4422
vn -0.1757 0.9660 -0.1898
vn 0.9565 -0.2646 0.1226
vn 0.2117 -0.9772 0.0185
vn -0.9221 0.2537 -0.2921
vn -0.1849 0.9558 -0.2284
vn -0.1914 0.9544 -0.2292
vn -0.1917 0.9543 -0.2293
vn 0.9584 -0.2833 -0.0354
vn 0.1988 -0.9800 0.0057
vn -0.9471 0.2610 -0.1867
vn -0.1918 0.9543 -0.2293
vn 0.9483 -0.2899 -0.1289
vn 0.1918 -0.9808 -0.0368
vn -0.9536 0.2685 -0.1365
vn -0.1830 0.9663 -0.1811
vn 0.9479 -0.2730 -0.1645
vn 0.1933 -0.9714 -0.1382
vn -0.9481 0.2788 -0.1530
vn -0.1602 0.9870 -0.0149
vn 0.9683 -0.2323 -0.0921
vn 0.2285 -0.9096 -0.3470
vn -0.9098 0.3165 -0.2686
vn -0.2646 0.8958 0.3572
vn 0.9327 -0.3115 0.1815
vn 0.3679 -0.6967 -0.6158
vn -0.7696 0.4442 -0.4586
vn -0.0429 -0.9966 -0.0700
vn 0.8869 0.4533 -0.0888
vn 0.0386 0.9986 0.0374
vn -0.8907 -0.4522 0.0457
vn 0.0546 -0.9015 0.4292
vn 0.7564 0.3098 -0.5761
vn -0.1124 0.8072 -0.5794
vn -0.8092 -0.3929 0.4369
vn 0.2420 -0.5868 0.7727
vn 0.5599 -0.0598 -0.8264
vn -0.3343 0.3950 -0.8557
vn -0.6582 -0.1116 0.7445
vn 0.3714 -0.3528 0.8588
vn 0.4595 -0.2730 -0.8452
vn -0.4448 0.2112 -0.8704
vn -0.5377 0.1332 0.8326
vn 0.4477 -0.2158 0.8678
vn 0.3925 -0.3948 -0.8307
vn -0.4995 0.1271 -0.8569
vn -0.4454 0.3057 0.8415
vn 0.5149 -0.1044 0.8509
vn 0.3264 -0.4985 -0.8031
vn -0.5407 0.0660 -0.8386
vn -0.3513 0.4607 0.8150
vn 0.6045 0.0256 0.7962
vn 0.2374 -0.6215 -0.7466
vn -0.5983 -0.0177 -0.8010
vn -0.2302 0.6312 0.7407
vn 0.7306 0.1815 0.6582
vn 0.1097 -0.7763 -0.6208
vn -0.6986 -0.1461 -0.7004
vn -0.0785 0.8120 0.5784
vn 0.8523 0.3042 0.4255
vn -0.0187 -0.9113 -0.4113
vn -0.8173 -0.2717 -0.5081
vn 0.0534 0.9425 0.3299
vn 0.9203 0.3514 0.1722
vn -0.0953 -0.9771 -0.1903
vn -0.8976 -0.3372 -0.2840
vn 0.1190 0.9897 0.0791
vn 0.9372 0.3454 -0.0481
vn -0.1254 -0.9920 -0.0119
vn -0.9322 -0.3520 -0.0846
vn 0.1316 0.9839 -0.1205
vn 0.9191 0.3108 -0.2420
vn -0.1307 -0.9836 0.1246
vn -0.9365 -0.3395 0.0876
vn 0.1143 0.9535 -0.2787
vn 0.8632 0.2489 -0.4393
vn -0.1224 -0.9631 0.2399
vn -0.9168 -0.3071 0.2553
vn 0.0708 0.9032 -0.4234
vn 0.7294 0.1367 -0.6703
vn -0.0889 -0.9305 0.3553
vn -0.8573 -0.2397 0.4555
vn -0.0132 0.8144 -0.5802
vn -0.3189 -0.9123 0.2571
vn 0.9425 0.0993 -0.3191
vn 0.3105 0.9070 -0.2846
vn -0.9535 -0.1081 0.2813
vn -0.1423 -0.7257 0.6731
vn 0.8057 -0.0515 -0.5901
vn 0.0793 0.6406 -0.7638
vn -0.8635 -0.0282 0.5035
vn 0.0963 -0.3753 0.9219
vn 0.6360 -0.3174 -0.7034
vn -0.1959 0.2095 -0.9580
vn -0.7246 0.1790 0.6655
vn 0.2720 -0.0883 0.9582
vn 0.5295 -0.5081 -0.6794
vn -0.3510 -0.0468 -0.9352
vn -0.6062 0.3824 0.6973
vn 0.3873 0.1027 0.9162
vn 0.4573 -0.6309 -0.6267
vn -0.4417 -0.1902 -0.8768
vn -0.5113 0.5451 0.6644
vn 0.4819 0.2500 0.8398
vn 0.3907 -0.7311 -0.5593
vn -0.5112 -0.2918 -0.8084
vn -0.4196 0.6895 0.5904
vn 0.5807 0.3837 0.7180
vn 0.3150 -0.8292 -0.4618
vn -0.5834 -0.3869 -0.7141
vn -0.3179 0.8256 0.4662
vn 0.6878 0.4973 0.5288
vn 0.2282 -0.9212 -0.3151
vn -0.6707 -0.4820 -0.5637
vn -0.2121 0.9358 0.2815
vn 0.7779 0.5576 0.2897
vn 0.1530 -0.9791 -0.1343
vn -0.7557 -0.5467 -0.3607
vn -0.1306 0.9894 0.0641
vn 0.8282 0.5573 0.0580
vn 0.1095 -0.9936 0.0271
vn -0.8107 -0.5628 -0.1614
vn -0.0908 0.9873 -0.1306
vn 0.8424 0.5227 -0.1311
vn 0.0917 -0.9865 0.1354
vn -0.8352 -0.5499 -0.0073
vn -0.0829 0.9581 -0.2741
vn 0.8333 0.4770 -0.2795
vn 0.0845 -0.9787 0.1870
vn 0.0757 -0.9798 0.1851
vn 0.0761 -0.9798 0.1852
vn -0.8424 -0.5306 0.0943
vn -0.0916 0.9235 -0.3724
vn 0.8080 0.4291 -0.4037
vn 0.0755 -0.9798 0.1851
vn -0.8436 -0.5160 0.1488
vn -0.8443 -0.5118 0.1588
vn -0.8444 -0.5115 0.1593
vn -0.1079 0.8913 -0.4403
vn 0.7653 0.3770 -0.5217
vn 0.0566 -0.9909 0.1222
vn -0.8444 -0.5114 0.1597
vn -0.1247 0.8631 -0.4894
vn 0.0225 0.9298 -0.3674
vn 0.3843 -0.1011 0.9176
vn -0.2685 -0.7945 0.5447
vn -0.6323 0.2322 -0.7391
vn 0.0632 0.9287 -0.3653
vn 0.6598 -0.2528 0.7076
vn -0.1544 -0.8559 0.4936
vn -0.7553 0.3275 -0.5677
vn 0.0798 0.9236 -0.3750
vn 0.0759 0.9240 -0.3747
vn 0.0758 0.9241 -0.3747
vn 0.8265 -0.4155 0.3799
vn -0.0764 -0.9288 0.3627
vn -0.8267 0.4158 -0.3791
vn 0.0718 0.9245 -0.3743
vn 0.8471 -0.5260 0.0753
vn -0.0737 -0.9687 0.2372
vn -0.8505 0.4837 -0.2067
vn 0.0617 0.9337 -0.3527
vn 0.8081 -0.5762 -0.1221
vn -0.0978 -0.9829 0.1561
vn -0.8458 0.5285 -0.0724
vn 0.0635 0.9479 -0.3123
vn 0.7745 -0.5906 -0.2266
vn -0.1207 -0.9883 0.0930
vn -0.8333 0.5528 0.0085
vn 0.0795 0.9642 -0.2531
vn 0.7608 -0.5880 -0.2747
vn -0.1404 -0.9898 0.0231
vn -0.8231 0.5661 0.0458
vn 0.1072 0.9799 -0.1684
vn 0.7630 -0.5769 -0.2918
vn -0.1589 -0.9845 -0.0738
vn -0.8155 0.5765 0.0517
vn 0.1419 0.9889 -0.0445
vn 0.7748 -0.5596 -0.2941
vn -0.1723 -0.9607 -0.2177
vn -0.8057 0.5913 0.0350
vn 0.1703 0.9761 0.1349
vn 0.7922 -0.5356 -0.2926
vn -0.1643 -0.8923 -0.4205
vn -0.7870 0.6169 0.0077
vn 0.1615 0.9169 0.3651
vn 0.8072 -0.5089 -0.2992
vn -0.1127 -0.7447 -0.6578
vn -0.7634 0.6457 -0.0182
vn 0.0342 -0.6544 -0.7553
vn -0.8084 -0.0628 0.5853
vn 0.0366 0.4118 0.9105
vn 0.8846 -0.1789 -0.4306
vn 0.0870 -0.7959 -0.5992
vn -0.8635 0.1040 0.4935
vn -0.0491 0.6910 0.7211
vn 0.9026 -0.2062 -0.3779
vn 0.1294 -0.9010 -0.4141
vn -0.9233 0.2546 0.2875
vn -0.1273 0.8955 0.4264
vn 0.9242 -0.2566 -0.2830
vn 0.1505 -0.9590 -0.2400
vn -0.9454 0.3226 0.0473
vn -0.1549 0.9785 0.1365
vn 0.9411 -0.3007 -0.1547
vn 0.1542 -0.9821 -0.1082
vn -0.9322 0.3319 -0.1446
vn -0.1415 0.9881 -0.0595
vn 0.9458 -0.3238 -0.0238
vn 0.1506 -0.9882 -0.0265
vn -0.9076 0.3226 -0.2687
vn -0.1193 0.9794 -0.1631
vn 0.9405 -0.3304 0.0797
vn 0.1454 -0.9892 0.0206
vn -0.8893 0.3120 -0.3344
vn -0.1036 0.9706 -0.2174
vn 0.9333 -0.3312 0.1385
vn 0.9323 -0.3331 0.1406
vn 0.9314 -0.3349 0.1427
vn 0.1368 -0.9892 0.0529
vn -0.8850 0.3033 -0.3532
vn -0.0940 0.9600 -0.2638
vn 0.9313 -0.3351 0.1430
vn 0.1196 -0.9888 0.0898
vn -0.8968 0.2964 -0.3285
vn -0.0886 0.9378 -0.3356
vn 0.9323 -0.3520 0.0837
vn 0.0925 -0.9832 0.1573
vn -0.9206 0.2979 -0.2527
vn -0.0982 0.8852 -0.4547
vn 0.9164 -0.3979 -0.0442
vn 0.0879 -0.9574 0.2751
vn -0.9324 0.3373 -0.1299
vn -0.1396 0.7804 -0.6095
vn 0.8514 -0.4782 -0.2153
vn -0.7700 -0.4780 -0.4227
vn 0.8225 -0.5340 0.1959
vn 0.7797 0.4834 0.3980
vn -0.8108 0.5407 -0.2241
vn -0.6055 -0.3698 -0.7047
vn 0.8148 -0.5315 0.2313
vn 0.6559 0.4071 0.6357
vn -0.7578 0.5758 -0.3070
vn -0.2812 -0.1146 -0.9528
vn 0.7604 -0.5660 0.3184
vn 0.4024 0.2117 0.8906
vn -0.6484 0.6599 -0.3796
vn 0.0948 0.1896 -0.9773
vn 0.6184 -0.6831 0.3887
vn 0.0549 -0.0725 0.9959
vn -0.5066 0.7727 -0.3825
vn 0.3323 0.3666 -0.8690
vn 0.4324 -0.8311 0.3496
vn -0.2653 -0.3199 0.9096
vn -0.3854 0.8641 -0.3236
vn 0.4785 0.4583 -0.7490
vn 0.2598 -0.9419 0.2129
vn -0.5100 -0.4757 0.7167
vn -0.2937 0.9234 -0.2472
vn 0.5864 0.5126 -0.6272
vn 0.1290 -0.9912 0.0305
vn -0.6830 -0.5475 0.4835
vn -0.2209 0.9605 -0.1691
vn 0.6762 0.5430 -0.4979
vn 0.0682 -0.9903 -0.1212
vn -0.7829 -0.5625 0.2659
vn -0.1712 0.9794 -0.1067
vn 0.7448 0.5541 -0.3718
vn 0.0739 -0.9817 -0.1754
vn -0.8210 -0.5610 0.1059
vn -0.1496 0.9844 -0.0925
vn 0.7867 0.5547 -0.2711
vn 0.1043 -0.9853 -0.1356
vn -0.8246 -0.5656 0.0061
vn -0.1427 0.9807 -0.1335
vn 0.8071 0.5520 -0.2093
vn 0.1273 -0.9905 -0.0515
vn -0.8156 -0.5764 -0.0509
vn -0.1357 0.9682 -0.2102
vn 0.8164 0.5465 -0.1867
vn 0.8202 0.5385 -0.1931
vn 0.8204 0.5381 -0.1935
vn 0.1370 -0.9904 0.0169
vn -0.8036 -0.5882 -0.0913
vn -0.1238 0.9477 -0.2943
vn 0.8205 0.5378 -0.1937
vn 0.1421 -0.9893 0.0327
vn -0.7890 -0.5986 -0.1382
vn -0.1102 0.9250 -0.3636
vn 0.8211 0.5272 -0.2187
vn 0.1493 -0.9887 -0.0150
vn -0.7689 -0.6062 -0.2032
vn -0.1004 0.9079 -0.4070
vn 0.1398 -0.9138 -0.3814
vn 0.8057 0.5017 0.3150
vn -0.1359 0.9244 0.3565
vn -0.8019 -0.4894 -0.3427
vn 0.1850 -0.7150 -0.6742
vn 0.7803 0.4367 0.4477
vn -0.1721 0.7774 0.6051
vn -0.7697 -0.3679 -0.5218
vn 0.2460 -0.2861 -0.9261
vn 0.7402 0.2308 0.6316
vn -0.2238 0.4404 0.8695
vn -0.7213 -0.0859 -0.6873
vn 0.3159 0.2076 -0.9258
vn 0.6905 -0.1371 0.7102
vn -0.2906 -0.0317 0.9563
vn -0.6654 0.2848 -0.6900
vn 0.3761 0.4841 -0.7900
vn 0.6334 -0.4889 0.5998
vn -0.3621 -0.4182 0.8331
vn -0.6191 0.5474 -0.5631
vn 0.4210 0.6225 -0.6598
vn 0.5686 -0.7245 0.3897
vn -0.4305 -0.6491 0.6271
vn -0.5788 0.6975 -0.4225
vn 0.4552 0.7032 -0.5462
vn 0.5030 -0.8490 0.1617
vn -0.4928 -0.7662 0.4125
vn -0.5405 0.7887 -0.2930
vn 0.4880 0.7570 -0.4345
vn 0.4582 -0.8886 -0.0218
vn -0.5395 -0.8131 0.2187
vn -0.5091 0.8395 -0.1896
vn 0.5239 0.7922 -0.3130
vn 0.4519 -0.8840 -0.1197
vn -0.5613 -0.8260 0.0514
vn -0.4897 0.8608 -0.1386
vn 0.5552 0.8116 -0.1817
vn 0.4743 -0.8712 -0.1266
vn -0.5542 -0.8269 -0.0959
vn -0.4749 0.8667 -0.1525
vn 0.5696 0.8196 -0.0610
vn 0.4955 -0.8666 -0.0593
vn -0.5207 -0.8257 -0.2170
vn -0.4478 0.8661 -0.2223
vn 0.5719 0.8202 0.0105
vn 0.5794 0.8149 0.0161
vn 0.5797 0.8146 0.0164
vn 0.4970 -0.8674 0.0229
vn -0.4763 -0.8262 -0.3010
vn -0.4019 0.8600 -0.3144
vn 0.5800 0.8144 0.0166
vn 0.4942 -0.8672 0.0605
vn -0.4406 -0.8268 -0.3496
vn -0.3544 0.8486 -0.3928
vn 0.5986 0.8004 -0.0311
vn 0.5049 -0.8625 0.0346
vn -0.4219 -0.8259 -0.3740
vn -0.3258 0.8375 -0.4388
vn -0.7322 0.6466 -0.2140
vn -0.0488 -0.9078 -0.4164
vn 0.7476 -0.6366 0.1893
vn 0.0663 0.9187 0.3895
vn -0.5089 0.7223 -0.4683
vn -0.0773 -0.9278 -0.3651
vn 0.5769 -0.7085 0.4065
vn 0.1486 0.9417 0.3019
vn -0.1774 0.7225 -0.6682
vn -0.1429 -0.9431 -0.3004
vn 0.2947 -0.7325 0.6136
vn 0.2542 0.9348 0.2479
vn 0.1419 0.6517 -0.7451
vn -0.2455 -0.9358 -0.2531
vn -0.0345 -0.6830 0.7296
vn 0.3400 0.9099 0.2377
vn 0.3611 0.5677 -0.7398
vn -0.3513 -0.9042 -0.2429
vn -0.3165 -0.5878 0.7445
vn 0.3877 0.8883 0.2461
vn 0.4946 0.5001 -0.7109
vn -0.4366 -0.8612 -0.2601
vn -0.5171 -0.4869 0.7039
vn 0.4103 0.8763 0.2525
vn 0.5716 0.4536 -0.6837
vn -0.4988 -0.8174 -0.2880
vn -0.6448 -0.4023 0.6499
vn 0.4236 0.8694 0.2545
vn 0.6080 0.4297 -0.6675
vn 0.6064 0.4336 -0.6666
vn 0.6072 0.4317 -0.6671
vn -0.5434 -0.7785 -0.3140
vn -0.7122 -0.3462 0.6107
vn 0.4374 0.8614 0.2583
vn 0.6063 0.4337 -0.6666
vn -0.5811 -0.7426 -0.3329
vn -0.7302 -0.3247 0.6011
vn 0.4549 0.8487 0.2697
vn 0.5568 0.4778 -0.6795
vn -0.6274 -0.6983 -0.3445
vn -0.7054 -0.3386 0.6227
vn 0.4760 0.8296 0.2918
vn 0.4408 0.5803 -0.6848
vn -0.6987 -0.6294 -0.3401
vn -0.6319 -0.3941 0.6674
vn 0.5039 0.7990 0.3282
vn 0.2609 0.7407 -0.6192
vn -0.8004 -0.5264 -0.2867
vn -0.4955 -0.5105 0.7027
vn 0.5589 0.7409 0.3724
vn 0.0916 0.8938 -0.4391
vn -0.8962 -0.4160 -0.1541
vn -0.3367 -0.6601 0.6715
vn 0.6500 0.6556 0.3843
vn -0.0056 0.9732 -0.2297
vn -0.9458 -0.3244 0.0138
vn -0.2454 -0.7558 0.6071
vn 0.7249 0.5921 0.3520
vn 0.5893 -0.4365 0.6798
vn -0.2898 0.9417 0.1710
vn -0.5620 0.4481 -0.6952
vn 0.3178 -0.9297 -0.1862
vn 0.4135 -0.4959 0.7636
vn -0.0824 0.9933 0.0810
vn -0.3204 0.5110 -0.7977
vn 0.1772 -0.9776 -0.1140
vn 0.1506 -0.5186 0.8417
vn 0.1702 0.9851 0.0264
vn -0.0119 0.5052 -0.8629
vn -0.0329 -0.9983 -0.0477
vn -0.1417 -0.4692 0.8716
vn 0.3814 0.9240 0.0281
vn 0.2616 0.4286 -0.8648
vn -0.2667 -0.9635 -0.0238
vn -0.3816 -0.3702 0.8470
vn 0.5003 0.8641 0.0552
vn 0.4303 0.3434 -0.8348
vn -0.4558 -0.8890 -0.0451
vn -0.5448 -0.2664 0.7951
vn 0.5486 0.8328 0.0738
vn 0.5582 0.8262 0.0759
vn 0.5581 0.8263 0.0759
vn 0.5162 0.2869 -0.8070
vn -0.5790 -0.8108 -0.0859
vn -0.6465 -0.1829 0.7407
vn 0.5519 0.8311 0.0682
vn 0.5520 0.8310 0.0684
vn 0.5561 0.2575 -0.7902
vn -0.6491 -0.7503 -0.1250
vn -0.7046 -0.1282 0.6979
vn 0.5518 0.8312 0.0681
vn 0.5753 0.2422 -0.7813
vn 0.5800 0.2380 -0.7791
vn 0.5802 0.2378 -0.7790
vn -0.6815 -0.7161 -0.1507
vn -0.7291 -0.1040 0.6764
vn -0.7232 -0.1084 0.6821
vn -0.7230 -0.1086 0.6823
vn 0.5395 0.8400 0.0584
vn 0.5803 0.2377 -0.7789
vn -0.6898 -0.7063 -0.1590
vn -0.6899 -0.7066 -0.1574
vn -0.6901 -0.7068 -0.1558
vn -0.7228 -0.1087 0.6824
vn 0.5248 0.8496 0.0532
vn 0.5158 0.8545 0.0610
vn 0.5162 0.8543 0.0606
vn 0.5601 0.2544 -0.7884
vn -0.6901 -0.7068 -0.1556
vn -0.6848 -0.1399 0.7152
vn 0.5156 0.8546 0.0612
vn 0.5031 0.3029 -0.8094
vn -0.7011 -0.6968 -0.1516
vn -0.6214 -0.1910 0.7598
vn 0.5262 0.8460 0.0861
vn 0.4128 0.3840 -0.8259
vn -0.7391 -0.6564 -0.1513
vn -0.5572 -0.2428 0.7941
vn 0.5629 0.8183 0.1165
vn 0.3183 0.4785 -0.8184
vn -0.8012 -0.5808 -0.1438
vn -0.5185 -0.2759 0.8093
vn 0.6107 0.7806 0.1327
vn 0.2482 0.5546 -0.7942
vn -0.8645 -0.4866 -0.1264
vn 0.3791 -0.8756 -0.2992
vn 0.1034 0.7830 -0.6133
vn -0.4502 0.8549 0.2577
vn -0.1635 -0.8003 0.5769
vn 0.4338 -0.8688 -0.2386
vn -0.4179 0.4890 -0.7657
vn -0.6387 0.7424 0.2021
vn 0.1781 -0.6539 0.7354
vn 0.5338 -0.8253 -0.1841
vn -0.7101 0.1828 -0.6799
vn -0.7436 0.6247 0.2384
vn 0.4910 -0.4195 0.7635
vn 0.6253 -0.7634 -0.1622
vn -0.7946 0.0411 -0.6057
vn -0.7728 0.5733 0.2722
vn 0.6752 -0.2068 0.7081
vn 0.6937 -0.7037 -0.1535
vn -0.8240 -0.0510 -0.5643
vn -0.7825 0.5622 0.2677
vn 0.7727 -0.0338 0.6339
vn 0.7494 -0.6451 -0.1491
vn -0.8346 -0.1345 -0.5343
vn -0.7928 0.5621 0.2356
vn 0.8278 0.1215 0.5477
vn 0.7977 -0.5825 -0.1557
vn -0.8416 -0.2307 -0.4884
vn -0.8087 0.5561 0.1919
vn 0.8594 0.2723 0.4328
vn 0.8343 -0.5193 -0.1854
vn -0.8519 -0.3502 -0.3894
vn -0.8306 0.5346 0.1557
vn 0.8693 0.4137 0.2705
vn 0.8498 -0.4711 -0.2367
vn -0.8541 -0.4695 -0.2239
vn -0.8534 0.5023 0.1391
vn 0.8510 0.5209 0.0662
vn 0.8435 -0.4522 -0.2898
vn -0.8349 -0.5496 -0.0288
vn -0.8708 0.4725 0.1357
vn 0.8059 0.5730 -0.1491
vn 0.8247 -0.4621 -0.3260
vn -0.8002 -0.5792 0.1553
vn -0.8824 0.4520 0.1308
vn 0.7451 0.5683 -0.3491
vn 0.8036 -0.4909 -0.3365
vn -0.7610 -0.5693 0.3110
vn -0.8930 0.4360 0.1120
vn 0.6775 0.5155 -0.5247
vn 0.7884 -0.5249 -0.3207
vn -0.7216 -0.5352 0.4390
vn -0.9090 0.4103 0.0733
vn 0.6037 0.4214 -0.6768
vn 0.7888 -0.5416 -0.2906
vn -0.6819 -0.4828 0.5495
vn -0.9337 0.3579 0.0118
vn 0.5132 0.2923 -0.8069
vn -0.2254 -0.8279 -0.5135
vn 0.2837 0.8060 -0.5195
vn 0.1653 0.8455 0.5077
vn -0.3344 -0.7904 0.5133
vn -0.1517 -0.8609 -0.4857
vn -0.1571 0.8419 -0.5163
vn -0.0659 0.8596 0.5067
vn -0.0471 -0.8446 0.5334
vn -0.0043 -0.8852 -0.4651
vn -0.7202 0.6103 -0.3300
vn -0.2886 0.7694 0.5698
vn 0.3767 -0.7910 0.4821
vn 0.1532 -0.8644 -0.4790
vn -0.9047 0.3904 -0.1706
vn -0.3635 0.6780 0.6389
vn -0.3636 0.6777 0.6391
vn -0.3637 0.6776 0.6392
vn 0.7085 -0.6100 0.3548
vn 0.2589 -0.8304 -0.4934
vn -0.9394 0.3149 -0.1357
vn -0.3672 0.6696 0.6456
vn 0.8768 -0.4200 0.2342
vn 0.3294 -0.8091 -0.4866
vn -0.9558 0.2592 -0.1390
vn -0.3722 0.7144 0.5925
vn 0.9545 -0.2620 0.1421
vn 0.3862 -0.7986 -0.4615
vn -0.9679 0.1964 -0.1569
vn -0.3931 0.7748 0.4951
vn 0.9903 -0.1262 0.0575
vn 0.4354 -0.7929 -0.4264
vn -0.9834 0.1044 -0.1485
vn -0.4328 0.8213 0.3716
vn 0.9990 -0.0061 -0.0440
vn 0.4765 -0.7909 -0.3840
vn -0.9965 -0.0074 -0.0832
vn -0.4888 0.8372 0.2451
vn 0.9820 0.0886 -0.1668
vn 0.5119 -0.7912 -0.3345
vn -0.9943 -0.1048 0.0185
vn -0.5517 0.8233 0.1334
vn 0.9456 0.1462 -0.2905
vn 0.5438 -0.7910 -0.2804
vn -0.9780 -0.1704 0.1206
vn -0.6109 0.7906 0.0414
vn 0.9029 0.1685 -0.3955
vn 0.5732 -0.7888 -0.2221
vn -0.9574 -0.2073 0.2010
vn -0.6611 0.7493 -0.0388
vn 0.8645 0.1650 -0.4747
vn 0.6023 -0.7829 -0.1563
vn -0.9407 -0.2267 0.2524
vn -0.7030 0.7010 -0.1196
vn 0.8357 0.1447 -0.5298
vn 0.6367 -0.7670 -0.0796
vn -0.9325 -0.2371 0.2723
vn -0.7382 0.6395 -0.2148
vn 0.8156 0.1200 -0.5661
vn -0.3009 -0.8910 0.3400
vn -0.0533 0.1584 -0.9859
vn 0.2133 0.9180 -0.3345
vn -0.0304 -0.1330 0.9906
vn -0.2683 -0.8952 0.3558
vn -0.3260 0.2230 -0.9187
vn 0.0298 0.9556 -0.2930
vn 0.0996 -0.1677 0.9808
vn -0.1578 -0.9181 0.3635
vn -0.6075 0.2561 -0.7519
vn -0.1401 0.9694 -0.2016
vn 0.3323 -0.2114 0.9192
vn 0.0264 -0.9505 0.3097
vn -0.7767 0.2364 -0.5839
vn -0.2646 0.9603 -0.0884
vn 0.5983 -0.2287 0.7680
vn 0.2222 -0.9585 0.1786
vn -0.8373 0.1890 -0.5131
vn -0.3424 0.9395 -0.0069
vn 0.8084 -0.1930 0.5561
vn 0.3848 -0.9229 0.0131
vn -0.8638 0.1350 -0.4854
vn -0.4031 0.9149 0.0231
vn 0.9303 -0.1064 0.3509
vn 0.5144 -0.8452 -0.1451
vn -0.8666 0.0862 -0.4914
vn -0.4624 0.8864 0.0219
vn 0.9787 0.0107 0.2051
vn 0.6233 -0.7326 -0.2735
vn -0.8422 0.0588 -0.5359
vn -0.5166 0.8561 0.0156
vn 0.9802 0.1294 0.1496
vn 0.7180 -0.5974 -0.3572
vn -0.7896 0.0702 -0.6096
vn -0.5614 0.8272 0.0232
vn 0.9569 0.2141 0.1963
vn 0.7962 -0.4645 -0.3877
vn -0.7124 0.1313 -0.6894
vn -0.5997 0.7983 0.0544
vn 0.9169 0.2276 0.3280
vn 0.8457 -0.3698 -0.3847
vn -0.6214 0.2312 -0.7486
vn -0.6428 0.7594 0.1003
vn 0.8629 0.1471 0.4834
vn -0.1585 -0.9852 -0.0649
vn 0.9148 0.3527 -0.1966
vn 0.1476 0.9888 0.0228
vn -0.9226 -0.3507 0.1606
vn -0.0333 -0.9601 0.2777
vn 0.6486 0.2700 -0.7116
vn -0.0623 0.9122 -0.4049
vn -0.7486 -0.3220 0.5796
vn 0.2548 -0.7893 0.5587
vn 0.2472 -0.0224 -0.9687
vn -0.4152 0.6516 -0.6348
vn -0.4290 -0.1170 0.8957
vn 0.4834 -0.6046 0.6331
vn 0.0729 -0.2070 -0.9756
vn -0.6045 0.4805 -0.6354
vn -0.1993 0.0856 0.9762
vn 0.6250 -0.4642 0.6277
vn -0.0075 -0.3063 -0.9519
vn -0.6971 0.3809 -0.6075
vn -0.0652 0.2240 0.9724
vn 0.7321 -0.3385 0.5911
vn -0.0669 -0.3837 -0.9210
vn -0.7619 0.3000 -0.5740
vn 0.0376 0.3454 0.9377
vn 0.8326 -0.1989 0.5168
vn -0.1382 -0.4820 -0.8652
vn -0.8282 0.2055 -0.5214
vn 0.1440 0.4908 0.8593
vn 0.9261 -0.0407 0.3750
vn -0.2326 -0.6310 -0.7401
vn -0.9047 0.0792 -0.4186
vn 0.2557 0.6735 0.6935
vn 0.9819 0.0887 0.1675
vn -0.3136 -0.7949 -0.5195
vn -0.9662 -0.0448 -0.2540
vn 0.3303 0.8393 0.4319
vn 0.9884 0.1468 -0.0394
vn -0.3436 -0.9003 -0.2672
vn -0.9897 -0.1185 -0.0803
vn 0.3436 0.9273 0.1482
vn 0.9679 0.1500 -0.2015
vn -0.3354 -0.9410 -0.0453
vn -0.9875 -0.1466 0.0572
vn 0.3173 0.9432 -0.0986
vn 0.9377 0.1233 -0.3249
vn -0.3090 -0.9405 0.1411
vn -0.9762 -0.1525 0.1545
vn 0.2720 0.9104 -0.3119
vn 0.8999 0.0712 -0.4302
vn -0.2697 -0.9095 0.3162
vn -0.9626 -0.1521 0.2241
vn 0.2088 0.8264 -0.5229
vn 0.8439 -0.0151 -0.5364
vn -0.2097 -0.8260 0.5232
vn -0.9510 -0.1434 0.2738
vn 0.1106 0.6379 -0.7621
vn -0.2135 0.8653 -0.4535
vn -0.6505 -0.7586 -0.0361
vn 0.2236 -0.8755 0.4284
vn 0.6520 0.7575 0.0333
vn -0.0721 0.3438 -0.9363
vn -0.8143 -0.2879 0.5041
vn 0.0634 -0.5188 0.8525
vn 0.7979 0.0883 -0.5963
vn -0.2863 -0.2473 -0.9257
vn -0.6714 0.4056 0.6202
vn 0.1972 0.0403 0.9795
vn 0.5462 -0.6200 -0.5632
vn -0.4079 -0.3994 -0.8210
vn -0.5329 0.6882 0.4924
vn 0.3220 0.2836 0.9033
vn 0.4625 -0.7757 -0.4294
vn -0.4581 -0.4950 -0.7383
vn -0.4602 0.8077 0.3685
vn 0.3888 0.4233 0.8183
vn 0.4229 -0.8455 -0.3260
vn -0.4899 -0.5832 -0.6480
vn -0.4148 0.8782 0.2379
vn 0.4428 0.5434 0.7132
vn 0.4106 -0.8818 -0.2320
vn -0.5206 -0.6711 -0.5278
vn -0.3839 0.9191 0.0890
vn 0.5006 0.6579 0.5626
vn 0.4109 -0.9014 -0.1364
vn -0.5491 -0.7475 -0.3738
vn -0.3738 0.9252 -0.0649
vn 0.5539 0.7495 0.3627
vn 0.4191 -0.9070 -0.0402
vn -0.5632 -0.7983 -0.2133
vn -0.3914 0.9005 -0.1893
vn 0.5823 0.7993 0.1487
vn 0.4364 -0.8988 0.0407
vn -0.5613 -0.8243 -0.0739
vn -0.4246 0.8633 -0.2729
vn 0.5831 0.8112 -0.0447
vn 0.4585 -0.8837 0.0944
vn -0.5517 -0.8332 0.0368
vn -0.4581 0.8252 -0.3305
vn 0.5672 0.7963 -0.2104
vn 0.4773 -0.8702 0.1225
vn -0.5427 -0.8304 0.1262
vn -0.4859 0.7853 -0.3838
vn 0.5429 0.7575 -0.3626
vn 0.4862 -0.8637 0.1329
vn 0.4807 -0.8667 0.1332
vn 0.4809 -0.8666 0.1332
vn -0.5377 -0.8168 0.2092
vn -0.5106 0.7313 -0.4522
vn 0.5072 0.6831 -0.5255
vn 0.4805 -0.8668 0.1333
vn -0.5319 -0.7859 0.3154
vn -0.5340 0.6388 -0.5539
vn 0.4357 0.5328 -0.7254
vn 0.4665 -0.8757 0.1251
vn 0.1525 0.7467 -0.6475
vn -0.7961 -0.5936 -0.1175
vn -0.1452 -0.7556 0.6387
vn 0.8078 0.5799 0.1059
vn 0.3876 0.1700 -0.9060
vn -0.9728 -0.2073 0.1032
vn -0.3744 -0.2752 0.8855
vn 0.9873 0.1031 -0.1206
vn 0.2547 -0.5709 -0.7805
vn -0.9371 0.3441 0.0588
vn -0.3221 0.4018 0.8572
vn 0.8809 -0.4732 -0.0130
vn 0.1049 -0.7833 -0.6128
vn -0.8281 0.5528 -0.0932
vn -0.1749 0.7003 0.6921
vn 0.7744 -0.6152 0.1482
vn 0.0393 -0.8652 -0.4998
vn -0.7711 0.6074 -0.1908
vn -0.0936 0.8200 0.5646
vn 0.7375 -0.6351 0.2296
vn 0.0087 -0.9120 -0.4102
vn -0.7482 0.6127 -0.2546
vn -0.0417 0.8900 0.4541
vn 0.7380 -0.6194 0.2679
vn -0.0151 -0.9458 -0.3244
vn -0.7449 0.5990 -0.2936
vn 0.0092 0.9427 0.3336
vn 0.7575 -0.5925 0.2740
vn -0.0507 -0.9721 -0.2289
vn -0.7529 0.5823 -0.3068
vn -0.7562 0.5803 -0.3023
vn -0.7595 0.5783 -0.2980
vn 0.0718 0.9799 0.1861
vn 0.7795 -0.5730 0.2529
vn -0.1038 -0.9870 -0.1229
vn -0.7596 0.5782 -0.2978
vn 0.1399 0.9900 0.0197
vn 0.7880 -0.5762 0.2169
vn -0.1708 -0.9851 -0.0178
vn -0.7504 0.5953 -0.2874
vn 0.2066 0.9682 -0.1409
vn 0.7739 -0.6065 0.1826
vn -0.2471 -0.9660 0.0756
vn -0.7194 0.6265 -0.3001
vn 0.2730 0.9205 -0.2795
vn 0.7364 -0.6564 0.1637
vn -0.3253 -0.9335 0.1510
vn -0.6719 0.6531 -0.3494
vn 0.3391 0.8533 -0.3961
vn 0.6822 -0.7129 0.1625
vn -0.3924 -0.8965 0.2057
vn -0.6200 0.6504 -0.4389
vn 0.3961 0.7687 -0.5022
vn 0.6241 -0.7620 0.1727
vn -0.4314 -0.8702 0.2381
vn -0.5765 0.5836 -0.5719
vn 0.4221 0.6609 -0.6205
vn 0.5857 -0.7887 0.1869
vn -0.1702 0.6579 -0.7336
vn -0.4820 -0.8760 -0.0189
vn 0.1825 -0.6652 0.7240
vn 0.4979 0.8672 0.0082
vn 0.2092 0.3106 -0.9272
vn -0.7611 -0.6278 0.1630
vn -0.1631 -0.3796 0.9106
vn 0.8135 0.5542 -0.1761
vn 0.4478 -0.4697 -0.7608
vn -0.9908 -0.0828 0.1067
vn -0.4326 0.2632 0.8623
vn 0.9967 -0.0650 -0.0493
vn 0.3826 -0.7548 -0.5328
vn -0.9719 0.2065 -0.1126
vn -0.4179 0.6562 0.6283
vn 0.9496 -0.2667 0.1645
vn 0.3512 -0.8489 -0.3950
vn -0.9237 0.2832 -0.2579
vn -0.3790 0.8084 0.4505
vn 0.9187 -0.2905 0.2675
vn 0.3560 -0.8857 -0.2979
vn -0.8898 0.2838 -0.3574
vn -0.3624 0.8790 0.3099
vn 0.9143 -0.2580 0.3122
vn 0.3845 -0.8952 -0.2255
vn -0.8653 0.2486 -0.4354
vn -0.3588 0.9167 0.1759
vn 0.9274 -0.1972 0.3178
vn 0.4267 -0.8871 -0.1757
vn -0.8448 0.1922 -0.4994
vn -0.3580 0.9332 0.0322
vn 0.9507 -0.1237 0.2844
vn 0.4716 -0.8687 -0.1514
vn -0.8264 0.1238 -0.5492
vn -0.3513 0.9274 -0.1286
vn 0.9763 -0.0540 0.2096
vn 0.5053 -0.8510 -0.1430
vn -0.8117 0.0564 -0.5813
vn -0.3326 0.8951 -0.2970
vn 0.9939 -0.0075 0.1098
vn 0.5189 -0.8456 -0.1257
vn -0.7941 0.0130 -0.6076
vn -0.3047 0.8516 -0.4265
vn 0.9986 0.0088 0.0516
vn 0.6032 -0.7947 0.0671
vn 0.0829 -0.1057 -0.9909
vn -0.6242 -0.7520 0.2121
vn -0.3238 -0.9461 -0.0050
vn -0.3593 -0.9292 -0.0864
vn -0.3952 -0.9140 -0.0918
vn -0.4014 -0.9158 -0.0146
vn 0.4453 0.8954 -0.0000
vn 0.4799 0.8740 0.0765
vn 0.5382 0.8403 0.0654
vn 0.5631 0.8264 0.0001
vn 0.3674 -0.2293 0.9014
vn 0.2933 -0.0209 -0.9558
vn 0.5865 -0.1374 -0.7982
vn 0.9210 -0.3801 0.0850
vn 0.8491 -0.2772 -0.4496
vn -0.2496 0.0085 0.9683
vn 0.4935 0.8149 0.3040
vn -0.5251 -0.7921 -0.3113
vn 0.1764 0.1472 -0.9732
vn 0.8121 -0.5709 0.1203
vn -0.8033 0.5347 -0.2624
vn -0.1604 -0.1575 0.9744
vn -0.8342 0.5421 -0.1012
vn 0.5197 0.8342 0.1844
vn 0.8342 -0.5421 0.1012
vn -0.5197 -0.8342 -0.1844
vn 0.1844 0.1012 -0.9776
vn -0.1844 -0.1012 0.9776
vn -0.6823 0.7279 0.0671
vn -0.0903 0.0994 -0.9909
vn -0.8460 -0.4892 0.2121
vn -0.9870 -0.1606 -0.0050
vn -0.9763 -0.1984 -0.0864
vn -0.9673 -0.2363 -0.0918
vn -0.9701 -0.2422 -0.0146
vn 0.9574 0.2889 -0.0000
vn 0.9421 0.3266 0.0765
vn 0.9186 0.3897 0.0654
vn 0.9091 0.4166 0.0001
vn -0.1645 0.4006 0.9014
vn 0.0286 0.2926 -0.9558
vn -0.0372 0.6013 -0.7982
vn -0.2203 0.9717 0.0850
vn -0.1309 0.8836 -0.4496
vn -0.0335 -0.2475 0.9683
vn 0.8861 0.3499 0.3040
vn -0.8689 -0.3849 -0.3113
vn 0.1747 0.1493 -0.9732
vn -0.4267 0.8964 0.1203
vn 0.3925 -0.8815 -0.2624
vn -0.1822 -0.1317 0.9744
vn 0.3945 -0.9133 -0.1012
vn 0.9095 0.3725 0.1844
vn -0.3945 0.9133 0.1012
vn -0.9095 -0.3725 -0.1844
vn 0.1307 0.1648 -0.9776
vn -0.1307 -0.1648 0.9776
vt 0.000000 0.000000
s 1
usemtl Skin
f 75/1/1 72/1/1 3/1/1 6/1/1
f 74/1/2 71/1/2 2/1/2 5/1/2
f 76/1/3 70/1/3 1/1/3 7/1/3
f 70/1/4 73/1/4 4/1/4 1/1/4
f 78/1/5 87/1/5 11/1/5 4/1/5
f 169/1/6 74/1/6 5/1/6 79/1/6
f 1/1/7 4/1/7 11/1/7 8/1/7
f 71/1/8 75/1/8 6/1/8 2/1/8
f 72/1/9 76/1/9 7/1/9 3/1/9
f 3/1/10 7/1/10 14/1/10 10/1/10
f 6/1/11 3/1/11 10/1/11 13/1/11
f 8/1/12 11/1/12 17/1/12 15/1/12
f 87/1/13 96/1/13 17/1/13 11/1/13
f 2/1/14 6/1/14 13/1/14 9/1/14
f 7/1/15 1/1/15 8/1/15 14/1/15
f 5/1/16 2/1/16 9/1/16 12/1/16
f 79/1/17 5/1/17 12/1/17 88/1/17
f 68/1/18 21/1/18 24/1/18
f 15/1/19 17/1/19 22/1/19 19/1/19
f 67/1/20 64/1/20 20/1/20 23/1/20
f 14/1/21 8/1/21 15/1/21 18/1/21
f 96/1/22 101/1/22 22/1/22 17/1/22
f 64/1/23 68/1/23 24/1/23 20/1/23
f 9/1/24 13/1/24 69/1/24 65/1/24
f 10/1/25 14/1/25 18/1/25 16/1/25
f 101/1/26 110/1/26 29/1/26 22/1/26
f 88/1/27 12/1/27 66/1/27 160/1/27
f 19/1/28 22/1/28 29/1/28 26/1/28
f 16/1/29 18/1/29 25/1/29 21/1/29
f 12/1/30 9/1/30 65/1/30 66/1/30
f 18/1/31 15/1/31 19/1/31 25/1/31
f 20/1/32 24/1/32 31/1/32 27/1/32
f 25/1/33 19/1/33 26/1/33 32/1/33
f 144/1/34 119/1/34 36/1/34 52/1/34
f 102/1/35 23/1/35 30/1/35 111/1/35
f 52/1/36 36/1/36 33/1/36 49/1/36
f 23/1/37 20/1/37 27/1/37 30/1/37
f 21/1/38 25/1/38 32/1/38 28/1/38
f 24/1/39 21/1/39 28/1/39 31/1/39
f 47/1/40 48/1/40 35/1/40 38/1/40
f 26/1/41 29/1/41 52/1/41 49/1/41
f 50/1/42 47/1/42 38/1/42 34/1/42
f 51/1/43 49/1/43 33/1/43 39/1/43
f 36/1/44 119/1/44 128/1/44 43/1/44
f 142/1/45 53/1/45 37/1/45 120/1/45
f 53/1/46 50/1/46 34/1/46 37/1/46
f 48/1/47 51/1/47 39/1/47 35/1/47
f 29/1/48 110/1/48 144/1/48 52/1/48
f 35/1/49 39/1/49 46/1/49 42/1/49
f 38/1/50 35/1/50 42/1/50 45/1/50
f 34/1/51 38/1/51 45/1/51 41/1/51
f 39/1/52 33/1/52 40/1/52 46/1/52
f 120/1/53 37/1/53 44/1/53 129/1/53
f 37/1/54 34/1/54 41/1/54 44/1/54
f 28/1/55 32/1/55 51/1/55 48/1/55
f 30/1/56 27/1/56 50/1/56 53/1/56
f 33/1/57 36/1/57 43/1/57 40/1/57
f 111/1/58 30/1/58 53/1/58 142/1/58
f 32/1/59 26/1/59 49/1/59 51/1/59
f 27/1/60 31/1/60 47/1/60 50/1/60
f 31/1/61 28/1/61 48/1/61 47/1/61
f 153/1/62 58/1/62 54/1/62 145/1/62
f 145/1/63 54/1/63 55/1/63 147/1/63
f 147/1/64 55/1/64 56/1/64 149/1/64
f 149/1/65 56/1/65 57/1/65 151/1/65
f 151/1/66 57/1/66 43/1/66 128/1/66
f 73/1/67 170/1/67 78/1/67 4/1/67
f 129/1/68 44/1/68 58/1/68 153/1/68
f 44/1/69 41/1/69 59/1/69 58/1/69
f 41/1/70 45/1/70 62/1/70 59/1/70
f 45/1/71 42/1/71 61/1/71 62/1/71
f 40/1/72 43/1/72 57/1/72 60/1/72
f 42/1/73 46/1/73 63/1/73 61/1/73
f 46/1/74 40/1/74 60/1/74 63/1/74
f 58/1/75 59/1/75 62/1/75 54/1/75
f 54/1/76 62/1/76 61/1/76 55/1/76
f 55/1/77 61/1/77 63/1/77 56/1/77
f 56/1/78 63/1/78 60/1/78 57/1/78
f 13/1/79 10/1/79 16/1/79 69/1/79
f 68/1/80 69/1/80 16/1/80 21/1/80
f 68/1/81 64/1/81 65/1/81 69/1/81
f 67/1/82 161/1/82 160/1/82 66/1/82
f 64/1/83 67/1/83 66/1/83 65/1/83
f 161/1/84 67/1/84 23/1/84 102/1/84
f 175/1/85 84/1/85 81/1/85 172/1/85
f 174/1/86 83/1/86 80/1/86 171/1/86
f 176/1/87 85/1/87 77/1/87 168/1/87
f 168/1/88 77/1/88 82/1/88 173/1/88
f 78/1/89 82/1/89 91/1/89 87/1/89
f 169/1/90 79/1/90 83/1/90 174/1/90
f 77/1/91 86/1/91 91/1/91 82/1/91
f 171/1/92 80/1/92 84/1/92 175/1/92
f 172/1/93 81/1/93 85/1/93 176/1/93
f 81/1/94 90/1/94 94/1/94 85/1/94
f 84/1/95 93/1/95 90/1/95 81/1/95
f 86/1/96 95/1/96 98/1/96 91/1/96
f 87/1/97 91/1/97 98/1/97 96/1/97
f 80/1/98 89/1/98 93/1/98 84/1/98
f 85/1/99 94/1/99 86/1/99 77/1/99
f 83/1/100 92/1/100 89/1/100 80/1/100
f 79/1/101 88/1/101 92/1/101 83/1/101
f 166/1/102 107/1/102 104/1/102
f 95/1/103 100/1/103 105/1/103 98/1/103
f 165/1/104 106/1/104 103/1/104 162/1/104
f 94/1/105 99/1/105 95/1/105 86/1/105
f 96/1/106 98/1/106 105/1/106 101/1/106
f 162/1/107 103/1/107 107/1/107 166/1/107
f 89/1/108 163/1/108 167/1/108 93/1/108
f 90/1/109 97/1/109 99/1/109 94/1/109
f 101/1/110 105/1/110 114/1/110 110/1/110
f 88/1/111 160/1/111 164/1/111 92/1/111
f 100/1/112 109/1/112 114/1/112 105/1/112
f 97/1/113 104/1/113 108/1/113 99/1/113
f 92/1/114 164/1/114 163/1/114 89/1/114
f 99/1/115 108/1/115 100/1/115 95/1/115
f 103/1/116 112/1/116 116/1/116 107/1/116
f 108/1/117 117/1/117 109/1/117 100/1/117
f 144/1/118 141/1/118 123/1/118 119/1/118
f 102/1/119 111/1/119 115/1/119 106/1/119
f 141/1/120 138/1/120 118/1/120 123/1/120
f 106/1/121 115/1/121 112/1/121 103/1/121
f 104/1/122 113/1/122 117/1/122 108/1/122
f 107/1/123 116/1/123 113/1/123 104/1/123
f 136/1/124 125/1/124 122/1/124 137/1/124
f 109/1/125 138/1/125 141/1/125 114/1/125
f 139/1/126 121/1/126 125/1/126 136/1/126
f 140/1/127 126/1/127 118/1/127 138/1/127
f 123/1/128 132/1/128 128/1/128 119/1/128
f 142/1/129 120/1/129 124/1/129 143/1/129
f 143/1/130 124/1/130 121/1/130 139/1/130
f 137/1/131 122/1/131 126/1/131 140/1/131
f 114/1/132 141/1/132 144/1/132 110/1/132
f 122/1/133 131/1/133 135/1/133 126/1/133
f 125/1/134 134/1/134 131/1/134 122/1/134
f 121/1/135 130/1/135 134/1/135 125/1/135
f 126/1/136 135/1/136 127/1/136 118/1/136
f 120/1/137 129/1/137 133/1/137 124/1/137
f 124/1/138 133/1/138 130/1/138 121/1/138
f 113/1/139 137/1/139 140/1/139 117/1/139
f 115/1/140 143/1/140 139/1/140 112/1/140
f 118/1/141 127/1/141 132/1/141 123/1/141
f 111/1/142 142/1/142 143/1/142 115/1/142
f 117/1/143 140/1/143 138/1/143 109/1/143
f 112/1/144 139/1/144 136/1/144 116/1/144
f 116/1/145 136/1/145 137/1/145 113/1/145
f 153/1/146 145/1/146 146/1/146 154/1/146
f 145/1/147 147/1/147 148/1/147 146/1/147
f 147/1/148 149/1/148 150/1/148 148/1/148
f 149/1/149 151/1/149 152/1/149 150/1/149
f 151/1/150 128/1/150 132/1/150 152/1/150
f 173/1/151 82/1/151 78/1/151 170/1/151
f 129/1/152 153/1/152 154/1/152 133/1/152
f 133/1/153 154/1/153 155/1/153 130/1/153
f 130/1/154 155/1/154 158/1/154 134/1/154
f 134/1/155 158/1/155 157/1/155 131/1/155
f 127/1/156 156/1/156 152/1/156 132/1/156
f 131/1/157 157/1/157 159/1/157 135/1/157
f 135/1/158 159/1/158 156/1/158 127/1/158
f 154/1/159 146/1/159 158/1/159 155/1/159
f 146/1/160 148/1/160 157/1/160 158/1/160
f 148/1/161 150/1/161 159/1/161 157/1/161
f 150/1/162 152/1/162 156/1/162 159/1/162
f 93/1/163 167/1/163 97/1/163 90/1/163
f 166/1/164 104/1/164 97/1/164 167/1/164
f 166/1/165 167/1/165 163/1/165 162/1/165
f 165/1/166 164/1/166 160/1/166 161/1/166
f 162/1/167 163/1/167 164/1/167 165/1/167
f 161/1/168 102/1/168 106/1/168 165/1/168
f 73/1/169 70/1/169 185/1/169 178/1/169
f 178/1/170 185/1/170 179/1/170 180/1/170 181/1/170 182/1/170 183/1/170 184/1/170 191/1/170 190/1/170 189/1/170 188/1/170 187/1/170 192/1/170 186/1/170 177/1/170
f 175/1/171 172/1/171 188/1/171 189/1/171
f 173/1/172 170/1/172 177/1/172 186/1/172
f 70/1/173 76/1/173 179/1/173 185/1/173
f 172/1/174 176/1/174 187/1/174 188/1/174
f 71/1/175 74/1/175 183/1/175 182/1/175
f 171/1/176 175/1/176 189/1/176 190/1/176
f 72/1/177 75/1/177 181/1/177 180/1/177
f 170/1/178 73/1/178 178/1/178 177/1/178
f 169/1/179 174/1/179 191/1/179 184/1/179
f 76/1/180 72/1/180 180/1/180 179/1/180
f 168/1/181 173/1/181 186/1/181 192/1/181
f 75/1/182 71/1/182 182/1/182 181/1/182
f 176/1/183 168/1/183 192/1/183 187/1/183
f 74/1/184 169/1/184 184/1/184 183/1/184
f 174/1/185 171/1/185 190/1/185 191/1/185
f 1249/1/1204 1251/1/1204 1252/1/1204 1250/1/1204
f 1250/1/1205 1252/1/1205 1293/1/1205 1291/1/1205
f 1252/1/1206 1251/1/1206 1292/1/1206 1293/1/1206
f 1261/1/1207 1258/1/1207 1255/1/1207 1260/1/1207
f 1259/1/1208 1253/1/1208 1258/1/1208 1261/1/1208
f 1254/1/1209 1259/1/1209 1261/1/1209 1257/1/1209
f 1257/1/1210 1261/1/1210 1260/1/1210 1256/1/1210
f 1270/1/1211 1269/1/1211 1264/1/1211 1267/1/1211
f 1268/1/1212 1270/1/1212 1267/1/1212 1262/1/1212
f 1263/1/1213 1266/1/1213 1270/1/1213 1268/1/1213
f 1266/1/1214 1265/1/1214 1269/1/1214 1270/1/1214
f 1255/1/1215 1264/1/1215 1269/1/1215 1260/1/1215
f 1254/1/1216 1263/1/1216 1268/1/1216 1259/1/1216
f 1259/1/1217 1268/1/1217 1262/1/1217 1253/1/1217
f 1258/1/1218 1267/1/1218 1264/1/1218 1255/1/1218
f 1253/1/1219 1262/1/1219 1267/1/1219 1258/1/1219
f 1260/1/1220 1269/1/1220 1265/1/1220 1256/1/1220
f 1287/1/1233 1288/1/1233 1290/1/1233 1289/1/1233
f 1288/1/1234 1291/1/1234 1293/1/1234 1290/1/1234
f 1290/1/1235 1293/1/1235 1292/1/1235 1289/1/1235
f 1302/1/1236 1301/1/1236 1296/1/1236 1299/1/1236
f 1300/1/1237 1302/1/1237 1299/1/1237 1294/1/1237
f 1295/1/1238 1298/1/1238 1302/1/1238 1300/1/1238
f 1298/1/1239 1297/1/1239 1301/1/1239 1302/1/1239
f 1311/1/1240 1308/1/1240 1305/1/1240 1310/1/1240
f 1309/1/1241 1303/1/1241 1308/1/1241 1311/1/1241
f 1304/1/1242 1309/1/1242 1311/1/1242 1307/1/1242
f 1307/1/1243 1311/1/1243 1310/1/1243 1306/1/1243
f 1296/1/1244 1301/1/1244 1310/1/1244 1305/1/1244
f 1295/1/1245 1300/1/1245 1309/1/1245 1304/1/1245
f 1300/1/1246 1294/1/1246 1303/1/1246 1309/1/1246
f 1299/1/1247 1296/1/1247 1305/1/1247 1308/1/1247
f 1294/1/1248 1299/1/1248 1308/1/1248 1303/1/1248
f 1301/1/1249 1297/1/1249 1306/1/1249 1310/1/1249
usemtl Eyebrows
f 1273/1/1221 1271/1/1221 1272/1/1221 1274/1/1221
f 1278/1/1222 1277/1/1222 1275/1/1222 1276/1/1222
f 1273/1/1223 1274/1/1223 1277/1/1223 1278/1/1223
f 1274/1/1224 1272/1/1224 1275/1/1224 1277/1/1224
f 1271/1/1225 1273/1/1225 1278/1/1225 1276/1/1225
f 1272/1/1226 1271/1/1226 1276/1/1226 1275/1/1226
f 1314/1/1250 1315/1/1250 1313/1/1250 1312/1/1250
f 1319/1/1251 1317/1/1251 1316/1/1251 1318/1/1251
f 1314/1/1252 1319/1/1252 1318/1/1252 1315/1/1252
f 1315/1/1253 1318/1/1253 1316/1/1253 1313/1/1253
f 1312/1/1254 1317/1/1254 1319/1/1254 1314/1/1254
f 1313/1/1255 1316/1/1255 1317/1/1255 1312/1/1255
usemtl Hair
f 193/1/186 197/1/186 200/1/186 196/1/186
f 194/1/187 198/1/187 197/1/187 193/1/187
f 195/1/188 199/1/188 198/1/188 194/1/188
f 196/1/189 200/1/189 199/1/189 195/1/189
f 197/1/190 201/1/190 204/1/190 200/1/190
f 198/1/191 202/1/191 201/1/191 197/1/191
f 199/1/192 203/1/192 202/1/192 198/1/192
f 200/1/193 204/1/193 203/1/193 199/1/193
f 201/1/194 205/1/194 208/1/194 204/1/194
f 202/1/195 206/1/195 205/1/195 201/1/195
f 203/1/196 207/1/196 206/1/196 202/1/196
f 204/1/197 208/1/197 207/1/197 203/1/197
f 205/1/198 209/1/198 212/1/198 208/1/198
f 206/1/199 210/1/199 209/1/199 205/1/199
f 207/1/200 211/1/200 210/1/200 206/1/200
f 208/1/201 212/1/201 211/1/201 207/1/201
f 209/1/202 213/1/202 216/1/202 212/1/202
f 210/1/203 214/1/203 213/1/203 209/1/203
f 211/1/204 215/1/204 214/1/204 210/1/204
f 212/1/205 216/1/205 215/1/205 211/1/205
f 213/1/206 217/1/206 220/1/206 216/1/206
f 214/1/207 218/1/207 217/1/207 213/1/207
f 215/1/208 219/1/208 218/1/208 214/1/208
f 216/1/209 220/1/209 219/1/209 215/1/209
f 217/1/210 221/1/210 224/1/210 220/1/210
f 218/1/211 222/1/211 221/1/211 217/1/211
f 219/1/212 223/1/212 222/1/212 218/1/212
f 220/1/213 224/1/213 223/1/213 219/1/213
f 221/1/214 225/1/214 228/1/214 224/1/214
f 222/1/215 226/1/215 225/1/215 221/1/215
f 223/1/216 227/1/216 226/1/216 222/1/216
f 224/1/217 228/1/217 227/1/217 223/1/217
f 225/1/218 229/1/218 232/1/218 228/1/218
f 226/1/219 230/1/219 229/1/219 225/1/219
f 227/1/220 231/1/220 230/1/220 226/1/220
f 228/1/221 232/1/221 231/1/221 227/1/221
f 229/1/222 233/1/222 236/1/222 232/1/222
f 230/1/223 234/1/223 233/1/223 229/1/223
f 231/1/224 235/1/224 234/1/224 230/1/224
f 232/1/225 236/1/225 235/1/225 231/1/225
f 233/1/226 237/1/226 240/1/226 236/1/226
f 234/1/227 238/1/227 237/1/227 233/1/227
f 235/1/228 239/1/228 238/1/228 234/1/228
f 236/1/229 240/1/229 239/1/229 235/1/229
f 241/1/230 245/1/230 248/1/230 244/1/230
f 242/1/231 246/1/231 245/1/231 241/1/231
f 243/1/232 247/1/232 246/1/232 242/1/232
f 244/1/233 248/1/233 247/1/233 243/1/233
f 245/1/234 249/1/234 252/1/234 248/1/234
f 246/1/235 250/1/235 249/1/235 245/1/235
f 247/1/236 251/1/236 250/1/236 246/1/236
f 248/1/237 252/1/237 251/1/237 247/1/237
f 249/1/238 253/1/238 256/1/238 252/1/238
f 250/1/239 254/1/239 253/1/239 249/1/239
f 251/1/240 255/1/240 254/1/240 250/1/240
f 252/1/241 256/1/241 255/1/241 251/1/241
f 253/1/242 257/1/242 260/1/242 256/1/242
f 254/1/243 258/1/243 257/1/243 253/1/243
f 255/1/244 259/1/244 258/1/244 254/1/244
f 256/1/245 260/1/245 259/1/245 255/1/245
f 257/1/246 261/1/246 264/1/246 260/1/246
f 258/1/247 262/1/247 261/1/247 257/1/247
f 259/1/248 263/1/248 262/1/248 258/1/248
f 260/1/249 264/1/249 263/1/249 259/1/249
f 261/1/250 265/1/250 268/1/250 264/1/250
f 262/1/251 266/1/251 265/1/251 261/1/251
f 263/1/252 267/1/252 266/1/252 262/1/252
f 264/1/253 268/1/253 267/1/253 263/1/253
f 265/1/254 269/1/254 272/1/254 268/1/254
f 266/1/255 270/1/255 269/1/255 265/1/255
f 267/1/256 271/1/256 270/1/256 266/1/256
f 268/1/257 272/1/257 271/1/257 267/1/257
f 269/1/258 273/1/259 276/1/260 272/1/258
f 270/1/261 274/1/261 273/1/261 269/1/261
f 271/1/262 275/1/262 274/1/262 270/1/262
f 272/1/263 276/1/263 275/1/263 271/1/263
f 273/1/259 277/1/264 280/1/265 276/1/260
f 274/1/266 278/1/266 277/1/266 273/1/266
f 275/1/267 279/1/267 278/1/267 274/1/267
f 276/1/268 280/1/268 279/1/268 275/1/268
f 277/1/264 281/1/269 284/1/269 280/1/265
f 278/1/270 282/1/270 281/1/270 277/1/270
f 279/1/271 283/1/272 282/1/273 278/1/271
f 280/1/274 284/1/274 283/1/274 279/1/274
f 281/1/275 285/1/275 288/1/275 284/1/275
f 282/1/276 286/1/276 285/1/276 281/1/276
f 283/1/272 287/1/277 286/1/277 282/1/273
f 284/1/278 288/1/278 287/1/278 283/1/278
f 289/1/279 293/1/279 296/1/279 292/1/279
f 290/1/280 294/1/280 293/1/280 289/1/280
f 291/1/281 295/1/281 294/1/281 290/1/281
f 292/1/282 296/1/282 295/1/282 291/1/282
f 293/1/283 297/1/283 300/1/283 296/1/283
f 294/1/284 298/1/284 297/1/284 293/1/284
f 295/1/285 299/1/285 298/1/285 294/1/285
f 296/1/286 300/1/286 299/1/286 295/1/286
f 297/1/287 301/1/287 304/1/287 300/1/287
f 298/1/288 302/1/288 301/1/288 297/1/288
f 299/1/289 303/1/289 302/1/289 298/1/289
f 300/1/290 304/1/290 303/1/290 299/1/290
f 301/1/291 305/1/291 308/1/291 304/1/291
f 302/1/292 306/1/292 305/1/292 301/1/292
f 303/1/293 307/1/293 306/1/293 302/1/293
f 304/1/294 308/1/294 307/1/294 303/1/294
f 305/1/295 309/1/295 312/1/295 308/1/295
f 306/1/296 310/1/296 309/1/296 305/1/296
f 307/1/297 311/1/297 310/1/297 306/1/297
f 308/1/298 312/1/298 311/1/298 307/1/298
f 309/1/299 313/1/299 316/1/299 312/1/299
f 310/1/300 314/1/300 313/1/300 309/1/300
f 311/1/301 315/1/301 314/1/301 310/1/301
f 312/1/302 316/1/302 315/1/302 311/1/302
f 313/1/303 317/1/303 320/1/303 316/1/303
f 314/1/304 318/1/304 317/1/304 313/1/304
f 315/1/305 319/1/305 318/1/305 314/1/305
f 316/1/306 320/1/306 319/1/306 315/1/306
f 317/1/307 321/1/307 324/1/307 320/1/307
f 318/1/308 322/1/308 321/1/308 317/1/308
f 319/1/309 323/1/309 322/1/309 318/1/309
f 320/1/310 324/1/310 323/1/310 319/1/310
f 321/1/311 325/1/311 328/1/311 324/1/311
f 322/1/312 326/1/312 325/1/312 321/1/312
f 323/1/313 327/1/313 326/1/313 322/1/313
f 324/1/314 328/1/314 327/1/314 323/1/314
f 325/1/315 329/1/315 332/1/315 328/1/315
f 326/1/316 330/1/316 329/1/316 325/1/316
f 327/1/317 331/1/317 330/1/317 326/1/317
f 328/1/318 332/1/318 331/1/318 327/1/318
f 329/1/319 333/1/319 336/1/319 332/1/319
f 330/1/320 334/1/320 333/1/320 329/1/320
f 331/1/321 335/1/321 334/1/321 330/1/321
f 332/1/322 336/1/322 335/1/322 331/1/322
f 333/1/323 337/1/323 340/1/323 336/1/323
f 334/1/324 338/1/324 337/1/324 333/1/324
f 335/1/325 339/1/325 338/1/325 334/1/325
f 336/1/326 340/1/326 339/1/326 335/1/326
f 337/1/327 341/1/327 344/1/327 340/1/327
f 338/1/328 342/1/328 341/1/328 337/1/328
f 339/1/329 343/1/329 342/1/329 338/1/329
f 340/1/330 344/1/330 343/1/330 339/1/330
f 341/1/331 345/1/331 348/1/331 344/1/331
f 342/1/332 346/1/332 345/1/332 341/1/332
f 343/1/333 347/1/333 346/1/333 342/1/333
f 344/1/334 348/1/334 347/1/334 343/1/334
f 349/1/335 353/1/335 356/1/335 352/1/335
f 350/1/336 354/1/336 353/1/336 349/1/336
f 351/1/337 355/1/337 354/1/337 350/1/337
f 352/1/338 356/1/338 355/1/338 351/1/338
f 353/1/339 357/1/339 360/1/339 356/1/339
f 354/1/340 358/1/340 357/1/340 353/1/340
f 355/1/341 359/1/341 358/1/341 354/1/341
f 356/1/342 360/1/342 359/1/342 355/1/342
f 357/1/343 361/1/343 364/1/343 360/1/343
f 358/1/344 362/1/344 361/1/344 357/1/344
f 359/1/345 363/1/345 362/1/345 358/1/345
f 360/1/346 364/1/346 363/1/346 359/1/346
f 361/1/347 365/1/347 368/1/347 364/1/347
f 362/1/348 366/1/348 365/1/348 361/1/348
f 363/1/349 367/1/349 366/1/349 362/1/349
f 364/1/350 368/1/350 367/1/350 363/1/350
f 365/1/351 369/1/351 372/1/351 368/1/351
f 366/1/352 370/1/352 369/1/352 365/1/352
f 367/1/353 371/1/353 370/1/353 366/1/353
f 368/1/354 372/1/354 371/1/354 367/1/354
f 369/1/355 373/1/355 376/1/355 372/1/355
f 370/1/356 374/1/356 373/1/356 369/1/356
f 371/1/357 375/1/357 374/1/357 370/1/357
f 372/1/358 376/1/358 375/1/358 371/1/358
f 373/1/359 377/1/360 380/1/361 376/1/359
f 374/1/362 378/1/362 377/1/362 373/1/362
f 375/1/363 379/1/363 378/1/363 374/1/363
f 376/1/364 380/1/364 379/1/364 375/1/364
f 377/1/360 381/1/365 384/1/365 380/1/361
f 378/1/366 382/1/366 381/1/366 377/1/366
f 379/1/367 383/1/367 382/1/367 378/1/367
f 380/1/368 384/1/368 383/1/368 379/1/368
f 381/1/369 385/1/369 388/1/369 384/1/369
f 382/1/370 386/1/370 385/1/370 381/1/370
f 383/1/371 387/1/371 386/1/371 382/1/371
f 384/1/372 388/1/372 387/1/372 383/1/372
f 385/1/373 389/1/373 392/1/373 388/1/373
f 386/1/374 390/1/374 389/1/374 385/1/374
f 387/1/375 391/1/375 390/1/375 386/1/375
f 388/1/376 392/1/376 391/1/376 387/1/376
f 389/1/377 393/1/377 396/1/377 392/1/377
f 390/1/378 394/1/378 393/1/378 389/1/378
f 391/1/379 395/1/379 394/1/379 390/1/379
f 392/1/380 396/1/380 395/1/380 391/1/380
f 397/1/381 401/1/381 404/1/381 400/1/381
f 398/1/382 402/1/382 401/1/382 397/1/382
f 399/1/383 403/1/383 402/1/383 398/1/383
f 400/1/384 404/1/384 403/1/384 399/1/384
f 401/1/385 405/1/385 408/1/385 404/1/385
f 402/1/386 406/1/386 405/1/386 401/1/386
f 403/1/387 407/1/387 406/1/387 402/1/387
f 404/1/388 408/1/388 407/1/388 403/1/388
f 405/1/389 409/1/389 412/1/389 408/1/389
f 406/1/390 410/1/390 409/1/390 405/1/390
f 407/1/391 411/1/391 410/1/391 406/1/391
f 408/1/392 412/1/392 411/1/392 407/1/392
f 409/1/393 413/1/393 416/1/393 412/1/393
f 410/1/394 414/1/394 413/1/394 409/1/394
f 411/1/395 415/1/395 414/1/395 410/1/395
f 412/1/396 416/1/396 415/1/396 411/1/396
f 413/1/397 417/1/397 420/1/397 416/1/397
f 414/1/398 418/1/398 417/1/398 413/1/398
f 415/1/399 419/1/399 418/1/399 414/1/399
f 416/1/400 420/1/400 419/1/400 415/1/400
f 417/1/401 421/1/401 424/1/401 420/1/401
f 418/1/402 422/1/402 421/1/402 417/1/402
f 419/1/403 423/1/403 422/1/403 418/1/403
f 420/1/404 424/1/404 423/1/404 419/1/404
f 421/1/405 425/1/405 428/1/405 424/1/405
f 422/1/406 426/1/406 425/1/406 421/1/406
f 423/1/407 427/1/407 426/1/407 422/1/407
f 424/1/408 428/1/408 427/1/408 423/1/408
f 425/1/409 429/1/409 432/1/409 428/1/409
f 426/1/410 430/1/410 429/1/410 425/1/410
f 427/1/411 431/1/411 430/1/411 426/1/411
f 428/1/412 432/1/412 431/1/412 427/1/412
f 429/1/413 433/1/413 436/1/413 432/1/413
f 430/1/414 434/1/414 433/1/414 429/1/414
f 431/1/415 435/1/415 434/1/415 430/1/415
f 432/1/416 436/1/416 435/1/416 431/1/416
f 433/1/417 437/1/417 440/1/417 436/1/417
f 434/1/418 438/1/418 437/1/418 433/1/418
f 435/1/419 439/1/419 438/1/419 434/1/419
f 436/1/420 440/1/420 439/1/420 435/1/420
f 437/1/421 441/1/421 444/1/421 440/1/421
f 438/1/422 442/1/422 441/1/422 437/1/422
f 439/1/423 443/1/423 442/1/423 438/1/423
f 440/1/424 444/1/424 443/1/424 439/1/424
f 441/1/425 445/1/425 448/1/425 444/1/425
f 442/1/426 446/1/426 445/1/426 441/1/426
f 443/1/427 447/1/427 446/1/427 442/1/427
f 444/1/428 448/1/428 447/1/428 443/1/428
f 445/1/429 449/1/429 452/1/429 448/1/429
f 446/1/430 450/1/430 449/1/430 445/1/430
f 447/1/431 451/1/431 450/1/431 446/1/431
f 448/1/432 452/1/432 451/1/432 447/1/432
f 449/1/433 453/1/433 456/1/433 452/1/433
f 450/1/434 454/1/434 453/1/434 449/1/434
f 451/1/435 455/1/435 454/1/435 450/1/435
f 452/1/436 456/1/436 455/1/436 451/1/436
f 457/1/437 461/1/437 464/1/437 460/1/437
f 458/1/438 462/1/438 461/1/438 457/1/438
f 459/1/439 463/1/439 462/1/439 458/1/439
f 460/1/440 464/1/440 463/1/440 459/1/440
f 461/1/441 465/1/441 468/1/441 464/1/441
f 462/1/442 466/1/442 465/1/442 461/1/442
f 463/1/443 467/1/443 466/1/443 462/1/443
f 464/1/444 468/1/444 467/1/444 463/1/444
f 465/1/445 469/1/445 472/1/445 468/1/445
f 466/1/446 470/1/446 469/1/446 465/1/446
f 467/1/447 471/1/447 470/1/447 466/1/447
f 468/1/448 472/1/448 471/1/448 467/1/448
f 469/1/449 473/1/449 476/1/449 472/1/449
f 470/1/450 474/1/450 473/1/450 469/1/450
f 471/1/451 475/1/451 474/1/451 470/1/451
f 472/1/452 476/1/452 475/1/452 471/1/452
f 473/1/453 477/1/453 480/1/453 476/1/453
f 474/1/454 478/1/454 477/1/454 473/1/454
f 475/1/455 479/1/455 478/1/455 474/1/455
f 476/1/456 480/1/456 479/1/456 475/1/456
f 477/1/457 481/1/457 484/1/457 480/1/457
f 478/1/458 482/1/458 481/1/458 477/1/458
f 479/1/459 483/1/459 482/1/459 478/1/459
f 480/1/460 484/1/460 483/1/460 479/1/460
f 481/1/461 485/1/461 488/1/461 484/1/461
f 482/1/462 486/1/462 485/1/462 481/1/462
f 483/1/463 487/1/463 486/1/463 482/1/463
f 484/1/464 488/1/464 487/1/464 483/1/464
f 485/1/465 489/1/465 492/1/465 488/1/465
f 486/1/466 490/1/466 489/1/466 485/1/466
f 487/1/467 491/1/467 490/1/467 486/1/467
f 488/1/468 492/1/468 491/1/468 487/1/468
f 489/1/469 493/1/469 496/1/469 492/1/469
f 490/1/470 494/1/470 493/1/470 489/1/470
f 491/1/471 495/1/471 494/1/471 490/1/471
f 492/1/472 496/1/472 495/1/472 491/1/472
f 493/1/473 497/1/473 500/1/473 496/1/473
f 494/1/474 498/1/474 497/1/474 493/1/474
f 495/1/475 499/1/475 498/1/475 494/1/475
f 496/1/476 500/1/476 499/1/476 495/1/476
f 497/1/477 501/1/477 504/1/477 500/1/477
f 498/1/478 502/1/478 501/1/478 497/1/478
f 499/1/479 503/1/479 502/1/479 498/1/479
f 500/1/480 504/1/480 503/1/480 499/1/480
f 501/1/481 505/1/481 508/1/481 504/1/481
f 502/1/482 506/1/483 505/1/484 501/1/482
f 503/1/485 507/1/485 506/1/485 502/1/485
f 504/1/486 508/1/486 507/1/486 503/1/486
f 505/1/487 509/1/487 512/1/487 508/1/487
f 506/1/483 510/1/488 509/1/488 505/1/484
f 507/1/489 511/1/490 510/1/491 506/1/489
f 508/1/492 512/1/492 511/1/492 507/1/492
f 509/1/493 513/1/493 516/1/493 512/1/493
f 510/1/494 514/1/494 513/1/494 509/1/494
f 511/1/490 515/1/495 514/1/495 510/1/491
f 512/1/496 516/1/496 515/1/496 511/1/496
f 517/1/497 521/1/497 524/1/497 520/1/497
f 518/1/498 522/1/498 521/1/498 517/1/498
f 519/1/499 523/1/499 522/1/499 518/1/499
f 520/1/500 524/1/500 523/1/500 519/1/500
f 521/1/501 525/1/501 528/1/501 524/1/501
f 522/1/502 526/1/502 525/1/502 521/1/502
f 523/1/503 527/1/503 526/1/503 522/1/503
f 524/1/504 528/1/504 527/1/504 523/1/504
f 525/1/505 529/1/506 532/1/507 528/1/505
f 526/1/508 530/1/508 529/1/508 525/1/508
f 527/1/509 531/1/509 530/1/509 526/1/509
f 528/1/510 532/1/510 531/1/510 527/1/510
f 529/1/506 533/1/511 536/1/511 532/1/507
f 530/1/512 534/1/512 533/1/512 529/1/512
f 531/1/513 535/1/513 534/1/513 530/1/513
f 532/1/514 536/1/514 535/1/514 531/1/514
f 533/1/515 537/1/515 540/1/515 536/1/515
f 534/1/516 538/1/516 537/1/516 533/1/516
f 535/1/517 539/1/517 538/1/517 534/1/517
f 536/1/518 540/1/518 539/1/518 535/1/518
f 537/1/519 541/1/519 544/1/519 540/1/519
f 538/1/520 542/1/520 541/1/520 537/1/520
f 539/1/521 543/1/521 542/1/521 538/1/521
f 540/1/522 544/1/522 543/1/522 539/1/522
f 541/1/523 545/1/523 548/1/523 544/1/523
f 542/1/524 546/1/524 545/1/524 541/1/524
f 543/1/525 547/1/525 546/1/525 542/1/525
f 544/1/526 548/1/526 547/1/526 543/1/526
f 545/1/527 549/1/527 552/1/527 548/1/527
f 546/1/528 550/1/528 549/1/528 545/1/528
f 547/1/529 551/1/529 550/1/529 546/1/529
f 548/1/530 552/1/530 551/1/530 547/1/530
f 549/1/531 553/1/531 556/1/531 552/1/531
f 550/1/532 554/1/532 553/1/532 549/1/532
f 551/1/533 555/1/533 554/1/533 550/1/533
f 552/1/534 556/1/534 555/1/534 551/1/534
f 553/1/535 557/1/535 560/1/535 556/1/535
f 554/1/536 558/1/536 557/1/536 553/1/536
f 555/1/537 559/1/537 558/1/537 554/1/537
f 556/1/538 560/1/538 559/1/538 555/1/538
f 557/1/539 561/1/539 564/1/539 560/1/539
f 558/1/540 562/1/540 561/1/540 557/1/540
f 559/1/541 563/1/541 562/1/541 558/1/541
f 560/1/542 564/1/542 563/1/542 559/1/542
f 565/1/543 569/1/543 572/1/543 568/1/543
f 566/1/544 570/1/544 569/1/544 565/1/544
f 567/1/545 571/1/545 570/1/545 566/1/545
f 568/1/546 572/1/546 571/1/546 567/1/546
f 569/1/547 573/1/547 576/1/547 572/1/547
f 570/1/548 574/1/548 573/1/548 569/1/548
f 571/1/549 575/1/549 574/1/549 570/1/549
f 572/1/550 576/1/550 575/1/550 571/1/550
f 573/1/551 577/1/551 580/1/551 576/1/551
f 574/1/552 578/1/552 577/1/552 573/1/552
f 575/1/553 579/1/553 578/1/553 574/1/553
f 576/1/554 580/1/554 579/1/554 575/1/554
f 577/1/555 581/1/555 584/1/555 580/1/555
f 578/1/556 582/1/556 581/1/556 577/1/556
f 579/1/557 583/1/557 582/1/557 578/1/557
f 580/1/558 584/1/558 583/1/558 579/1/558
f 581/1/559 585/1/559 588/1/559 584/1/559
f 582/1/560 586/1/560 585/1/560 581/1/560
f 583/1/561 587/1/561 586/1/561 582/1/561
f 584/1/562 588/1/562 587/1/562 583/1/562
f 585/1/563 589/1/563 592/1/563 588/1/563
f 586/1/564 590/1/564 589/1/564 585/1/564
f 587/1/565 591/1/565 590/1/565 586/1/565
f 588/1/566 592/1/566 591/1/566 587/1/566
f 589/1/567 593/1/567 596/1/567 592/1/567
f 590/1/568 594/1/568 593/1/568 589/1/568
f 591/1/569 595/1/569 594/1/569 590/1/569
f 592/1/570 596/1/571 595/1/572 591/1/570
f 593/1/573 597/1/573 600/1/573 596/1/573
f 594/1/574 598/1/574 597/1/574 593/1/574
f 595/1/575 599/1/575 598/1/575 594/1/575
f 596/1/571 600/1/576 599/1/576 595/1/572
f 597/1/577 601/1/577 604/1/577 600/1/577
f 598/1/578 602/1/578 601/1/578 597/1/578
f 599/1/579 603/1/579 602/1/579 598/1/579
f 600/1/580 604/1/580 603/1/580 599/1/580
f 601/1/581 605/1/581 608/1/581 604/1/581
f 602/1/582 606/1/582 605/1/582 601/1/582
f 603/1/583 607/1/583 606/1/583 602/1/583
f 604/1/584 608/1/584 607/1/584 603/1/584
f 605/1/585 609/1/585 612/1/585 608/1/585
f 606/1/586 610/1/586 609/1/586 605/1/586
f 607/1/587 611/1/587 610/1/587 606/1/587
f 608/1/588 612/1/588 611/1/588 607/1/588
f 613/1/589 617/1/589 620/1/589 616/1/589
f 614/1/590 618/1/590 617/1/590 613/1/590
f 615/1/591 619/1/591 618/1/591 614/1/591
f 616/1/592 620/1/592 619/1/592 615/1/592
f 617/1/593 621/1/593 624/1/593 620/1/593
f 618/1/594 622/1/594 621/1/594 617/1/594
f 619/1/595 623/1/595 622/1/595 618/1/595
f 620/1/596 624/1/596 623/1/596 619/1/596
f 621/1/597 625/1/597 628/1/597 624/1/597
f 622/1/598 626/1/598 625/1/598 621/1/598
f 623/1/599 627/1/599 626/1/599 622/1/599
f 624/1/600 628/1/600 627/1/600 623/1/600
f 625/1/601 629/1/601 632/1/601 628/1/601
f 626/1/602 630/1/602 629/1/602 625/1/602
f 627/1/603 631/1/603 630/1/603 626/1/603
f 628/1/604 632/1/604 631/1/604 627/1/604
f 629/1/605 633/1/605 636/1/605 632/1/605
f 630/1/606 634/1/606 633/1/606 629/1/606
f 631/1/607 635/1/607 634/1/607 630/1/607
f 632/1/608 636/1/608 635/1/608 631/1/608
f 633/1/609 637/1/609 640/1/609 636/1/609
f 634/1/610 638/1/610 637/1/610 633/1/610
f 635/1/611 639/1/611 638/1/611 634/1/611
f 636/1/612 640/1/612 639/1/612 635/1/612
f 637/1/613 641/1/613 644/1/613 640/1/613
f 638/1/614 642/1/614 641/1/614 637/1/614
f 639/1/615 643/1/615 642/1/615 638/1/615
f 640/1/616 644/1/616 643/1/616 639/1/616
f 641/1/617 645/1/617 648/1/617 644/1/617
f 642/1/618 646/1/618 645/1/618 641/1/618
f 643/1/619 647/1/619 646/1/619 642/1/619
f 644/1/620 648/1/620 647/1/620 643/1/620
f 645/1/621 649/1/621 652/1/621 648/1/621
f 646/1/622 650/1/622 649/1/622 645/1/622
f 647/1/623 651/1/623 650/1/623 646/1/623
f 648/1/624 652/1/624 651/1/624 647/1/624
f 649/1/625 653/1/625 656/1/625 652/1/625
f 650/1/626 654/1/626 653/1/626 649/1/626
f 651/1/627 655/1/627 654/1/627 650/1/627
f 652/1/628 656/1/628 655/1/628 651/1/628
f 653/1/629 657/1/629 660/1/629 656/1/629
f 654/1/630 658/1/630 657/1/630 653/1/630
f 655/1/631 659/1/631 658/1/631 654/1/631
f 656/1/632 660/1/632 659/1/632 655/1/632
f 657/1/633 661/1/634 664/1/635 660/1/633
f 658/1/636 662/1/636 661/1/636 657/1/636
f 659/1/637 663/1/637 662/1/637 658/1/637
f 660/1/638 664/1/638 663/1/638 659/1/638
f 661/1/634 665/1/639 668/1/639 664/1/635
f 662/1/640 666/1/640 665/1/640 661/1/640
f 663/1/641 667/1/641 666/1/641 662/1/641
f 664/1/642 668/1/642 667/1/642 663/1/642
f 665/1/643 669/1/643 672/1/643 668/1/643
f 666/1/644 670/1/644 669/1/644 665/1/644
f 667/1/645 671/1/645 670/1/645 666/1/645
f 668/1/646 672/1/646 671/1/646 667/1/646
f 673/1/647 677/1/647 680/1/647 676/1/647
f 674/1/648 678/1/648 677/1/648 673/1/648
f 675/1/649 679/1/649 678/1/649 674/1/649
f 676/1/650 680/1/650 679/1/650 675/1/650
f 677/1/651 681/1/651 684/1/651 680/1/651
f 678/1/652 682/1/652 681/1/652 677/1/652
f 679/1/653 683/1/653 682/1/653 678/1/653
f 680/1/654 684/1/654 683/1/654 679/1/654
f 681/1/655 685/1/655 688/1/655 684/1/655
f 682/1/656 686/1/656 685/1/656 681/1/656
f 683/1/657 687/1/657 686/1/657 682/1/657
f 684/1/658 688/1/658 687/1/658 683/1/658
f 685/1/659 689/1/659 692/1/659 688/1/659
f 686/1/660 690/1/660 689/1/660 685/1/660
f 687/1/661 691/1/661 690/1/661 686/1/661
f 688/1/662 692/1/662 691/1/662 687/1/662
f 689/1/663 693/1/663 696/1/663 692/1/663
f 690/1/664 694/1/664 693/1/664 689/1/664
f 691/1/665 695/1/665 694/1/665 690/1/665
f 692/1/666 696/1/666 695/1/666 691/1/666
f 693/1/667 697/1/667 700/1/667 696/1/667
f 694/1/668 698/1/668 697/1/668 693/1/668
f 695/1/669 699/1/669 698/1/669 694/1/669
f 696/1/670 700/1/670 699/1/670 695/1/670
f 697/1/671 701/1/671 704/1/671 700/1/671
f 698/1/672 702/1/672 701/1/672 697/1/672
f 699/1/673 703/1/673 702/1/673 698/1/673
f 700/1/674 704/1/674 703/1/674 699/1/674
f 701/1/675 705/1/675 708/1/675 704/1/675
f 702/1/676 706/1/676 705/1/676 701/1/676
f 703/1/677 707/1/677 706/1/677 702/1/677
f 704/1/678 708/1/678 707/1/678 703/1/678
f 705/1/679 709/1/679 712/1/679 708/1/679
f 706/1/680 710/1/680 709/1/680 705/1/680
f 707/1/681 711/1/681 710/1/681 706/1/681
f 708/1/682 712/1/682 711/1/682 707/1/682
f 709/1/683 713/1/683 716/1/683 712/1/683
f 710/1/684 714/1/684 713/1/684 709/1/684
f 711/1/685 715/1/685 714/1/685 710/1/685
f 712/1/686 716/1/686 715/1/686 711/1/686
f 713/1/687 717/1/687 720/1/687 716/1/687
f 714/1/688 718/1/688 717/1/688 713/1/688
f 715/1/689 719/1/689 718/1/689 714/1/689
f 716/1/690 720/1/690 719/1/690 715/1/690
f 717/1/691 721/1/692 724/1/693 720/1/691
f 718/1/694 722/1/694 721/1/694 717/1/694
f 719/1/695 723/1/695 722/1/695 718/1/695
f 720/1/696 724/1/696 723/1/696 719/1/696
f 721/1/692 725/1/697 728/1/697 724/1/693
f 722/1/698 726/1/698 725/1/698 721/1/698
f 723/1/699 727/1/699 726/1/699 722/1/699
f 724/1/700 728/1/700 727/1/700 723/1/700
f 725/1/701 729/1/701 732/1/701 728/1/701
f 726/1/702 730/1/702 729/1/702 725/1/702
f 727/1/703 731/1/703 730/1/703 726/1/703
f 728/1/704 732/1/704 731/1/704 727/1/704
f 733/1/705 737/1/705 740/1/705 736/1/705
f 734/1/706 738/1/706 737/1/706 733/1/706
f 735/1/707 739/1/707 738/1/707 734/1/707
f 736/1/708 740/1/708 739/1/708 735/1/708
f 737/1/709 741/1/709 744/1/709 740/1/709
f 738/1/710 742/1/710 741/1/710 737/1/710
f 739/1/711 743/1/711 742/1/711 738/1/711
f 740/1/712 744/1/712 743/1/712 739/1/712
f 741/1/713 745/1/713 748/1/713 744/1/713
f 742/1/714 746/1/714 745/1/714 741/1/714
f 743/1/715 747/1/715 746/1/715 742/1/715
f 744/1/716 748/1/716 747/1/716 743/1/716
f 745/1/717 749/1/717 752/1/717 748/1/717
f 746/1/718 750/1/718 749/1/718 745/1/718
f 747/1/719 751/1/719 750/1/719 746/1/719
f 748/1/720 752/1/720 751/1/720 747/1/720
f 749/1/721 753/1/721 756/1/721 752/1/721
f 750/1/722 754/1/722 753/1/722 749/1/722
f 751/1/723 755/1/723 754/1/723 750/1/723
f 752/1/724 756/1/724 755/1/724 751/1/724
f 753/1/725 757/1/725 760/1/725 756/1/725
f 754/1/726 758/1/726 757/1/726 753/1/726
f 755/1/727 759/1/727 758/1/727 754/1/727
f 756/1/728 760/1/728 759/1/728 755/1/728
f 757/1/729 761/1/729 764/1/729 760/1/729
f 758/1/730 762/1/730 761/1/730 757/1/730
f 759/1/731 763/1/731 762/1/731 758/1/731
f 760/1/732 764/1/732 763/1/732 759/1/732
f 761/1/733 765/1/734 768/1/735 764/1/733
f 762/1/736 766/1/736 765/1/736 761/1/736
f 763/1/737 767/1/737 766/1/737 762/1/737
f 764/1/738 768/1/738 767/1/738 763/1/738
f 765/1/734 769/1/739 772/1/739 768/1/735
f 766/1/740 770/1/740 769/1/740 765/1/740
f 767/1/741 771/1/741 770/1/741 766/1/741
f 768/1/742 772/1/742 771/1/742 767/1/742
f 769/1/743 773/1/743 776/1/743 772/1/743
f 770/1/744 774/1/744 773/1/744 769/1/744
f 771/1/745 775/1/745 774/1/745 770/1/745
f 772/1/746 776/1/746 775/1/746 771/1/746
f 773/1/747 777/1/747 780/1/747 776/1/747
f 774/1/748 778/1/748 777/1/748 773/1/748
f 775/1/749 779/1/749 778/1/749 774/1/749
f 776/1/750 780/1/750 779/1/750 775/1/750
f 777/1/751 781/1/751 784/1/751 780/1/751
f 778/1/752 782/1/752 781/1/752 777/1/752
f 779/1/753 783/1/753 782/1/753 778/1/753
f 780/1/754 784/1/754 783/1/754 779/1/754
f 781/1/755 785/1/755 788/1/755 784/1/755
f 782/1/756 786/1/756 785/1/756 781/1/756
f 783/1/757 787/1/757 786/1/757 782/1/757
f 784/1/758 788/1/758 787/1/758 783/1/758
f 785/1/759 789/1/759 792/1/759 788/1/759
f 786/1/760 790/1/760 789/1/760 785/1/760
f 787/1/761 791/1/761 790/1/761 786/1/761
f 788/1/762 792/1/762 791/1/762 787/1/762
f 793/1/763 797/1/763 800/1/763 796/1/763
f 794/1/764 798/1/764 797/1/764 793/1/764
f 795/1/765 799/1/765 798/1/765 794/1/765
f 796/1/766 800/1/766 799/1/766 795/1/766
f 797/1/767 801/1/767 804/1/767 800/1/767
f 798/1/768 802/1/768 801/1/768 797/1/768
f 799/1/769 803/1/769 802/1/769 798/1/769
f 800/1/770 804/1/770 803/1/770 799/1/770
f 801/1/771 805/1/771 808/1/771 804/1/771
f 802/1/772 806/1/772 805/1/772 801/1/772
f 803/1/773 807/1/773 806/1/773 802/1/773
f 804/1/774 808/1/774 807/1/774 803/1/774
f 805/1/775 809/1/775 812/1/775 808/1/775
f 806/1/776 810/1/776 809/1/776 805/1/776
f 807/1/777 811/1/777 810/1/777 806/1/777
f 808/1/778 812/1/778 811/1/778 807/1/778
f 809/1/779 813/1/779 816/1/779 812/1/779
f 810/1/780 814/1/780 813/1/780 809/1/780
f 811/1/781 815/1/781 814/1/781 810/1/781
f 812/1/782 816/1/782 815/1/782 811/1/782
f 813/1/783 817/1/783 820/1/783 816/1/783
f 814/1/784 818/1/785 817/1/786 813/1/784
f 815/1/787 819/1/787 818/1/787 814/1/787
f 816/1/788 820/1/788 819/1/788 815/1/788
f 817/1/789 821/1/789 824/1/789 820/1/789
f 818/1/785 822/1/790 821/1/791 817/1/786
f 819/1/792 823/1/792 822/1/792 818/1/792
f 820/1/793 824/1/793 823/1/793 819/1/793
f 821/1/794 825/1/794 828/1/794 824/1/794
f 822/1/790 826/1/795 825/1/795 821/1/791
f 823/1/796 827/1/797 826/1/798 822/1/796
f 824/1/799 828/1/799 827/1/799 823/1/799
f 825/1/800 829/1/801 832/1/802 828/1/800
f 826/1/803 830/1/803 829/1/803 825/1/803
f 827/1/797 831/1/804 830/1/804 826/1/798
f 828/1/805 832/1/806 831/1/807 827/1/805
f 829/1/801 833/1/808 836/1/808 832/1/802
f 830/1/809 834/1/810 833/1/811 829/1/809
f 831/1/812 835/1/812 834/1/812 830/1/812
f 832/1/806 836/1/813 835/1/813 831/1/807
f 833/1/814 837/1/814 840/1/814 836/1/814
f 834/1/810 838/1/815 837/1/815 833/1/811
f 835/1/816 839/1/816 838/1/816 834/1/816
f 836/1/817 840/1/817 839/1/817 835/1/817
f 837/1/818 841/1/818 844/1/818 840/1/818
f 838/1/819 842/1/819 841/1/819 837/1/819
f 839/1/820 843/1/820 842/1/820 838/1/820
f 840/1/821 844/1/821 843/1/821 839/1/821
f 841/1/822 845/1/822 848/1/822 844/1/822
f 842/1/823 846/1/823 845/1/823 841/1/823
f 843/1/824 847/1/824 846/1/824 842/1/824
f 844/1/825 848/1/825 847/1/825 843/1/825
f 845/1/826 849/1/826 852/1/826 848/1/826
f 846/1/827 850/1/827 849/1/827 845/1/827
f 847/1/828 851/1/828 850/1/828 846/1/828
f 848/1/829 852/1/829 851/1/829 847/1/829
f 853/1/830 857/1/830 860/1/830 856/1/830
f 854/1/831 858/1/831 857/1/831 853/1/831
f 855/1/832 859/1/832 858/1/832 854/1/832
f 856/1/833 860/1/833 859/1/833 855/1/833
f 857/1/834 861/1/834 864/1/834 860/1/834
f 858/1/835 862/1/835 861/1/835 857/1/835
f 859/1/836 863/1/836 862/1/836 858/1/836
f 860/1/837 864/1/837 863/1/837 859/1/837
f 861/1/838 865/1/838 868/1/838 864/1/838
f 862/1/839 866/1/839 865/1/839 861/1/839
f 863/1/840 867/1/840 866/1/840 862/1/840
f 864/1/841 868/1/841 867/1/841 863/1/841
f 865/1/842 869/1/842 872/1/842 868/1/842
f 866/1/843 870/1/843 869/1/843 865/1/843
f 867/1/844 871/1/844 870/1/844 866/1/844
f 868/1/845 872/1/845 871/1/845 867/1/845
f 869/1/846 873/1/846 876/1/846 872/1/846
f 870/1/847 874/1/847 873/1/847 869/1/847
f 871/1/848 875/1/848 874/1/848 870/1/848
f 872/1/849 876/1/849 875/1/849 871/1/849
f 873/1/850 877/1/850 880/1/850 876/1/850
f 874/1/851 878/1/851 877/1/851 873/1/851
f 875/1/852 879/1/852 878/1/852 874/1/852
f 876/1/853 880/1/853 879/1/853 875/1/853
f 877/1/854 881/1/854 884/1/854 880/1/854
f 878/1/855 882/1/855 881/1/855 877/1/855
f 879/1/856 883/1/856 882/1/856 878/1/856
f 880/1/857 884/1/857 883/1/857 879/1/857
f 881/1/858 885/1/858 888/1/858 884/1/858
f 882/1/859 886/1/859 885/1/859 881/1/859
f 883/1/860 887/1/860 886/1/860 882/1/860
f 884/1/861 888/1/861 887/1/861 883/1/861
f 885/1/862 889/1/862 892/1/862 888/1/862
f 886/1/863 890/1/863 889/1/863 885/1/863
f 887/1/864 891/1/864 890/1/864 886/1/864
f 888/1/865 892/1/865 891/1/865 887/1/865
f 889/1/866 893/1/866 896/1/866 892/1/866
f 890/1/867 894/1/867 893/1/867 889/1/867
f 891/1/868 895/1/868 894/1/868 890/1/868
f 892/1/869 896/1/869 895/1/869 891/1/869
f 893/1/870 897/1/870 900/1/870 896/1/870
f 894/1/871 898/1/871 897/1/871 893/1/871
f 895/1/872 899/1/872 898/1/872 894/1/872
f 896/1/873 900/1/873 899/1/873 895/1/873
f 897/1/874 901/1/874 904/1/874 900/1/874
f 898/1/875 902/1/875 901/1/875 897/1/875
f 899/1/876 903/1/876 902/1/876 898/1/876
f 900/1/877 904/1/877 903/1/877 899/1/877
f 901/1/878 905/1/878 908/1/878 904/1/878
f 902/1/879 906/1/879 905/1/879 901/1/879
f 903/1/880 907/1/880 906/1/880 902/1/880
f 904/1/881 908/1/881 907/1/881 903/1/881
f 905/1/882 909/1/882 912/1/882 908/1/882
f 906/1/883 910/1/883 909/1/883 905/1/883
f 907/1/884 911/1/884 910/1/884 906/1/884
f 908/1/885 912/1/885 911/1/885 907/1/885
f 913/1/886 917/1/886 920/1/886 916/1/886
f 914/1/887 918/1/887 917/1/887 913/1/887
f 915/1/888 919/1/888 918/1/888 914/1/888
f 916/1/889 920/1/889 919/1/889 915/1/889
f 917/1/890 921/1/890 924/1/890 920/1/890
f 918/1/891 922/1/891 921/1/891 917/1/891
f 919/1/892 923/1/892 922/1/892 918/1/892
f 920/1/893 924/1/893 923/1/893 919/1/893
f 921/1/894 925/1/894 928/1/894 924/1/894
f 922/1/895 926/1/895 925/1/895 921/1/895
f 923/1/896 927/1/896 926/1/896 922/1/896
f 924/1/897 928/1/897 927/1/897 923/1/897
f 925/1/898 929/1/898 932/1/898 928/1/898
f 926/1/899 930/1/899 929/1/899 925/1/899
f 927/1/900 931/1/901 930/1/902 926/1/900
f 928/1/903 932/1/903 931/1/903 927/1/903
f 929/1/904 933/1/904 936/1/904 932/1/904
f 930/1/905 934/1/905 933/1/905 929/1/905
f 931/1/901 935/1/906 934/1/906 930/1/902
f 932/1/907 936/1/907 935/1/907 931/1/907
f 933/1/908 937/1/908 940/1/908 936/1/908
f 934/1/909 938/1/909 937/1/909 933/1/909
f 935/1/910 939/1/910 938/1/910 934/1/910
f 936/1/911 940/1/911 939/1/911 935/1/911
f 937/1/912 941/1/912 944/1/912 940/1/912
f 938/1/913 942/1/913 941/1/913 937/1/913
f 939/1/914 943/1/914 942/1/914 938/1/914
f 940/1/915 944/1/915 943/1/915 939/1/915
f 941/1/916 945/1/916 948/1/916 944/1/916
f 942/1/917 946/1/917 945/1/917 941/1/917
f 943/1/918 947/1/918 946/1/918 942/1/918
f 944/1/919 948/1/919 947/1/919 943/1/919
f 945/1/920 949/1/920 952/1/920 948/1/920
f 946/1/921 950/1/921 949/1/921 945/1/921
f 947/1/922 951/1/922 950/1/922 946/1/922
f 948/1/923 952/1/923 951/1/923 947/1/923
f 949/1/924 953/1/924 956/1/924 952/1/924
f 950/1/925 954/1/925 953/1/925 949/1/925
f 951/1/926 955/1/926 954/1/926 950/1/926
f 952/1/927 956/1/927 955/1/927 951/1/927
f 953/1/928 957/1/928 960/1/928 956/1/928
f 954/1/929 958/1/929 957/1/929 953/1/929
f 955/1/930 959/1/930 958/1/930 954/1/930
f 956/1/931 960/1/931 959/1/931 955/1/931
f 957/1/932 961/1/932 964/1/932 960/1/932
f 958/1/933 962/1/933 961/1/933 957/1/933
f 959/1/934 963/1/934 962/1/934 958/1/934
f 960/1/935 964/1/935 963/1/935 959/1/935
f 961/1/936 965/1/936 968/1/936 964/1/936
f 962/1/937 966/1/937 965/1/937 961/1/937
f 963/1/938 967/1/938 966/1/938 962/1/938
f 964/1/939 968/1/939 967/1/939 963/1/939
f 965/1/940 969/1/940 972/1/940 968/1/940
f 966/1/941 970/1/941 969/1/941 965/1/941
f 967/1/942 971/1/942 970/1/942 966/1/942
f 968/1/943 972/1/943 971/1/943 967/1/943
f 973/1/944 977/1/944 980/1/944 976/1/944
f 974/1/945 978/1/945 977/1/945 973/1/945
f 975/1/946 979/1/946 978/1/946 974/1/946
f 976/1/947 980/1/947 979/1/947 975/1/947
f 977/1/948 981/1/948 984/1/948 980/1/948
f 978/1/949 982/1/949 981/1/949 977/1/949
f 979/1/950 983/1/950 982/1/950 978/1/950
f 980/1/951 984/1/951 983/1/951 979/1/951
f 981/1/952 985/1/952 988/1/952 984/1/952
f 982/1/953 986/1/953 985/1/953 981/1/953
f 983/1/954 987/1/954 986/1/954 982/1/954
f 984/1/955 988/1/955 987/1/955 983/1/955
f 985/1/956 989/1/956 992/1/956 988/1/956
f 986/1/957 990/1/957 989/1/957 985/1/957
f 987/1/958 991/1/958 990/1/958 986/1/958
f 988/1/959 992/1/959 991/1/959 987/1/959
f 989/1/960 993/1/960 996/1/960 992/1/960
f 990/1/961 994/1/961 993/1/961 989/1/961
f 991/1/962 995/1/962 994/1/962 990/1/962
f 992/1/963 996/1/963 995/1/963 991/1/963
f 993/1/964 997/1/964 1000/1/964 996/1/964
f 994/1/965 998/1/965 997/1/965 993/1/965
f 995/1/966 999/1/966 998/1/966 994/1/966
f 996/1/967 1000/1/967 999/1/967 995/1/967
f 997/1/968 1001/1/968 1004/1/968 1000/1/968
f 998/1/969 1002/1/969 1001/1/969 997/1/969
f 999/1/970 1003/1/970 1002/1/970 998/1/970
f 1000/1/971 1004/1/971 1003/1/971 999/1/971
f 1001/1/972 1005/1/972 1008/1/972 1004/1/972
f 1002/1/973 1006/1/973 1005/1/973 1001/1/973
f 1003/1/974 1007/1/974 1006/1/974 1002/1/974
f 1004/1/975 1008/1/975 1007/1/975 1003/1/975
f 1005/1/976 1009/1/976 1012/1/976 1008/1/976
f 1006/1/977 1010/1/977 1009/1/977 1005/1/977
f 1007/1/978 1011/1/978 1010/1/978 1006/1/978
f 1008/1/979 1012/1/979 1011/1/979 1007/1/979
f 1009/1/980 1013/1/980 1016/1/980 1012/1/980
f 1010/1/981 1014/1/981 1013/1/981 1009/1/981
f 1011/1/982 1015/1/982 1014/1/982 1010/1/982
f 1012/1/983 1016/1/983 1015/1/983 1011/1/983
f 1013/1/984 1017/1/984 1020/1/984 1016/1/984
f 1014/1/985 1018/1/985 1017/1/985 1013/1/985
f 1015/1/986 1019/1/986 1018/1/986 1014/1/986
f 1016/1/987 1020/1/987 1019/1/987 1015/1/987
f 1021/1/988 1025/1/988 1028/1/988 1024/1/988
f 1022/1/989 1026/1/989 1025/1/989 1021/1/989
f 1023/1/990 1027/1/990 1026/1/990 1022/1/990
f 1024/1/991 1028/1/991 1027/1/991 1023/1/991
f 1025/1/992 1029/1/992 1032/1/992 1028/1/992
f 1026/1/993 1030/1/993 1029/1/993 1025/1/993
f 1027/1/994 1031/1/994 1030/1/994 1026/1/994
f 1028/1/995 1032/1/995 1031/1/995 1027/1/995
f 1029/1/996 1033/1/996 1036/1/996 1032/1/996
f 1030/1/997 1034/1/997 1033/1/997 1029/1/997
f 1031/1/998 1035/1/998 1034/1/998 1030/1/998
f 1032/1/999 1036/1/999 1035/1/999 1031/1/999
f 1033/1/1000 1037/1/1000 1040/1/1000 1036/1/1000
f 1034/1/1001 1038/1/1001 1037/1/1001 1033/1/1001
f 1035/1/1002 1039/1/1002 1038/1/1002 1034/1/1002
f 1036/1/1003 1040/1/1003 1039/1/1003 1035/1/1003
f 1037/1/1004 1041/1/1004 1044/1/1004 1040/1/1004
f 1038/1/1005 1042/1/1005 1041/1/1005 1037/1/1005
f 1039/1/1006 1043/1/1006 1042/1/1006 1038/1/1006
f 1040/1/1007 1044/1/1007 1043/1/1007 1039/1/1007
f 1041/1/1008 1045/1/1008 1048/1/1008 1044/1/1008
f 1042/1/1009 1046/1/1009 1045/1/1009 1041/1/1009
f 1043/1/1010 1047/1/1010 1046/1/1010 1042/1/1010
f 1044/1/1011 1048/1/1011 1047/1/1011 1043/1/1011
f 1045/1/1012 1049/1/1012 1052/1/1012 1048/1/1012
f 1046/1/1013 1050/1/1013 1049/1/1013 1045/1/1013
f 1047/1/1014 1051/1/1014 1050/1/1014 1046/1/1014
f 1048/1/1015 1052/1/1015 1051/1/1015 1047/1/1015
f 1049/1/1016 1053/1/1016 1056/1/1016 1052/1/1016
f 1050/1/1017 1054/1/1017 1053/1/1017 1049/1/1017
f 1051/1/1018 1055/1/1018 1054/1/1018 1050/1/1018
f 1052/1/1019 1056/1/1019 1055/1/1019 1051/1/1019
f 1053/1/1020 1057/1/1020 1060/1/1020 1056/1/1020
f 1054/1/1021 1058/1/1021 1057/1/1021 1053/1/1021
f 1055/1/1022 1059/1/1022 1058/1/1022 1054/1/1022
f 1056/1/1023 1060/1/1023 1059/1/1023 1055/1/1023
f 1057/1/1024 1061/1/1024 1064/1/1024 1060/1/1024
f 1058/1/1025 1062/1/1025 1061/1/1025 1057/1/1025
f 1059/1/1026 1063/1/1026 1062/1/1026 1058/1/1026
f 1060/1/1027 1064/1/1027 1063/1/1027 1059/1/1027
f 1061/1/1028 1065/1/1028 1068/1/1028 1064/1/1028
f 1062/1/1029 1066/1/1029 1065/1/1029 1061/1/1029
f 1063/1/1030 1067/1/1030 1066/1/1030 1062/1/1030
f 1064/1/1031 1068/1/1031 1067/1/1031 1063/1/1031
f 1065/1/1032 1069/1/1032 1072/1/1032 1068/1/1032
f 1066/1/1033 1070/1/1033 1069/1/1033 1065/1/1033
f 1067/1/1034 1071/1/1034 1070/1/1034 1066/1/1034
f 1068/1/1035 1072/1/1035 1071/1/1035 1067/1/1035
f 1069/1/1036 1073/1/1036 1076/1/1036 1072/1/1036
f 1070/1/1037 1074/1/1037 1073/1/1037 1069/1/1037
f 1071/1/1038 1075/1/1038 1074/1/1038 1070/1/1038
f 1072/1/1039 1076/1/1039 1075/1/1039 1071/1/1039
f 1073/1/1040 1077/1/1040 1080/1/1040 1076/1/1040
f 1074/1/1041 1078/1/1041 1077/1/1041 1073/1/1041
f 1075/1/1042 1079/1/1042 1078/1/1042 1074/1/1042
f 1076/1/1043 1080/1/1043 1079/1/1043 1075/1/1043
f 1081/1/1044 1085/1/1044 1088/1/1044 1084/1/1044
f 1082/1/1045 1086/1/1045 1085/1/1045 1081/1/1045
f 1083/1/1046 1087/1/1046 1086/1/1046 1082/1/1046
f 1084/1/1047 1088/1/1047 1087/1/1047 1083/1/1047
f 1085/1/1048 1089/1/1048 1092/1/1048 1088/1/1048
f 1086/1/1049 1090/1/1049 1089/1/1049 1085/1/1049
f 1087/1/1050 1091/1/1050 1090/1/1050 1086/1/1050
f 1088/1/1051 1092/1/1051 1091/1/1051 1087/1/1051
f 1089/1/1052 1093/1/1052 1096/1/1052 1092/1/1052
f 1090/1/1053 1094/1/1053 1093/1/1053 1089/1/1053
f 1091/1/1054 1095/1/1054 1094/1/1054 1090/1/1054
f 1092/1/1055 1096/1/1055 1095/1/1055 1091/1/1055
f 1093/1/1056 1097/1/1056 1100/1/1056 1096/1/1056
f 1094/1/1057 1098/1/1057 1097/1/1057 1093/1/1057
f 1095/1/1058 1099/1/1058 1098/1/1058 1094/1/1058
f 1096/1/1059 1100/1/1059 1099/1/1059 1095/1/1059
f 1097/1/1060 1101/1/1060 1104/1/1060 1100/1/1060
f 1098/1/1061 1102/1/1061 1101/1/1061 1097/1/1061
f 1099/1/1062 1103/1/1062 1102/1/1062 1098/1/1062
f 1100/1/1063 1104/1/1063 1103/1/1063 1099/1/1063
f 1101/1/1064 1105/1/1064 1108/1/1064 1104/1/1064
f 1102/1/1065 1106/1/1065 1105/1/1065 1101/1/1065
f 1103/1/1066 1107/1/1066 1106/1/1066 1102/1/1066
f 1104/1/1067 1108/1/1067 1107/1/1067 1103/1/1067
f 1105/1/1068 1109/1/1068 1112/1/1068 1108/1/1068
f 1106/1/1069 1110/1/1069 1109/1/1069 1105/1/1069
f 1107/1/1070 1111/1/1070 1110/1/1070 1106/1/1070
f 1108/1/1071 1112/1/1071 1111/1/1071 1107/1/1071
f 1109/1/1072 1113/1/1072 1116/1/1072 1112/1/1072
f 1110/1/1073 1114/1/1073 1113/1/1073 1109/1/1073
f 1111/1/1074 1115/1/1074 1114/1/1074 1110/1/1074
f 1112/1/1075 1116/1/1075 1115/1/1075 1111/1/1075
f 1113/1/1076 1117/1/1076 1120/1/1076 1116/1/1076
f 1114/1/1077 1118/1/1077 1117/1/1077 1113/1/1077
f 1115/1/1078 1119/1/1078 1118/1/1078 1114/1/1078
f 1116/1/1079 1120/1/1079 1119/1/1079 1115/1/1079
f 1117/1/1080 1121/1/1080 1124/1/1080 1120/1/1080
f 1118/1/1081 1122/1/1081 1121/1/1081 1117/1/1081
f 1119/1/1082 1123/1/1082 1122/1/1082 1118/1/1082
f 1120/1/1083 1124/1/1083 1123/1/1083 1119/1/1083
f 1121/1/1084 1125/1/1084 1128/1/1084 1124/1/1084
f 1122/1/1085 1126/1/1085 1125/1/1085 1121/1/1085
f 1123/1/1086 1127/1/1086 1126/1/1086 1122/1/1086
f 1124/1/1087 1128/1/1087 1127/1/1087 1123/1/1087
f 1125/1/1088 1129/1/1088 1132/1/1088 1128/1/1088
f 1126/1/1089 1130/1/1089 1129/1/1089 1125/1/1089
f 1127/1/1090 1131/1/1090 1130/1/1090 1126/1/1090
f 1128/1/1091 1132/1/1092 1131/1/1093 1127/1/1091
f 1129/1/1094 1133/1/1094 1136/1/1094 1132/1/1094
f 1130/1/1095 1134/1/1095 1133/1/1095 1129/1/1095
f 1131/1/1096 1135/1/1096 1134/1/1096 1130/1/1096
f 1132/1/1092 1136/1/1097 1135/1/1097 1131/1/1093
f 1133/1/1098 1137/1/1098 1140/1/1098 1136/1/1098
f 1134/1/1099 1138/1/1099 1137/1/1099 1133/1/1099
f 1135/1/1100 1139/1/1100 1138/1/1100 1134/1/1100
f 1136/1/1101 1140/1/1101 1139/1/1101 1135/1/1101
f 1141/1/1102 1145/1/1102 1148/1/1102 1144/1/1102
f 1142/1/1103 1146/1/1103 1145/1/1103 1141/1/1103
f 1143/1/1104 1147/1/1104 1146/1/1104 1142/1/1104
f 1144/1/1105 1148/1/1105 1147/1/1105 1143/1/1105
f 1145/1/1106 1149/1/1106 1152/1/1106 1148/1/1106
f 1146/1/1107 1150/1/1107 1149/1/1107 1145/1/1107
f 1147/1/1108 1151/1/1108 1150/1/1108 1146/1/1108
f 1148/1/1109 1152/1/1109 1151/1/1109 1147/1/1109
f 1149/1/1110 1153/1/1110 1156/1/1110 1152/1/1110
f 1150/1/1111 1154/1/1111 1153/1/1111 1149/1/1111
f 1151/1/1112 1155/1/1112 1154/1/1112 1150/1/1112
f 1152/1/1113 1156/1/1113 1155/1/1113 1151/1/1113
f 1153/1/1114 1157/1/1114 1160/1/1114 1156/1/1114
f 1154/1/1115 1158/1/1115 1157/1/1115 1153/1/1115
f 1155/1/1116 1159/1/1116 1158/1/1116 1154/1/1116
f 1156/1/1117 1160/1/1117 1159/1/1117 1155/1/1117
f 1157/1/1118 1161/1/1118 1164/1/1118 1160/1/1118
f 1158/1/1119 1162/1/1119 1161/1/1119 1157/1/1119
f 1159/1/1120 1163/1/1120 1162/1/1120 1158/1/1120
f 1160/1/1121 1164/1/1121 1163/1/1121 1159/1/1121
f 1161/1/1122 1165/1/1122 1168/1/1122 1164/1/1122
f 1162/1/1123 1166/1/1123 1165/1/1123 1161/1/1123
f 1163/1/1124 1167/1/1124 1166/1/1124 1162/1/1124
f 1164/1/1125 1168/1/1125 1167/1/1125 1163/1/1125
f 1165/1/1126 1169/1/1126 1172/1/1126 1168/1/1126
f 1166/1/1127 1170/1/1127 1169/1/1127 1165/1/1127
f 1167/1/1128 1171/1/1128 1170/1/1128 1166/1/1128
f 1168/1/1129 1172/1/1129 1171/1/1129 1167/1/1129
f 1169/1/1130 1173/1/1130 1176/1/1130 1172/1/1130
f 1170/1/1131 1174/1/1132 1173/1/1133 1169/1/1131
f 1171/1/1134 1175/1/1134 1174/1/1134 1170/1/1134
f 1172/1/1135 1176/1/1135 1175/1/1135 1171/1/1135
f 1173/1/1136 1177/1/1136 1180/1/1136 1176/1/1136
f 1174/1/1132 1178/1/1137 1177/1/1137 1173/1/1133
f 1175/1/1138 1179/1/1138 1178/1/1138 1174/1/1138
f 1176/1/1139 1180/1/1139 1179/1/1139 1175/1/1139
f 1177/1/1140 1181/1/1140 1184/1/1140 1180/1/1140
f 1178/1/1141 1182/1/1141 1181/1/1141 1177/1/1141
f 1179/1/1142 1183/1/1142 1182/1/1142 1178/1/1142
f 1180/1/1143 1184/1/1143 1183/1/1143 1179/1/1143
f 1181/1/1144 1185/1/1144 1188/1/1144 1184/1/1144
f 1182/1/1145 1186/1/1145 1185/1/1145 1181/1/1145
f 1183/1/1146 1187/1/1146 1186/1/1146 1182/1/1146
f 1184/1/1147 1188/1/1147 1187/1/1147 1183/1/1147
f 1185/1/1148 1189/1/1148 1192/1/1148 1188/1/1148
f 1186/1/1149 1190/1/1149 1189/1/1149 1185/1/1149
f 1187/1/1150 1191/1/1150 1190/1/1150 1186/1/1150
f 1188/1/1151 1192/1/1151 1191/1/1151 1187/1/1151
f 1189/1/1152 1193/1/1152 1196/1/1152 1192/1/1152
f 1190/1/1153 1194/1/1153 1193/1/1153 1189/1/1153
f 1191/1/1154 1195/1/1154 1194/1/1154 1190/1/1154
f 1192/1/1155 1196/1/1155 1195/1/1155 1191/1/1155
f 1193/1/1156 1197/1/1156 1200/1/1156 1196/1/1156
f 1194/1/1157 1198/1/1157 1197/1/1157 1193/1/1157
f 1195/1/1158 1199/1/1158 1198/1/1158 1194/1/1158
f 1196/1/1159 1200/1/1159 1199/1/1159 1195/1/1159
f 1201/1/1160 1205/1/1160 1208/1/1160 1204/1/1160
f 1202/1/1161 1206/1/1161 1205/1/1161 1201/1/1161
f 1203/1/1162 1207/1/1162 1206/1/1162 1202/1/1162
f 1204/1/1163 1208/1/1163 1207/1/1163 1203/1/1163
f 1205/1/1164 1209/1/1164 1212/1/1164 1208/1/1164
f 1206/1/1165 1210/1/1165 1209/1/1165 1205/1/1165
f 1207/1/1166 1211/1/1166 1210/1/1166 1206/1/1166
f 1208/1/1167 1212/1/1167 1211/1/1167 1207/1/1167
f 1209/1/1168 1213/1/1168 1216/1/1168 1212/1/1168
f 1210/1/1169 1214/1/1169 1213/1/1169 1209/1/1169
f 1211/1/1170 1215/1/1170 1214/1/1170 1210/1/1170
f 1212/1/1171 1216/1/1171 1215/1/1171 1211/1/1171
f 1213/1/1172 1217/1/1172 1220/1/1172 1216/1/1172
f 1214/1/1173 1218/1/1173 1217/1/1173 1213/1/1173
f 1215/1/1174 1219/1/1174 1218/1/1174 1214/1/1174
f 1216/1/1175 1220/1/1175 1219/1/1175 1215/1/1175
f 1217/1/1176 1221/1/1176 1224/1/1176 1220/1/1176
f 1218/1/1177 1222/1/1177 1221/1/1177 1217/1/1177
f 1219/1/1178 1223/1/1178 1222/1/1178 1218/1/1178
f 1220/1/1179 1224/1/1179 1223/1/1179 1219/1/1179
f 1221/1/1180 1225/1/1180 1228/1/1180 1224/1/1180
f 1222/1/1181 1226/1/1181 1225/1/1181 1221/1/1181
f 1223/1/1182 1227/1/1182 1226/1/1182 1222/1/1182
f 1224/1/1183 1228/1/1183 1227/1/1183 1223/1/1183
f 1225/1/1184 1229/1/1184 1232/1/1184 1228/1/1184
f 1226/1/1185 1230/1/1185 1229/1/1185 1225/1/1185
f 1227/1/1186 1231/1/1186 1230/1/1186 1226/1/1186
f 1228/1/1187 1232/1/1187 1231/1/1187 1227/1/1187
f 1229/1/1188 1233/1/1188 1236/1/1188 1232/1/1188
f 1230/1/1189 1234/1/1189 1233/1/1189 1229/1/1189
f 1231/1/1190 1235/1/1190 1234/1/1190 1230/1/1190
f 1232/1/1191 1236/1/1191 1235/1/1191 1231/1/1191
f 1233/1/1192 1237/1/1192 1240/1/1192 1236/1/1192
f 1234/1/1193 1238/1/1193 1237/1/1193 1233/1/1193
f 1235/1/1194 1239/1/1194 1238/1/1194 1234/1/1194
f 1236/1/1195 1240/1/1195 1239/1/1195 1235/1/1195
f 1237/1/1196 1241/1/1196 1244/1/1196 1240/1/1196
f 1238/1/1197 1242/1/1197 1241/1/1197 1237/1/1197
f 1239/1/1198 1243/1/1198 1242/1/1198 1238/1/1198
f 1240/1/1199 1244/1/1199 1243/1/1199 1239/1/1199
f 1241/1/1200 1245/1/1200 1248/1/1200 1244/1/1200
f 1242/1/1201 1246/1/1201 1245/1/1201 1241/1/1201
f 1243/1/1202 1247/1/1202 1246/1/1202 1242/1/1202
f 1244/1/1203 1248/1/1203 1247/1/1203 1243/1/1203
usemtl Eye
f 1279/1/1227 1280/1/1227 1282/1/1227 1281/1/1227
f 1281/1/1228 1282/1/1228 1286/1/1228 1285/1/1228
f 1285/1/1229 1286/1/1229 1284/1/1229 1283/1/1229
f 1283/1/1230 1284/1/1230 1280/1/1230 1279/1/1230
f 1281/1/1231 1285/1/1231 1283/1/1231 1279/1/1231
f 1286/1/1232 1282/1/1232 1280/1/1232 1284/1/1232
f 1320/1/1256 1322/1/1256 1323/1/1256 1321/1/1256
f 1322/1/1257 1326/1/1257 1327/1/1257 1323/1/1257
f 1326/1/1258 1324/1/1258 1325/1/1258 1327/1/1258
f 1324/1/1259 1320/1/1259 1321/1/1259 1325/1/1259
f 1322/1/1260 1320/1/1260 1324/1/1260 1326/1/1260
f 1327/1/1261 1325/1/1261 1321/1/1261 1323/1/1261
o Suit_Body
v 0.091777 -0.127140 1.513485
v 0.116216 0.000067 1.493377
v 0.123082 0.003465 1.387641
v 0.126339 -0.150593 1.381179
v 0.101345 -0.066184 1.531281
v 0.149588 -0.081011 1.369369
v 0.116746 -0.123026 1.100166
v 0.114268 -0.026954 1.125220
v 0.128994 -0.014772 1.026283
v 0.125480 -0.109546 1.019516
v 0.129614 -0.083224 1.108924
v 0.138264 -0.070405 1.022768
v 0.170813 -0.072794 1.515315
v 0.154386 -0.132724 1.417902
v 0.133526 -0.125646 1.507205
v 0.159320 -0.012437 1.416980
v 0.144667 -0.006827 1.479583
v 0.042602 -0.180459 1.016684
v 0.037236 -0.177691 1.129485
v 0.045279 -0.182337 1.349579
v 0.087463 -0.163397 1.358128
v 0.081553 -0.159600 1.117250
v 0.078578 -0.165964 1.022314
v 0.064200 -0.141928 1.502252
v 0.106013 -0.027449 1.328554
v 0.121706 -0.134167 1.333584
v 0.151331 -0.113898 1.380553
v 0.043592 -0.179832 1.322146
v 0.086216 -0.160518 1.323087
v 0.042638 0.022719 1.497861
v 0.062887 0.031478 1.387531
v 0.053817 0.007246 1.142035
v 0.075433 0.027749 1.028110
v 0.059146 0.024573 1.336828
v 0.065526 -0.024479 1.538505
v 0.072639 -0.110762 1.527001
v 0.078084 -0.066834 1.546068
v 0.029622 0.005861 1.527097
v 0.105035 -0.031537 1.212337
v 0.115009 -0.133559 1.196728
v 0.123930 -0.089378 1.210014
v 0.037404 -0.179571 1.206646
v 0.079933 -0.167154 1.199407
v 0.047313 0.007620 1.220668
v 0.083940 -0.157229 1.465075
v 0.046439 -0.163119 1.455684
v 0.142927 -0.145971 1.467314
v 0.115404 -0.148264 1.466116
v 0.120732 0.005485 1.457832
v 0.156713 -0.009351 1.454102
v 0.053244 0.030217 1.452976
v 0.194527 -0.075421 1.488020
v 0.176136 -0.077297 1.504506
v 0.099825 -0.099561 1.520584
v 0.159170 -0.109478 1.516019
v 0.078402 -0.088932 1.536859
v 0.172658 -0.117117 1.497746
v 0.191241 -0.117159 1.481535
v 0.109524 -0.032347 1.519683
v 0.173015 -0.030813 1.504407
v 0.072500 -0.043196 1.544713
v 0.171827 -0.032392 1.491182
v 0.184838 -0.031705 1.477247
v 0.141972 -0.044792 1.368179
v 0.122929 0.005701 1.412893
v 0.126911 -0.153875 1.430582
v 0.159965 -0.009944 1.434633
v 0.025840 -0.183855 1.402668
v 0.060285 0.032779 1.416817
v 0.089598 -0.171735 1.418979
v 0.148868 -0.142816 1.439112
v 0.183051 -0.076413 1.494222
v 0.176089 -0.117826 1.486938
v 0.174342 -0.032320 1.480412
v 0.324987 -0.129035 1.393593
v 0.330624 -0.108719 1.455767
v 0.302373 -0.051839 1.377400
v 0.330890 -0.129277 1.431806
v 0.321510 -0.046863 1.434726
v 0.328159 -0.070062 1.454082
v 0.309432 -0.041035 1.397678
v 0.303254 -0.094738 1.373346
v 0.336748 -0.068535 1.359311
v 0.337354 -0.095533 1.356767
v 0.366225 -0.057218 1.369810
v 0.368471 -0.111407 1.365893
v 0.253237 -0.120199 1.389007
v 0.212864 -0.107356 1.386377
v 0.253736 -0.116795 1.450793
v 0.200366 -0.121455 1.452704
v 0.245750 -0.037993 1.395029
v 0.189216 -0.027488 1.414182
v 0.204035 -0.127853 1.421915
v 0.254747 -0.132085 1.425204
v 0.259010 -0.046542 1.459116
v 0.206185 -0.053927 1.482466
v 0.201397 -0.108133 1.477813
v 0.257935 -0.076998 1.471314
v 0.252650 -0.028851 1.423663
v 0.198361 -0.025253 1.454535
v 0.197133 -0.067593 1.384047
v 0.245974 -0.080915 1.377326
v 0.369205 -0.132465 1.395247
v 0.355296 -0.108476 1.459436
v 0.361332 -0.132387 1.431760
v 0.361873 -0.048572 1.433317
v 0.358593 -0.069691 1.453769
v 0.372660 -0.044943 1.396822
v 0.389408 -0.067726 1.376270
v 0.391162 -0.113313 1.372883
v 0.081175 -0.165423 1.266945
v 0.118942 -0.135770 1.260782
v 0.042043 -0.179150 1.264220
v 0.101155 -0.029943 1.280840
v 0.052029 0.014869 1.289209
v 0.126503 -0.083402 1.257612
v 0.137659 -0.081367 1.316839
v 0.413053 -0.138455 1.403494
v 0.389623 -0.111507 1.467567
v 0.398726 -0.134899 1.439481
v 0.407425 -0.049370 1.443321
v 0.396987 -0.071945 1.464414
v 0.424902 -0.047246 1.410213
v 0.419055 -0.076209 1.380701
v 0.427742 -0.122152 1.380679
v 0.280539 -0.118263 1.390192
v 0.271276 -0.080803 1.379927
v 0.293164 -0.129376 1.424799
v 0.303343 -0.114014 1.449756
v 0.292132 -0.078786 1.464116
v 0.271374 -0.040980 1.395786
v 0.278175 -0.034546 1.419890
v 0.283982 -0.050143 1.453048
v 0.504926 -0.122837 1.414046
v 0.487603 -0.141032 1.472708
v 0.492809 -0.138979 1.436450
v 0.489479 -0.079060 1.486560
v 0.486977 -0.107968 1.492653
v 0.499488 -0.057816 1.459810
v 0.513666 -0.062841 1.429633
v 0.515207 -0.087883 1.413195
v 0.537253 -0.114599 1.433401
v 0.528774 -0.136021 1.476862
v 0.534332 -0.124970 1.448961
v 0.533687 -0.088154 1.488991
v 0.529851 -0.109781 1.495315
v 0.536362 -0.070392 1.465891
v 0.538562 -0.070485 1.443595
v 0.540940 -0.090033 1.430401
v 0.564221 -0.137474 1.481603
v 0.558909 -0.113408 1.503704
v 0.578857 -0.091681 1.441232
v 0.573710 -0.073851 1.451466
v 0.575837 -0.125107 1.458331
v 0.578457 -0.109811 1.443657
v 0.567918 -0.076381 1.469000
v 0.561766 -0.093097 1.496540
v 0.133747 -0.010539 1.033482
v 0.130384 -0.113868 1.028091
v 0.143933 -0.071139 1.030540
v 0.041601 -0.188946 1.023437
v 0.080864 -0.172797 1.029785
v 0.075204 0.034224 1.037981
v 0.572944 -0.129515 1.469190
v 0.017635 -0.185120 1.015624
v 0.017327 -0.193899 1.021843
v 0.524992 -0.145506 1.480818
v 0.532808 -0.132032 1.445396
v 0.536549 -0.118803 1.424964
v 0.541731 -0.087520 1.420993
v 0.538589 -0.061958 1.438117
v 0.535339 -0.061353 1.466578
v 0.531407 -0.084036 1.496073
v 0.526508 -0.111776 1.504098
v 0.061269 -0.024563 1.536643
v 0.051837 -0.018765 1.548780
v 0.065089 -0.113189 1.525720
v 0.048008 -0.101844 1.543296
v 0.059082 -0.140486 1.498327
v 0.028613 -0.146752 1.495188
v 0.035105 -0.109755 1.537347
v 0.054025 -0.083753 1.550744
v 0.058905 -0.064929 1.556183
v 0.073602 -0.070081 1.544935
v 0.043878 -0.021240 1.549012
v 0.056606 -0.037207 1.552913
v 0.026925 0.005863 1.526170
v 0.018027 0.002082 1.539246
v 0.055311 -0.137390 1.508950
v 0.016583 -0.127664 1.515917
v 0.030936 -0.106553 1.539297
v 0.072882 -0.088978 1.531867
v 0.067264 -0.110247 1.522276
v 0.067021 -0.044405 1.539466
v 0.072513 -0.067430 1.540803
v 0.018087 -0.130427 1.521166
v 0.027689 -0.094140 1.519637
v 0.035605 -0.088671 1.523337
v 0.041455 -0.099323 1.544190
v 0.041793 -0.161104 1.453005
v 0.073487 -0.090807 1.536537
v 0.060180 -0.026224 1.533428
v 0.067532 -0.045085 1.542849
v 0.021744 -0.181286 1.401404
v 0.022202 -0.117665 1.531398
v 0.025263 0.003259 1.522337
v 0.051060 -0.064349 1.555162
v 0.016051 -0.002848 1.541234
v 0.020417 -0.113783 1.534403
v 0.046901 -0.082000 1.550649
v 0.048878 -0.038888 1.552367
v 0.041185 -0.043199 1.529498
v 0.042818 -0.062346 1.531606
v 0.039700 -0.075628 1.528204
v 0.016486 -0.016062 1.521109
v 0.037424 -0.029924 1.526974
v 0.019764 -0.099597 1.515944
v 0.019442 -0.089249 1.516773
v 0.017121 -0.029208 1.520563
v 0.017796 -0.042879 1.520028
v 0.018552 -0.061415 1.518947
v 0.019041 -0.076138 1.517836
v 0.008726 -0.146469 1.492445
v 0.012617 -0.166734 1.444424
v 0.584575 -0.137112 1.489229
v 0.577923 -0.114719 1.506326
v 0.595521 -0.092391 1.447945
v 0.591386 -0.076429 1.457317
v 0.691806 -0.144606 1.528258
v 0.682267 -0.120561 1.544688
v 0.691357 -0.092122 1.447204
v 0.685261 -0.071257 1.459414
v 0.627931 -0.099875 1.440827
v 0.621482 -0.075463 1.455289
v 0.629704 -0.152525 1.493017
v 0.601876 -0.119001 1.517826
v 0.650871 -0.074481 1.456226
v 0.652249 -0.155012 1.506540
v 0.657219 -0.097852 1.442510
v 0.637550 -0.128855 1.532968
v 0.637776 -0.077875 1.475870
v 0.656220 -0.112649 1.452619
v 0.692747 -0.075389 1.479183
v 0.699982 -0.107028 1.460520
v 0.612560 -0.076317 1.470609
v 0.585504 -0.080060 1.472201
v 0.624603 -0.113317 1.448647
v 0.595579 -0.107054 1.449350
v 0.604699 -0.152608 1.529848
v 0.613204 -0.172212 1.510736
v 0.605067 -0.128853 1.526245
v 0.591673 -0.126151 1.516354
v 0.621049 -0.162981 1.499709
v 0.593553 -0.145445 1.499153
v 0.671123 -0.189782 1.573470
v 0.672243 -0.198939 1.562636
v 0.677302 -0.181782 1.571664
v 0.682412 -0.190893 1.555596
v 0.588223 -0.130404 1.477932
v 0.592174 -0.124038 1.462133
v 0.580919 -0.096198 1.499822
v 0.704990 -0.119969 1.482734
v 0.694147 -0.080603 1.505066
v 0.602770 -0.085060 1.491226
v 0.599356 -0.093837 1.502760
v 0.625689 -0.134931 1.483719
v 0.616493 -0.121084 1.467523
v 0.628699 -0.083585 1.496024
v 0.626420 -0.092679 1.507952
v 0.655445 -0.121732 1.474108
v 0.651139 -0.133001 1.492180
v 0.787067 -0.119446 1.568367
v 0.780314 -0.128653 1.561575
v 0.788941 -0.111276 1.560730
v 0.781851 -0.117340 1.551687
v 0.750521 -0.104180 1.510375
v 0.745859 -0.104792 1.508305
v 0.755777 -0.103547 1.512232
v 0.744700 -0.085778 1.521513
v 0.741671 -0.085607 1.520529
v 0.749177 -0.086151 1.522782
v 0.747322 -0.116136 1.525178
v 0.752762 -0.115399 1.526705
v 0.742344 -0.117033 1.523759
v 0.740135 -0.097972 1.534625
v 0.744800 -0.098030 1.535404
v 0.736944 -0.098139 1.534051
v 0.669463 -0.173286 1.561141
v 0.676114 -0.186196 1.542973
v 0.659289 -0.187419 1.563226
v 0.662895 -0.197992 1.549275
v 0.673603 -0.073262 1.458397
v 0.680564 -0.147019 1.523060
v 0.679679 -0.094743 1.445890
v 0.668830 -0.122471 1.541166
v 0.678890 -0.075903 1.478067
v 0.686444 -0.107133 1.458658
v 0.675675 -0.098563 1.526318
v 0.680726 -0.080629 1.503250
v 0.684041 -0.126936 1.504819
v 0.688448 -0.114420 1.482270
v 0.661130 -0.074462 1.468105
v 0.652766 -0.113772 1.530277
v 0.662255 -0.075185 1.477485
v 0.660406 -0.082541 1.501595
v 0.657174 -0.090485 1.512711
v 0.651495 -0.143530 1.498788
v 0.696907 -0.138201 1.516356
v 0.686421 -0.107676 1.538310
v 0.784686 -0.125392 1.556018
v 0.790445 -0.114273 1.565897
v 0.682589 -0.136352 1.512915
v 0.671556 -0.111731 1.534731
v 0.653218 -0.127463 1.483223
v 0.692669 -0.088532 1.516942
v 0.702116 -0.124880 1.494260
v 0.710525 -0.113775 1.523409
v 0.701882 -0.091567 1.519089
v 0.709609 -0.122230 1.500623
v 0.700370 -0.100110 1.527990
v 0.707651 -0.125426 1.513276
v 0.711016 -0.100410 1.498124
v 0.705423 -0.085900 1.508501
v 0.714049 -0.116489 1.490737
v 0.686186 -0.120799 1.493688
v 0.678365 -0.089241 1.515015
v 0.655828 -0.116986 1.462808
v 0.702363 -0.113676 1.470554
v 0.694817 -0.077647 1.491448
v 0.679837 -0.078108 1.490005
v 0.687285 -0.110232 1.471210
v 0.688902 -0.072601 1.470510
v 0.695984 -0.100679 1.453681
v 0.656957 -0.105803 1.446505
v 0.683118 -0.100721 1.452825
v 0.676191 -0.074469 1.468776
v 0.654835 -0.101620 1.522300
v 0.600149 -0.105049 1.511416
v 0.628658 -0.106798 1.520160
v 0.661208 -0.077888 1.488772
v 0.688289 -0.081422 1.452944
v 0.686645 -0.137099 1.539328
v 0.624767 -0.087623 1.448056
v 0.647111 -0.147473 1.522773
v 0.654023 -0.085921 1.449256
v 0.608761 -0.162351 1.520649
v 0.673528 -0.196107 1.571221
v 0.683210 -0.186320 1.566499
v 0.784301 -0.125353 1.565206
v 0.786821 -0.113481 1.553966
v 0.818716 -0.096848 1.542195
v 0.815881 -0.091345 1.534561
v 0.813838 -0.101846 1.547005
v 0.821258 -0.090313 1.546665
v 0.813429 -0.102745 1.537652
v 0.809886 -0.096291 1.532154
v 0.819093 -0.088495 1.541051
v 0.808794 -0.104438 1.543088
v 0.659168 -0.195717 1.558685
v 0.676985 -0.178224 1.552767
v 0.674854 -0.138662 1.537236
v 0.676585 -0.083684 1.451878
v 0.788703 -0.120054 1.561110
v 0.817539 -0.095692 1.549537
v 0.707483 -0.125905 1.514372
v 0.696160 -0.128963 1.506917
v 0.698897 -0.103118 1.532004
v 0.689129 -0.099344 1.528399
v 0.710526 -0.114095 1.524292
v 0.700955 -0.143367 1.532422
v 0.691896 -0.120222 1.546396
v 0.704524 -0.135327 1.521422
v 0.695737 -0.110297 1.539264
v 0.695310 -0.135885 1.542158
v 0.714282 -0.116166 1.486054
v 0.705591 -0.082909 1.504458
v 0.704357 -0.077559 1.481626
v 0.711687 -0.104494 1.465824
v 0.704663 -0.079664 1.492795
v 0.712501 -0.110502 1.475265
v 0.711310 -0.100721 1.497127
v 0.710121 -0.090004 1.473773
v 0.704267 -0.089066 1.449131
v 0.711058 -0.102092 1.462344
v 0.698489 -0.068753 1.460938
v 0.703958 -0.076778 1.479204
v 0.700019 -0.072093 1.471488
v 0.707366 -0.096517 1.456040
v 0.710427 -0.091332 1.472524
v 0.701239 -0.078669 1.454506
v 0.724279 -0.120239 1.553029
v 0.731765 -0.120190 1.554796
v 0.727692 -0.120188 1.553833
v 0.730381 -0.137985 1.543020
v 0.738905 -0.137106 1.545649
v 0.734719 -0.137647 1.544232
v 0.735672 -0.108433 1.545342
v 0.728809 -0.107470 1.542484
v 0.731914 -0.107941 1.543807
v 0.742257 -0.122123 1.533197
v 0.734094 -0.122871 1.529318
v 0.738192 -0.122437 1.531406
v 0.760121 -0.119975 1.562096
v 0.752656 -0.120068 1.560167
v 0.756383 -0.120015 1.561149
v 0.763231 -0.109732 1.553115
v 0.755964 -0.109332 1.551002
v 0.759593 -0.109539 1.552033
v 0.767189 -0.120114 1.544329
v 0.760476 -0.120574 1.541334
v 0.763784 -0.120380 1.542853
v 0.763961 -0.132739 1.554692
v 0.757179 -0.133956 1.552248
v 0.760536 -0.133299 1.553436
v 0.733025 -0.133027 1.534320
v 0.741978 -0.132061 1.538056
v 0.737707 -0.132482 1.536378
v 0.734608 -0.112750 1.551119
v 0.726543 -0.112270 1.548927
v 0.730479 -0.112492 1.550040
v 0.759573 -0.129738 1.545330
v 0.766219 -0.128880 1.548041
v 0.762832 -0.129277 1.546691
v 0.752798 -0.113229 1.556046
v 0.761828 -0.113335 1.558533
v 0.756869 -0.113209 1.557213
v 0.733720 -0.130423 1.552833
v 0.726393 -0.130992 1.550829
v 0.729721 -0.130702 1.551735
v 0.732279 -0.112338 1.533556
v 0.739426 -0.112326 1.536387
v 0.735490 -0.112357 1.534873
v 0.754404 -0.128602 1.558341
v 0.761775 -0.127849 1.560161
v 0.758101 -0.128237 1.559206
v 0.761048 -0.112343 1.545365
v 0.768062 -0.112409 1.548598
v 0.764384 -0.112140 1.547014
v 0.787325 -0.096814 1.543880
v 0.777736 -0.097097 1.541965
v 0.782247 -0.096939 1.542898
v 0.790243 -0.087784 1.533808
v 0.780908 -0.087475 1.531343
v 0.785284 -0.087664 1.532485
v 0.794004 -0.099637 1.525869
v 0.785145 -0.100523 1.522793
v 0.789217 -0.100183 1.524312
v 0.790937 -0.108832 1.537309
v 0.782063 -0.110289 1.534811
v 0.786173 -0.109492 1.535911
v 0.744476 -0.113498 1.515025
v 0.755848 -0.112005 1.518857
v 0.750045 -0.112726 1.517015
v 0.747868 -0.090124 1.530597
v 0.738822 -0.089659 1.528645
v 0.742657 -0.089649 1.529617
v 0.784188 -0.107906 1.528078
v 0.792947 -0.106761 1.530828
v 0.788186 -0.107289 1.529393
v 0.777665 -0.090098 1.537277
v 0.790070 -0.090132 1.539989
v 0.782622 -0.089934 1.538478
v 0.746628 -0.108807 1.534093
v 0.738967 -0.109461 1.532393
v 0.742073 -0.109132 1.533025
v 0.744484 -0.092259 1.512582
v 0.751999 -0.091974 1.515063
v 0.747484 -0.092196 1.513685
v 0.779497 -0.105656 1.540765
v 0.788992 -0.104643 1.542674
v 0.783994 -0.105203 1.541556
v 0.784706 -0.091700 1.525189
v 0.794069 -0.091561 1.528018
v 0.789085 -0.091846 1.526555
v 0.809575 -0.072185 1.498293
v 0.802369 -0.081078 1.490771
v 0.808208 -0.076029 1.508968
v 0.799589 -0.085535 1.505057
v 0.804830 -0.085483 1.496933
v 0.811549 -0.072793 1.504710
v 0.806853 -0.077066 1.493423
v 0.804624 -0.082695 1.508940
v 0.809412 -0.079320 1.500872
v 0.735703 -0.075955 1.486032
v 0.743943 -0.075656 1.487508
v 0.740124 -0.075717 1.486899
v 0.740387 -0.095624 1.474090
v 0.752191 -0.093272 1.476956
v 0.747526 -0.093963 1.475991
v 0.743902 -0.080892 1.504521
v 0.735825 -0.081804 1.504412
v 0.740126 -0.081344 1.504450
v 0.749842 -0.099004 1.496678
v 0.738352 -0.102431 1.495113
v 0.745272 -0.100053 1.496032
v 0.778778 -0.073570 1.492937
v 0.770335 -0.074089 1.491596
v 0.775160 -0.073762 1.492362
v 0.778077 -0.078126 1.506591
v 0.769748 -0.078778 1.506045
v 0.774494 -0.078429 1.506336
v 0.781507 -0.091318 1.501279
v 0.773670 -0.093181 1.500186
v 0.778101 -0.092097 1.500729
v 0.782945 -0.086645 1.484993
v 0.775314 -0.088299 1.482988
v 0.779608 -0.087358 1.484210
v 0.739392 -0.101870 1.483236
v 0.752631 -0.098694 1.485575
v 0.747556 -0.099644 1.484730
v 0.746052 -0.076275 1.496720
v 0.735555 -0.076817 1.495764
v 0.741192 -0.076397 1.496337
v 0.775322 -0.093250 1.490165
v 0.782923 -0.091476 1.491690
v 0.779576 -0.092190 1.491055
v 0.768530 -0.074934 1.499458
v 0.778296 -0.074315 1.500702
v 0.773689 -0.074518 1.500165
v 0.747063 -0.082601 1.479459
v 0.738980 -0.083727 1.478261
v 0.743303 -0.083097 1.479007
v 0.737615 -0.092670 1.503090
v 0.745632 -0.091090 1.503854
v 0.741873 -0.091787 1.503374
v 0.772984 -0.079787 1.484831
v 0.781200 -0.079019 1.486806
v 0.777680 -0.079422 1.485979
v 0.772321 -0.087154 1.506204
v 0.780723 -0.085996 1.506863
v 0.777128 -0.086544 1.506446
v 0.734367 -0.077935 1.455464
v 0.729202 -0.078393 1.454951
v 0.738672 -0.076742 1.455755
v 0.729779 -0.062753 1.465261
v 0.725804 -0.063155 1.465029
v 0.733868 -0.062288 1.465329
v 0.736567 -0.087454 1.468631
v 0.740887 -0.086187 1.468717
v 0.731274 -0.089247 1.468526
v 0.730810 -0.072454 1.477230
v 0.734937 -0.071763 1.476938
v 0.726840 -0.073218 1.477534
v 0.783000 -0.064874 1.466268
v 0.778496 -0.060505 1.460388
v 0.781015 -0.069179 1.471964
v 0.784646 -0.058759 1.469335
v 0.779141 -0.070546 1.463939
v 0.774635 -0.065678 1.459782
v 0.781548 -0.057152 1.465168
v 0.777136 -0.072240 1.469735
v 0.783145 -0.063197 1.473158
v 0.759632 -0.067287 1.475341
v 0.752890 -0.068526 1.475769
v 0.756383 -0.067869 1.475564
v 0.758401 -0.059588 1.465610
v 0.751691 -0.060329 1.465578
v 0.755165 -0.059965 1.465588
v 0.761456 -0.070632 1.458003
v 0.755119 -0.072259 1.457360
v 0.758371 -0.071461 1.457737
v 0.762921 -0.078416 1.468989
v 0.756790 -0.080619 1.468916
v 0.759915 -0.079438 1.468921
v 0.730591 -0.086531 1.460580
v 0.741024 -0.083602 1.461347
v 0.736531 -0.084850 1.461146
v 0.735384 -0.065517 1.471967
v 0.725948 -0.066840 1.472151
v 0.730997 -0.066064 1.472129
v 0.756637 -0.078673 1.462351
v 0.762776 -0.076746 1.462733
v 0.759744 -0.077650 1.462570
v 0.750802 -0.063239 1.471342
v 0.758444 -0.062046 1.471027
v 0.754548 -0.062601 1.471220
v 0.737673 -0.080469 1.475432
v 0.729836 -0.082377 1.475672
v 0.733692 -0.081400 1.475537
v 0.727253 -0.068846 1.457804
v 0.735361 -0.067270 1.458350
v 0.731187 -0.068080 1.458119
v 0.755292 -0.076135 1.474740
v 0.761837 -0.074395 1.474230
v 0.758689 -0.075259 1.474438
v 0.753820 -0.064092 1.459278
v 0.760551 -0.063106 1.459606
v 0.757328 -0.063680 1.459467
v 0.616262 -0.156812 1.540144
v 0.628998 -0.164003 1.544755
v 0.621038 -0.160354 1.541855
v 0.627307 -0.180305 1.522361
v 0.632926 -0.184017 1.527884
v 0.630254 -0.182123 1.525063
v 0.638964 -0.147261 1.540812
v 0.636668 -0.136592 1.535800
v 0.636854 -0.144084 1.539261
v 0.653087 -0.161636 1.512956
v 0.654256 -0.169026 1.519833
v 0.653506 -0.166318 1.517347
v 0.642556 -0.174924 1.552278
v 0.650053 -0.179967 1.556644
v 0.645131 -0.176820 1.555764
v 0.649492 -0.192435 1.538968
v 0.656056 -0.195557 1.544423
v 0.652577 -0.194095 1.541797
v 0.658426 -0.165184 1.554007
v 0.651136 -0.159522 1.550380
v 0.654931 -0.161710 1.552067
v 0.664566 -0.176121 1.531998
v 0.669467 -0.181388 1.537096
v 0.666804 -0.178949 1.534525
v 0.629388 -0.176852 1.537336
v 0.621362 -0.171472 1.531066
v 0.624261 -0.173961 1.533596
v 0.646833 -0.148461 1.525573
v 0.647384 -0.154078 1.531403
v 0.646320 -0.151405 1.529532
v 0.651077 -0.189900 1.551505
v 0.644553 -0.185818 1.546372
v 0.647926 -0.187818 1.548855
v 0.659048 -0.165267 1.540662
v 0.665503 -0.170786 1.544490
v 0.662272 -0.168319 1.542431
v 0.609235 -0.141500 1.532130
v 0.624261 -0.168916 1.508464
v 0.673220 -0.185006 1.575550
v 0.678248 -0.196942 1.557715
v 0.670370 -0.194253 1.544514
v 0.662120 -0.179618 1.564411
v 0.680516 -0.193495 1.568826
v 0.632398 -0.154862 1.544904
v 0.628017 -0.150280 1.541762
v 0.623439 -0.146687 1.538560
v 0.637600 -0.172942 1.515017
v 0.641997 -0.176339 1.519345
v 0.643880 -0.178747 1.522166
v 0.653228 -0.172694 1.558330
v 0.647931 -0.168611 1.556210
v 0.643208 -0.165057 1.552466
v 0.657879 -0.186471 1.533509
v 0.660622 -0.188664 1.536239
v 0.663679 -0.190631 1.538966
v 0.591519 -0.092174 1.499641
v 0.594065 -0.085805 1.491622
v 0.696546 -0.120234 1.547330
v 0.699763 -0.135143 1.543405
v 0.700039 -0.110578 1.540635
v 0.703382 -0.142056 1.534301
v 0.708322 -0.135049 1.523152
v 0.714381 -0.113595 1.525887
v 0.703200 -0.103740 1.533470
v 0.711078 -0.125490 1.516428
v 0.706009 -0.099803 1.528899
v 0.715497 -0.112827 1.525099
v 0.707234 -0.091185 1.520484
v 0.711905 -0.124225 1.514610
v 0.713567 -0.120889 1.502431
v 0.715626 -0.098890 1.500333
v 0.711086 -0.085744 1.510392
v 0.717895 -0.114457 1.493144
v 0.709885 -0.075785 1.478816
v 0.704295 -0.067715 1.462239
v 0.705943 -0.070938 1.471847
v 0.706610 -0.076608 1.455626
v 0.707522 -0.086179 1.451051
v 0.715710 -0.098931 1.464165
v 0.712157 -0.094380 1.457436
v 0.715093 -0.088560 1.473548
v 0.710294 -0.079527 1.493089
v 0.716026 -0.099318 1.498301
v 0.711527 -0.082805 1.503922
v 0.716292 -0.102892 1.467861
v 0.718903 -0.113097 1.487717
v 0.717194 -0.108632 1.477035
v 0.714613 -0.088955 1.474258
v 0.709668 -0.077847 1.482463
v 0.136079 -0.069489 1.523298
v 0.140795 -0.141659 1.399540
v 0.112651 -0.126393 1.510345
v 0.141201 -0.004486 1.402310
v 0.130441 -0.003380 1.486480
v 0.137910 -0.126862 1.357416
v 0.129166 -0.147117 1.466715
v 0.138722 -0.001933 1.455967
v 0.129498 -0.104520 1.518301
v 0.141269 -0.031580 1.512045
v 0.124297 -0.035964 1.351354
v 0.141447 -0.002122 1.423763
v 0.141350 -0.148345 1.434847
v 0.144322 -0.081062 1.346812
v 0.023743 -0.172066 1.016902
v 0.127785 -0.073124 1.023064
v 0.116759 -0.106884 1.020259
v 0.119789 -0.025142 1.026096
v 0.076307 -0.155544 1.022672
v 0.045277 -0.168046 1.017817
v 0.073594 0.011532 1.027671
v 0.037680 -0.140407 1.020424
v 0.101486 -0.079729 1.024204
v 0.094724 -0.100433 1.022484
v 0.096582 -0.050303 1.026063
v 0.069916 -0.130275 1.023964
v 0.050886 -0.137942 1.020985
v 0.068252 -0.027812 1.027029
v 0.061042 -0.073561 1.026264
v 0.087465 -0.077646 1.025345
v 0.056563 -0.101989 1.025789
v 0.079643 -0.101103 1.024729
v -0.091777 -0.127140 1.513485
v -0.116216 0.000067 1.493377
v -0.123082 0.003465 1.387641
v -0.126339 -0.150593 1.381179
v -0.101345 -0.066184 1.531281
v -0.149588 -0.081011 1.369369
v -0.116746 -0.123026 1.100166
v -0.114268 -0.026954 1.125220
v -0.128994 -0.014772 1.026283
v -0.125480 -0.109546 1.019516
v -0.129614 -0.083224 1.108924
v -0.138264 -0.070405 1.022768
v -0.170813 -0.072794 1.515315
v -0.154386 -0.132724 1.417902
v -0.133526 -0.125646 1.507205
v -0.159320 -0.012437 1.416980
v -0.144667 -0.006827 1.479583
v -0.042602 -0.180459 1.016684
v -0.037236 -0.177691 1.129485
v -0.045279 -0.182337 1.349579
v -0.087463 -0.163397 1.358128
v -0.081553 -0.159600 1.117250
v -0.078578 -0.165964 1.022314
v -0.064200 -0.141928 1.502252
v -0.106013 -0.027449 1.328554
v -0.121706 -0.134167 1.333584
v -0.151331 -0.113898 1.380553
v -0.043592 -0.179832 1.322146
v -0.086216 -0.160518 1.323087
v -0.042638 0.022719 1.497861
v -0.062887 0.031478 1.387531
v -0.053817 0.007246 1.142035
v -0.075433 0.027749 1.028110
v -0.059146 0.024573 1.336828
v -0.065526 -0.024479 1.538505
v -0.072639 -0.110762 1.527001
v -0.078084 -0.066834 1.546068
v -0.029622 0.005861 1.527097
v -0.105035 -0.031537 1.212337
v -0.115009 -0.133559 1.196728
v -0.123930 -0.089378 1.210014
v -0.037404 -0.179571 1.206646
v -0.079933 -0.167154 1.199407
v -0.047313 0.007620 1.220668
v -0.083940 -0.157229 1.465075
v -0.046439 -0.163119 1.455684
v -0.142927 -0.145971 1.467314
v -0.115404 -0.148264 1.466116
v -0.120732 0.005485 1.457832
v -0.156713 -0.009351 1.454102
v -0.053244 0.030217 1.452976
v -0.199135 -0.075421 1.477083
v -0.176136 -0.077297 1.504506
v -0.099825 -0.099561 1.520584
v -0.159170 -0.109478 1.516019
v -0.078402 -0.088932 1.536859
v -0.172658 -0.117117 1.497746
v -0.195442 -0.117159 1.470820
v -0.109524 -0.032347 1.519683
v -0.173015 -0.030813 1.504407
v -0.072500 -0.043196 1.544713
v -0.171827 -0.032392 1.491182
v -0.188779 -0.031705 1.466949
v -0.141972 -0.044792 1.368179
v -0.122929 0.005701 1.412893
v -0.126911 -0.153875 1.430582
v -0.159965 -0.009944 1.434633
v -0.025840 -0.183855 1.402668
v -0.060285 0.032779 1.416817
v -0.089598 -0.171735 1.418979
v -0.148868 -0.142816 1.439112
v -0.183051 -0.076413 1.494222
v -0.176089 -0.117826 1.486938
v -0.174342 -0.032320 1.480412
v -0.323326 -0.090619 1.337784
v -0.332336 -0.106740 1.400784
v -0.305678 -0.015752 1.366355
v -0.330402 -0.111396 1.369617
v -0.326921 -0.042845 1.416275
v -0.332536 -0.073043 1.419960
v -0.314116 -0.017698 1.388778
v -0.303421 -0.049917 1.340180
v -0.338209 -0.030863 1.314046
v -0.336840 -0.056374 1.304934
v -0.361888 -0.025030 1.330428
v -0.359401 -0.076455 1.312930
v -0.251652 -0.084717 1.358838
v -0.211928 -0.082874 1.366105
v -0.255404 -0.122451 1.407741
v -0.200936 -0.123570 1.420670
v -0.249330 -0.026257 1.417380
v -0.191240 -0.021999 1.425917
v -0.203559 -0.116377 1.389950
v -0.254246 -0.117357 1.378375
v -0.265214 -0.074709 1.459287
v -0.209415 -0.075069 1.475946
v -0.205340 -0.108133 1.466458
v -0.262950 -0.105733 1.448802
v -0.258164 -0.038096 1.444453
v -0.201581 -0.037172 1.463063
v -0.197215 -0.045670 1.381385
v -0.246149 -0.047237 1.376083
v -0.365169 -0.104304 1.335219
v -0.367606 -0.097303 1.404747
v -0.365642 -0.113441 1.371433
v -0.372391 -0.032801 1.393325
v -0.372271 -0.058395 1.408157
v -0.375016 -0.020117 1.357358
v -0.385132 -0.037101 1.328529
v -0.382888 -0.080337 1.313754
v -0.081175 -0.165423 1.266945
v -0.118942 -0.135770 1.260782
v -0.042043 -0.179150 1.264220
v -0.101155 -0.029943 1.280840
v -0.052029 0.014869 1.289209
v -0.126503 -0.083402 1.257612
v -0.137659 -0.081367 1.316839
v -0.409222 -0.117535 1.332212
v -0.402583 -0.093687 1.401260
v -0.403546 -0.115610 1.370644
v -0.418856 -0.031161 1.376941
v -0.411815 -0.054481 1.398622
v -0.428634 -0.027800 1.340896
v -0.414352 -0.054333 1.311982
v -0.419573 -0.100586 1.307561
v -0.279047 -0.086270 1.347889
v -0.271511 -0.048209 1.357323
v -0.292689 -0.112906 1.372074
v -0.304977 -0.111616 1.400531
v -0.296585 -0.087214 1.430649
v -0.274740 -0.020807 1.390126
v -0.283091 -0.026854 1.413840
v -0.289600 -0.056545 1.435113
v -0.502004 -0.107870 1.322508
v -0.496934 -0.128971 1.382519
v -0.494073 -0.124776 1.346185
v -0.506185 -0.068278 1.398850
v -0.503080 -0.097343 1.403811
v -0.511456 -0.045877 1.371693
v -0.518176 -0.049650 1.338868
v -0.514262 -0.073575 1.321204
v -0.538322 -0.117235 1.333537
v -0.538245 -0.111413 1.382382
v -0.538217 -0.117439 1.352462
v -0.549076 -0.065871 1.365916
v -0.545237 -0.080103 1.383385
v -0.547784 -0.063286 1.336798
v -0.544955 -0.075196 1.318033
v -0.542963 -0.098803 1.317264
v -0.573666 -0.116508 1.381747
v -0.574400 -0.085789 1.385494
v -0.577845 -0.099646 1.317901
v -0.577228 -0.078481 1.318776
v -0.576995 -0.120134 1.349496
v -0.576660 -0.114143 1.328999
v -0.576367 -0.071465 1.336022
v -0.576793 -0.072078 1.368812
v -0.133747 -0.010539 1.033482
v -0.130384 -0.113868 1.028091
v -0.143933 -0.071139 1.030540
v -0.041601 -0.188946 1.023437
v -0.080864 -0.172797 1.029785
v -0.075204 0.034224 1.037981
v -0.576894 -0.118392 1.361441
v -0.017635 -0.185120 1.015624
v -0.017327 -0.193899 1.021843
v -0.534781 -0.116674 1.391339
v -0.535447 -0.124927 1.353540
v -0.535466 -0.124968 1.328913
v -0.541815 -0.101661 1.307992
v -0.544361 -0.070851 1.308895
v -0.547575 -0.055161 1.332654
v -0.548723 -0.058374 1.369914
v -0.543800 -0.076677 1.392244
v -0.061269 -0.024563 1.536643
v -0.051837 -0.018765 1.548780
v -0.065089 -0.113189 1.525720
v -0.048008 -0.101844 1.543296
v -0.059082 -0.140486 1.498327
v -0.028613 -0.146752 1.495188
v -0.035105 -0.109755 1.537347
v -0.054025 -0.083753 1.550744
v -0.058905 -0.064929 1.556183
v -0.073602 -0.070081 1.544935
v -0.043878 -0.021240 1.549012
v -0.056606 -0.037207 1.552913
v -0.026925 0.005863 1.526170
v -0.018027 0.002082 1.539246
v -0.055311 -0.137390 1.508950
v -0.016583 -0.127664 1.515917
v -0.030936 -0.106553 1.539297
v -0.072882 -0.088978 1.531867
v -0.067264 -0.110247 1.522276
v -0.067021 -0.044405 1.539466
v -0.072513 -0.067430 1.540803
v -0.018087 -0.130427 1.521166
v -0.027689 -0.094140 1.519637
v -0.035605 -0.088671 1.523337
v -0.041455 -0.099323 1.544190
v -0.041793 -0.161104 1.453005
v -0.073487 -0.090807 1.536537
v -0.060180 -0.026224 1.533428
v -0.067532 -0.045085 1.542849
v -0.021744 -0.181286 1.401404
v -0.022202 -0.117665 1.531398
v -0.025263 0.003259 1.522337
v -0.051060 -0.064349 1.555162
v -0.016051 -0.002848 1.541234
v -0.020417 -0.113783 1.534403
v -0.046901 -0.082000 1.550649
v -0.048878 -0.038888 1.552367
v -0.041185 -0.043199 1.529498
v -0.042818 -0.062346 1.531606
v -0.039700 -0.075628 1.528204
v -0.016486 -0.016062 1.521109
v -0.037424 -0.029924 1.526974
v -0.019764 -0.099597 1.515944
v -0.019442 -0.089249 1.516773
v -0.017121 -0.029208 1.520563
v -0.017796 -0.042879 1.520028
v -0.018552 -0.061415 1.518947
v -0.019041 -0.076138 1.517836
v -0.008726 -0.146469 1.492445
v -0.012617 -0.166734 1.444424
v -0.592990 -0.118218 1.379756
v -0.593218 -0.089659 1.384480
v -0.595605 -0.100642 1.320525
v -0.595563 -0.081695 1.321390
v -0.705866 -0.129056 1.394568
v -0.703280 -0.098775 1.398499
v -0.687124 -0.120568 1.300222
v -0.686397 -0.095678 1.301459
v -0.624022 -0.117071 1.311604
v -0.623875 -0.088010 1.313061
v -0.635971 -0.139158 1.381378
v -0.618995 -0.093066 1.391428
v -0.652338 -0.092812 1.307373
v -0.661111 -0.139797 1.389434
v -0.652682 -0.120610 1.306052
v -0.656548 -0.102055 1.401820
v -0.645006 -0.084069 1.328318
v -0.653337 -0.128589 1.322116
v -0.698734 -0.091773 1.318677
v -0.697873 -0.129168 1.317086
v -0.619539 -0.079907 1.328246
v -0.593787 -0.076823 1.336960
v -0.621921 -0.124442 1.325538
v -0.594855 -0.112699 1.328952
v -0.622305 -0.117238 1.417633
v -0.623516 -0.144687 1.409450
v -0.623591 -0.098405 1.402764
v -0.608238 -0.097814 1.395803
v -0.628702 -0.143359 1.393968
v -0.603667 -0.122753 1.390431
v -0.694992 -0.143220 1.459329
v -0.692296 -0.156322 1.454476
v -0.701054 -0.138400 1.452586
v -0.700721 -0.154678 1.442476
v -0.593878 -0.118328 1.366150
v -0.593774 -0.120852 1.348848
v -0.595783 -0.077223 1.369213
v -0.707802 -0.131257 1.341233
v -0.706863 -0.084754 1.342838
v -0.615204 -0.076032 1.351985
v -0.614437 -0.077652 1.366767
v -0.630973 -0.127351 1.365638
v -0.618789 -0.120864 1.346981
v -0.641473 -0.077927 1.350020
v -0.641875 -0.079876 1.365061
v -0.657844 -0.126474 1.344921
v -0.657842 -0.127081 1.366641
v -0.810254 -0.108672 1.396580
v -0.801148 -0.118344 1.396774
v -0.810585 -0.105478 1.385705
v -0.800784 -0.113389 1.382510
v -0.760363 -0.114389 1.347488
v -0.755275 -0.114899 1.346994
v -0.765962 -0.114080 1.347672
v -0.759400 -0.092176 1.348982
v -0.756240 -0.091851 1.348684
v -0.764007 -0.092845 1.349326
v -0.760454 -0.117312 1.366561
v -0.766144 -0.117102 1.366377
v -0.755221 -0.117706 1.366822
v -0.757691 -0.095795 1.367023
v -0.762368 -0.096454 1.366759
v -0.754464 -0.095541 1.367271
v -0.691313 -0.134233 1.441091
v -0.691559 -0.155076 1.430772
v -0.681006 -0.143405 1.451918
v -0.679704 -0.159670 1.444627
v -0.674795 -0.095466 1.303969
v -0.693463 -0.131193 1.393663
v -0.675369 -0.121021 1.302789
v -0.689285 -0.099257 1.399209
v -0.685121 -0.089861 1.320815
v -0.684390 -0.127310 1.318325
v -0.693646 -0.086768 1.373443
v -0.693513 -0.082830 1.344053
v -0.693343 -0.122866 1.367609
v -0.692296 -0.123246 1.341470
v -0.665468 -0.089492 1.315307
v -0.671587 -0.093381 1.388983
v -0.669100 -0.086066 1.323360
v -0.673451 -0.081037 1.347745
v -0.672809 -0.082165 1.361724
v -0.659166 -0.133246 1.377359
v -0.707951 -0.130006 1.380304
v -0.706529 -0.091399 1.385890
v -0.804048 -0.118964 1.389574
v -0.813220 -0.106023 1.391245
v -0.693443 -0.127016 1.379402
v -0.690976 -0.093467 1.387904
v -0.657786 -0.126809 1.355911
v -0.708113 -0.085885 1.357094
v -0.707864 -0.129647 1.353986
v -0.724942 -0.108466 1.371403
v -0.717280 -0.089436 1.358530
v -0.717023 -0.125998 1.356522
v -0.717617 -0.092450 1.370584
v -0.718416 -0.122580 1.369192
v -0.719454 -0.108552 1.343330
v -0.718179 -0.090100 1.346060
v -0.718984 -0.126464 1.344425
v -0.692795 -0.123083 1.354732
v -0.693830 -0.084420 1.358734
v -0.655447 -0.127608 1.332950
v -0.702406 -0.130831 1.328366
v -0.703950 -0.088554 1.329734
v -0.689175 -0.086514 1.331798
v -0.688442 -0.124433 1.330291
v -0.692865 -0.092527 1.310755
v -0.692659 -0.125971 1.308983
v -0.652896 -0.125611 1.313413
v -0.680106 -0.123738 1.310904
v -0.680065 -0.092307 1.312806
v -0.672335 -0.086937 1.375810
v -0.616693 -0.083564 1.379464
v -0.646268 -0.086981 1.381902
v -0.671024 -0.083033 1.334447
v -0.686662 -0.108055 1.300403
v -0.704626 -0.116438 1.401259
v -0.624010 -0.102514 1.312296
v -0.661335 -0.124798 1.400467
v -0.652478 -0.106545 1.306501
v -0.622832 -0.130709 1.413853
v -0.696151 -0.150217 1.460067
v -0.704897 -0.145907 1.449262
v -0.806244 -0.114654 1.397395
v -0.806490 -0.110037 1.381514
v -0.835087 -0.107617 1.356837
v -0.830695 -0.105756 1.348243
v -0.831352 -0.108736 1.364368
v -0.839298 -0.100448 1.356862
v -0.828280 -0.113701 1.356994
v -0.823883 -0.109895 1.349879
v -0.835810 -0.100990 1.351662
v -0.825222 -0.111725 1.363369
v -0.678946 -0.152634 1.452212
v -0.695773 -0.143886 1.434925
v -0.692632 -0.116307 1.402670
v -0.674980 -0.108078 1.303009
v -0.809747 -0.112850 1.390416
v -0.836102 -0.103021 1.362707
v -0.718522 -0.122460 1.370389
v -0.705359 -0.126169 1.367913
v -0.717080 -0.092915 1.375764
v -0.707036 -0.089276 1.372843
v -0.725163 -0.108340 1.372306
v -0.715882 -0.127975 1.395607
v -0.712998 -0.099694 1.397811
v -0.716887 -0.126780 1.381609
v -0.715495 -0.095157 1.386093
v -0.713805 -0.115887 1.401283
v -0.717929 -0.128372 1.340261
v -0.717456 -0.089394 1.341131
v -0.710348 -0.094937 1.319447
v -0.710759 -0.126975 1.317926
v -0.713582 -0.091720 1.329861
v -0.713679 -0.128030 1.328708
v -0.719432 -0.109336 1.342582
v -0.712658 -0.110483 1.317793
v -0.700264 -0.119715 1.297706
v -0.709383 -0.126355 1.313926
v -0.699684 -0.095552 1.298810
v -0.709355 -0.095284 1.317096
v -0.703816 -0.093940 1.309063
v -0.704547 -0.123647 1.306595
v -0.712495 -0.112266 1.317333
v -0.699714 -0.107637 1.297720
v -0.745833 -0.103376 1.396819
v -0.753492 -0.104075 1.396761
v -0.749326 -0.103671 1.396777
v -0.747433 -0.124565 1.395897
v -0.756395 -0.124367 1.395945
v -0.751950 -0.124616 1.395869
v -0.755555 -0.099028 1.382161
v -0.748269 -0.098081 1.380670
v -0.751571 -0.098527 1.381387
v -0.757354 -0.117782 1.377330
v -0.748399 -0.118513 1.376088
v -0.752939 -0.118031 1.376802
v -0.782678 -0.106420 1.397039
v -0.774989 -0.105838 1.396978
v -0.778834 -0.106114 1.397021
v -0.783986 -0.102302 1.383751
v -0.776476 -0.101418 1.383250
v -0.780220 -0.101877 1.383483
v -0.784477 -0.116116 1.380656
v -0.777181 -0.116494 1.379723
v -0.780786 -0.116316 1.380236
v -0.783247 -0.121640 1.396315
v -0.775977 -0.122406 1.396235
v -0.779574 -0.121990 1.396229
v -0.747943 -0.124794 1.385555
v -0.757629 -0.124104 1.386408
v -0.753040 -0.124352 1.386070
v -0.755795 -0.099905 1.389395
v -0.747506 -0.098823 1.388950
v -0.751565 -0.099321 1.389198
v -0.776684 -0.122411 1.387816
v -0.783868 -0.121805 1.388326
v -0.780219 -0.122065 1.388073
v -0.774535 -0.101832 1.390085
v -0.783861 -0.102656 1.390396
v -0.778757 -0.102123 1.390231
v -0.753981 -0.114230 1.399766
v -0.746365 -0.114123 1.399848
v -0.749825 -0.114146 1.399792
v -0.748704 -0.107088 1.374828
v -0.756333 -0.107262 1.375756
v -0.752142 -0.107167 1.375296
v -0.775457 -0.114417 1.399300
v -0.783079 -0.114459 1.398962
v -0.779266 -0.114470 1.399097
v -0.779525 -0.107649 1.378940
v -0.787132 -0.107681 1.380274
v -0.783193 -0.107410 1.379552
v -0.805521 -0.100326 1.364645
v -0.795789 -0.099462 1.365123
v -0.800378 -0.099832 1.364913
v -0.806243 -0.097716 1.351074
v -0.796649 -0.096643 1.350743
v -0.801139 -0.097191 1.350909
v -0.806662 -0.112375 1.349464
v -0.797254 -0.112715 1.349110
v -0.801602 -0.112569 1.349394
v -0.806165 -0.114472 1.364302
v -0.796859 -0.115039 1.364722
v -0.801163 -0.114697 1.364419
v -0.755114 -0.119077 1.357259
v -0.767186 -0.118387 1.357439
v -0.761062 -0.118652 1.357423
v -0.764609 -0.092443 1.358161
v -0.755446 -0.091061 1.358126
v -0.759388 -0.091402 1.358160
v -0.797210 -0.116491 1.357421
v -0.806451 -0.116056 1.357393
v -0.801452 -0.116184 1.357412
v -0.794985 -0.095533 1.357715
v -0.807608 -0.096889 1.357493
v -0.800077 -0.095867 1.357638
v -0.762872 -0.106756 1.370609
v -0.755014 -0.106514 1.371058
v -0.758189 -0.106583 1.370796
v -0.756174 -0.101818 1.344687
v -0.764080 -0.101993 1.345110
v -0.759358 -0.101879 1.344976
v -0.796441 -0.107780 1.367984
v -0.806141 -0.107995 1.367159
v -0.801001 -0.107957 1.367511
v -0.798222 -0.103896 1.346859
v -0.807981 -0.104419 1.347270
v -0.802781 -0.104303 1.347192
v -0.816114 -0.104437 1.309412
v -0.806396 -0.114076 1.308926
v -0.817468 -0.102605 1.320610
v -0.807355 -0.110833 1.323766
v -0.810110 -0.115582 1.315809
v -0.819742 -0.102440 1.314731
v -0.811754 -0.110321 1.308267
v -0.813487 -0.107644 1.324615
v -0.816095 -0.109399 1.315153
v -0.741701 -0.098020 1.315983
v -0.750022 -0.098791 1.315402
v -0.746193 -0.098333 1.315696
v -0.741250 -0.121461 1.314669
v -0.753535 -0.120558 1.313520
v -0.748745 -0.120633 1.313997
v -0.754298 -0.095544 1.332373
v -0.746464 -0.094712 1.334380
v -0.750628 -0.095186 1.333308
v -0.756318 -0.116025 1.333495
v -0.744608 -0.117329 1.336211
v -0.751679 -0.116282 1.334401
v -0.785039 -0.101712 1.311853
v -0.776544 -0.101027 1.312698
v -0.781400 -0.101392 1.312200
v -0.787802 -0.099273 1.325785
v -0.779627 -0.098363 1.327345
v -0.784278 -0.098911 1.326450
v -0.788527 -0.113823 1.327123
v -0.780572 -0.114313 1.328719
v -0.785051 -0.114043 1.327738
v -0.785745 -0.117515 1.310759
v -0.777749 -0.118283 1.311440
v -0.782275 -0.117799 1.311131
v -0.742337 -0.122483 1.325688
v -0.755917 -0.121405 1.323393
v -0.750747 -0.121562 1.324184
v -0.754557 -0.095556 1.323061
v -0.744202 -0.094291 1.324662
v -0.749790 -0.094831 1.323789
v -0.779353 -0.119291 1.319950
v -0.787196 -0.118632 1.318811
v -0.783758 -0.118848 1.319310
v -0.776939 -0.097794 1.320126
v -0.786681 -0.098710 1.318879
v -0.782107 -0.098179 1.319466
v -0.750197 -0.109122 1.311402
v -0.742036 -0.108971 1.312594
v -0.746432 -0.108979 1.312032
v -0.746922 -0.105088 1.338273
v -0.754936 -0.105030 1.336501
v -0.751147 -0.105074 1.337207
v -0.776728 -0.109594 1.309261
v -0.785202 -0.109727 1.308875
v -0.781571 -0.109726 1.309093
v -0.781450 -0.106071 1.331097
v -0.789768 -0.106506 1.329368
v -0.786166 -0.106427 1.330020
v -0.731740 -0.113417 1.291411
v -0.726617 -0.112980 1.292257
v -0.736038 -0.113142 1.290188
v -0.731319 -0.094857 1.293113
v -0.727419 -0.094489 1.293927
v -0.735290 -0.095270 1.292107
v -0.736739 -0.116095 1.306795
v -0.740999 -0.115853 1.305360
v -0.731498 -0.116599 1.308672
v -0.734851 -0.097998 1.307814
v -0.738775 -0.098387 1.306383
v -0.731074 -0.097699 1.309258
v -0.782354 -0.107240 1.284159
v -0.776762 -0.105214 1.277949
v -0.781691 -0.107953 1.291506
v -0.785283 -0.100889 1.283390
v -0.777549 -0.112413 1.285784
v -0.772476 -0.109168 1.280784
v -0.781287 -0.100761 1.279707
v -0.777108 -0.110818 1.291928
v -0.784550 -0.102673 1.289121
v -0.762326 -0.100352 1.297784
v -0.755893 -0.099833 1.300133
v -0.759231 -0.100081 1.298923
v -0.759063 -0.097880 1.286005
v -0.752573 -0.097147 1.287713
v -0.755930 -0.097546 1.286833
v -0.758965 -0.111541 1.284418
v -0.752589 -0.111932 1.285972
v -0.755871 -0.111742 1.285233
v -0.762794 -0.113562 1.297251
v -0.756727 -0.114233 1.299531
v -0.759815 -0.113856 1.298313
v -0.728852 -0.117738 1.300755
v -0.739288 -0.117010 1.297827
v -0.734831 -0.117253 1.299190
v -0.738327 -0.095346 1.299003
v -0.729241 -0.094455 1.301737
v -0.734130 -0.094838 1.300305
v -0.754909 -0.115516 1.293053
v -0.761047 -0.114944 1.291170
v -0.758027 -0.115174 1.292098
v -0.753091 -0.096849 1.294204
v -0.760414 -0.097541 1.291790
v -0.756694 -0.097127 1.293020
v -0.740263 -0.107174 1.308859
v -0.732675 -0.107095 1.311604
v -0.736408 -0.107108 1.310221
v -0.726327 -0.103013 1.290343
v -0.734366 -0.103077 1.288371
v -0.730242 -0.103020 1.289428
v -0.757283 -0.107384 1.302538
v -0.763545 -0.107465 1.299911
v -0.760521 -0.107466 1.301157
v -0.752547 -0.103721 1.283818
v -0.759160 -0.104110 1.282235
v -0.755990 -0.104003 1.283058
v -0.635897 -0.118565 1.426053
v -0.648781 -0.125315 1.430909
v -0.640654 -0.121836 1.428276
v -0.639591 -0.149298 1.420399
v -0.646204 -0.151149 1.425755
v -0.643015 -0.150247 1.422980
v -0.658585 -0.114691 1.417263
v -0.655861 -0.107274 1.408220
v -0.656393 -0.112214 1.414812
v -0.663161 -0.142772 1.397960
v -0.665593 -0.146267 1.407187
v -0.664404 -0.144904 1.403901
v -0.662961 -0.134133 1.439901
v -0.670941 -0.138053 1.444555
v -0.666243 -0.134714 1.443259
v -0.664459 -0.156797 1.435904
v -0.672006 -0.158365 1.440718
v -0.668064 -0.157580 1.438486
v -0.679424 -0.128198 1.433307
v -0.671899 -0.123448 1.428929
v -0.675822 -0.125355 1.430663
v -0.678272 -0.148983 1.418872
v -0.683953 -0.152226 1.424784
v -0.680887 -0.150738 1.421949
v -0.646039 -0.139902 1.430917
v -0.637050 -0.136450 1.424595
v -0.640326 -0.138048 1.427373
v -0.661769 -0.124317 1.403378
v -0.663463 -0.126628 1.410969
v -0.662141 -0.124949 1.408283
v -0.669677 -0.149207 1.444919
v -0.662337 -0.146670 1.439893
v -0.666093 -0.147964 1.442292
v -0.676292 -0.134493 1.421948
v -0.683086 -0.138855 1.426595
v -0.679621 -0.136993 1.424294
v -0.628188 -0.107522 1.413142
v -0.633732 -0.145160 1.403646
v -0.697968 -0.138570 1.458295
v -0.696833 -0.158083 1.448107
v -0.685835 -0.160156 1.437232
v -0.684681 -0.136700 1.448483
v -0.702382 -0.150496 1.455326
v -0.652823 -0.118041 1.425819
v -0.648129 -0.114605 1.421792
v -0.643148 -0.112013 1.418243
v -0.647993 -0.148410 1.408452
v -0.653130 -0.150282 1.412893
v -0.655522 -0.151467 1.416083
v -0.675042 -0.131647 1.441734
v -0.669716 -0.127987 1.439004
v -0.664443 -0.125645 1.435046
v -0.671450 -0.155865 1.426632
v -0.674657 -0.157083 1.429463
v -0.678181 -0.158172 1.432117
v -0.606204 -0.076017 1.364907
v -0.606924 -0.074695 1.354463
v -0.717707 -0.100239 1.397657
v -0.718475 -0.115597 1.401061
v -0.719971 -0.095664 1.386513
v -0.718835 -0.126485 1.396051
v -0.721027 -0.126536 1.382158
v -0.729337 -0.107977 1.372621
v -0.721556 -0.093674 1.376433
v -0.722569 -0.121905 1.371187
v -0.723291 -0.092936 1.370051
v -0.730248 -0.107903 1.371347
v -0.722820 -0.089575 1.358429
v -0.722957 -0.121812 1.368857
v -0.721424 -0.124831 1.356579
v -0.724605 -0.107180 1.343505
v -0.724137 -0.090273 1.346426
v -0.723501 -0.124402 1.344669
v -0.714999 -0.095828 1.315068
v -0.705687 -0.095260 1.298212
v -0.709679 -0.094002 1.307587
v -0.705333 -0.106454 1.296552
v -0.704150 -0.117013 1.297235
v -0.714600 -0.123751 1.312952
v -0.709696 -0.122152 1.305740
v -0.717471 -0.110365 1.315875
v -0.719064 -0.092632 1.328894
v -0.724387 -0.108561 1.341918
v -0.722996 -0.090777 1.339416
v -0.715864 -0.125611 1.317915
v -0.723064 -0.125913 1.339206
v -0.718816 -0.126574 1.328321
v -0.717177 -0.110284 1.316768
v -0.715639 -0.095903 1.319213
v -0.136079 -0.069489 1.523298
v -0.140795 -0.141659 1.399540
v -0.112651 -0.126393 1.510345
v -0.141201 -0.004486 1.402310
v -0.130441 -0.003380 1.486480
v -0.137910 -0.126862 1.357416
v -0.129166 -0.147117 1.466715
v -0.138722 -0.001933 1.455967
v -0.129498 -0.104520 1.518301
v -0.141269 -0.031580 1.512045
v -0.124297 -0.035964 1.351354
v -0.141447 -0.002122 1.423763
v -0.141350 -0.148345 1.434847
v -0.144322 -0.081062 1.346812
v 0.000000 0.027389 1.341168
v 0.000000 0.030122 1.497736
v 0.000000 -0.190662 1.345806
v 0.000000 0.035382 1.387816
v 0.000000 0.008763 1.153034
v 0.000000 -0.183282 1.137947
v 0.000000 -0.174289 1.027133
v 0.000000 0.032961 1.033810
v 0.000000 -0.189855 1.320713
v 0.000000 0.013753 1.523493
v 0.000000 -0.182816 1.213447
v 0.000000 0.012803 1.227152
v 0.000000 0.036933 1.453871
v 0.000000 0.038077 1.416854
v 0.000000 -0.183987 1.267502
v 0.000000 0.019626 1.292755
v 0.000000 -0.186084 1.023728
v 0.000000 0.039329 1.043521
v 0.000000 -0.183139 1.404980
v 0.000000 -0.187475 1.351449
v 0.000000 0.012918 1.522783
v 0.000000 0.007524 1.536156
v 0.000000 -0.116393 1.529712
v 0.000000 -0.122900 1.527229
v 0.000000 -0.145921 1.490244
v 0.000000 -0.168124 1.445910
v 0.000000 -0.131650 1.521331
v 0.000000 0.001905 1.538667
v 0.000000 -0.012489 1.519179
v 0.000000 -0.101590 1.512392
v 0.000000 -0.090345 1.513486
v 0.000000 -0.028386 1.518358
v 0.000000 -0.042447 1.517629
v 0.000000 -0.060840 1.516345
v 0.000000 -0.076960 1.514848
v 0.000000 0.010784 1.518868
v -0.023743 -0.172066 1.016902
v 0.000000 -0.162725 1.026828
v -0.127785 -0.073124 1.023064
v -0.116759 -0.106884 1.020259
v -0.119789 -0.025142 1.026096
v -0.076307 -0.155544 1.022672
v -0.045277 -0.168046 1.017817
v -0.073594 0.011532 1.027671
v 0.000000 0.016028 1.032588
v -0.037680 -0.140407 1.020424
v 0.000000 -0.134678 1.026512
v -0.101486 -0.079729 1.024204
v -0.094724 -0.100433 1.022484
v -0.096582 -0.050303 1.026063
v -0.069916 -0.130275 1.023964
v -0.050886 -0.137942 1.020985
v -0.068252 -0.027812 1.027029
v -0.061042 -0.073561 1.026264
v 0.000000 -0.068888 1.028673
v 0.000000 -0.025055 1.030044
v -0.087465 -0.077646 1.025345
v -0.056563 -0.101989 1.025789
v -0.079643 -0.101103 1.024729
v 0.000000 -0.103055 1.027604
vn 0.2379 -0.8417 0.4847
vn 0.5322 -0.8152 -0.2283
vn 0.8199 0.4793 -0.3130
vn 0.0169 -0.6246 0.7808
vn 0.5371 0.8404 0.0723
vn 0.9391 -0.3182 0.1296
vn 0.0436 -0.9155 0.4000
vn 0.7534 -0.6530 0.0777
vn 0.4183 -0.9031 -0.0975
vn 0.3110 0.9275 0.2074
vn 0.9669 -0.2548 0.0148
vn 0.1777 -0.9834 0.0370
vn 0.9600 0.1735 0.2198
vn 0.0883 0.9903 -0.1070
vn 0.0573 -0.4557 0.8883
vn 0.3437 0.9330 0.1068
vn 0.6675 -0.7278 -0.1575
vn 0.2307 0.2402 0.9429
vn 0.9578 0.2725 0.0915
vn 0.3204 -0.9458 -0.0531
vn 0.3836 -0.9153 0.1229
vn 0.0742 0.9951 -0.0649
vn -0.4090 -0.9123 0.0224
vn 0.1055 0.9926 0.0604
vn 0.2056 -0.9763 -0.0682
vn 0.0616 0.9978 -0.0262
vn 0.3742 -0.9273 0.0127
vn 0.6970 -0.7147 -0.0592
vn 0.6072 -0.7945 0.0033
vn 0.5398 0.7591 -0.3638
vn 0.5647 0.7730 0.2892
vn 0.6837 0.7081 -0.1765
vn 0.1694 -0.9837 -0.0603
vn 0.1481 0.8305 0.5369
vn 0.3611 -0.3914 0.8464
vn 0.5214 0.1651 0.8372
vn 0.0164 0.8362 -0.5482
vn 0.7215 -0.6329 -0.2807
vn 0.3017 -0.9090 0.2875
vn 0.0859 -0.9427 0.3223
vn 0.0821 -0.8841 0.4600
vn 0.1448 0.9740 0.1743
vn 0.2988 0.7018 0.6467
vn 0.3789 0.9250 0.0292
vn 0.3789 0.9250 0.0295
vn 0.3788 0.9250 0.0298
vn 0.4020 -0.1976 0.8941
vn 0.7820 -0.2012 0.5899
vn 0.9860 0.0665 0.1528
vn 0.3516 0.3200 0.8798
vn 0.3684 0.9267 0.0737
vn 0.2987 -0.8089 0.5064
vn 0.4938 -0.8690 0.0323
vn 0.4976 -0.3025 0.8130
vn 0.1447 -0.0957 0.9848
vn 0.4883 0.8590 0.1536
vn 0.6574 0.7462 0.1053
vn 0.4155 0.4897 0.7665
vn 0.2356 0.7608 0.6048
vn 0.9853 -0.1628 -0.0519
vn 0.7257 0.4779 -0.4950
vn 0.2837 0.0428 -0.9580
vn -0.2826 0.2220 -0.9332
vn 0.2394 0.9675 0.0813
vn 0.1103 -0.9779 -0.1774
vn 0.1874 0.9518 0.2427
vn 0.0960 -0.1510 0.9839
vn -0.1122 -0.9858 -0.1252
vn 0.5488 -0.1418 0.8239
vn 0.7133 0.6897 0.1242
vn 0.6099 -0.7865 0.0972
vn 0.8789 0.2520 0.4051
vn 0.8824 -0.1880 0.4313
vn 0.4618 0.8789 -0.1197
vn 0.0539 0.9817 -0.1826
vn 0.2895 -0.9564 -0.0388
vn 0.4122 -0.9050 -0.1055
vn 0.2872 -0.9562 0.0560
vn 0.2245 0.5401 0.8111
vn 0.0196 0.9299 -0.3673
vn 0.3321 0.5060 0.7961
vn 0.1401 -0.6626 -0.7358
vn 0.3907 0.6544 -0.6474
vn -0.0534 -0.7997 0.5980
vn 0.2257 -0.9506 0.2131
vn -0.4350 0.0754 -0.8973
vn 0.3128 0.0863 -0.9459
vn -0.0009 0.8125 -0.5830
vn -0.2514 -0.6724 -0.6962
vn -0.0009 -0.9333 0.3590
vn -0.1042 -0.2029 -0.9737
vn -0.1409 -0.8969 -0.4193
vn 0.2397 0.0697 0.9683
vn 0.2431 0.8080 0.5367
vn 0.2645 -0.6433 0.7185
vn 0.0470 0.9838 -0.1732
vn -0.1819 -0.4503 -0.8742
vn 0.3007 0.0816 -0.9502
vn -0.0819 -0.7601 0.6446
vn -0.0615 0.0950 0.9936
vn 0.1754 0.8799 -0.4416
vn 0.0307 0.6692 0.7424
vn 0.0105 -0.8124 -0.5830
vn 0.0565 0.9904 0.1264
vn -0.0872 -0.9962 -0.0045
vn 0.4079 0.9122 -0.0386
vn 0.6534 -0.7565 -0.0285
vn 0.3050 -0.9523 0.0020
vn 0.0486 0.9870 -0.1529
vn 0.9674 -0.2344 -0.0955
vn 0.9281 0.3721 -0.0138
vn 0.9294 -0.1487 -0.3378
vn 0.8526 0.5010 -0.1489
vn 0.2386 0.7007 -0.6723
vn -0.2379 0.1406 0.9611
vn -0.1451 0.7053 0.6939
vn -0.1932 -0.7735 0.6037
vn -0.0187 -0.7791 -0.6266
vn 0.1961 0.0588 -0.9788
vn 0.0108 0.9962 0.0867
vn -0.1074 -0.9941 0.0170
vn 0.0793 -0.2582 -0.9628
vn 0.0619 -0.8584 0.5093
vn 0.1409 0.9389 -0.3139
vn 0.2352 0.3803 0.8945
vn 0.0706 -0.9445 -0.3209
vn 0.0939 -0.4125 0.9061
vn 0.2396 0.8895 0.3891
vn 0.0821 0.3747 -0.9235
vn 0.9495 -0.3025 0.0834
vn 0.9878 -0.1544 0.0195
vn 0.9937 0.0567 0.0966
vn 0.9700 0.1180 0.2126
vn 0.9735 -0.2263 0.0318
vn 0.9908 0.0849 0.1052
vn 0.9233 -0.2454 0.2953
vn 0.9376 -0.0667 0.3412
vn 0.1246 0.9885 0.0855
vn 0.1890 -0.7654 -0.6151
vn 0.0635 -0.9111 -0.4072
vn 0.2602 -0.1462 -0.9544
vn -0.2027 -0.6249 0.7540
vn 0.0776 -0.9308 -0.3572
vn -0.2075 0.3294 0.9211
vn 0.0491 0.8216 0.5679
vn 0.2423 0.5498 -0.7994
vn 0.6117 0.7892 -0.0547
vn 0.0998 -0.9949 -0.0108
vn 0.4925 0.6725 -0.5524
vn -0.4093 -0.1176 -0.9048
vn 0.3626 -0.6176 -0.6979
vn 0.7909 0.1651 -0.5892
vn 0.5884 -0.5161 -0.6224
vn 0.7888 -0.2136 -0.5763
vn 0.0835 0.9601 0.2670
vn -0.0116 0.0284 -0.9995
vn -0.0189 0.0191 -0.9996
vn -0.0180 0.0203 -0.9996
vn -0.0540 0.1002 -0.9935
vn -0.4028 0.1357 -0.9052
vn 0.1298 0.0623 -0.9896
vn 0.0264 0.0852 -0.9960
vn -0.0427 0.0559 -0.9975
vn -0.1021 0.4891 -0.8662
vn 0.1157 -0.9932 -0.0093
vn -0.0675 0.0537 -0.9963
vn 0.1595 -0.6007 -0.7834
vn -0.6743 -0.1180 0.7290
vn -0.2884 -0.7586 0.5843
vn 0.1802 -0.9770 0.1138
vn -0.6612 -0.1565 0.7337
vn -0.6103 -0.7067 0.3579
vn -0.6372 -0.3044 0.7080
vn -0.5674 -0.6679 0.4817
vn -0.6877 -0.0166 0.7258
vn -0.0797 0.0169 -0.9967
vn -0.5725 -0.6418 0.5103
vn -0.6311 -0.3699 0.6818
vn -0.5624 -0.3920 0.7281
vn -0.2138 0.2624 0.9410
vn -0.2625 -0.5218 0.8117
vn 0.0628 0.9951 -0.0769
vn 0.2612 -0.8385 -0.4782
vn -0.0407 0.7923 0.6087
vn 0.2394 0.5519 -0.7988
vn 0.3130 -0.1414 -0.9392
vn 0.0749 -0.9773 -0.1981
vn -0.2353 0.1633 0.9581
vn -0.0740 0.7510 0.6562
vn 0.1281 0.9916 0.0186
vn 0.2967 0.6050 -0.7389
vn 0.3541 -0.0166 -0.9351
vn 0.2005 -0.8484 -0.4899
vn -0.0430 -0.9990 0.0091
vn -0.2346 -0.6530 0.7201
vn 0.6816 0.1802 0.7092
vn 0.4162 -0.4930 0.7640
vn 0.1966 0.9040 0.3797
vn 0.0182 -0.9323 0.3612
vn 0.5124 0.8014 0.3084
vn -0.0994 -0.7601 0.6422
vn 0.0744 -0.7117 0.6985
vn -0.2460 -0.9692 -0.0148
vn 0.0172 -0.6019 0.7984
vn 0.1382 -0.9294 0.3423
vn 0.4793 -0.3431 0.8078
vn 0.7876 0.3564 0.5026
vn 0.0977 -0.9920 0.0803
vn 0.9363 0.2342 -0.2619
vn -0.1068 0.1037 0.9888
vn -0.0546 -0.3496 0.9353
vn -0.0334 0.3973 0.9171
vn -0.0456 0.3424 0.9384
vn -0.0686 0.1848 0.9804
vn -0.0545 -0.5243 0.8498
vn -0.1088 -0.2365 0.9655
vn -0.6379 0.5991 0.4839
vn -0.6381 0.5987 0.4841
vn -0.6378 0.5992 0.4839
vn -0.5778 -0.6877 0.4396
vn -0.9252 0.1628 0.3429
vn -0.0937 -0.4776 0.8736
vn -0.9320 0.1330 0.3371
vn -0.9181 -0.1944 0.3455
vn -0.2777 -0.7896 0.5472
vn -0.9442 -0.0449 0.3263
vn -0.2134 0.7572 0.6174
vn -0.3024 -0.0541 0.9517
vn -0.3413 0.0132 0.9399
vn -0.1283 -0.0494 0.9905
vn -0.1303 -0.0489 0.9903
vn -0.1284 -0.0494 0.9905
vn -0.4212 -0.0020 0.9070
vn -0.1323 -0.0484 0.9900
vn -0.1378 -0.0661 0.9882
vn -0.4546 -0.0999 0.8851
vn -0.1460 -0.0856 0.9856
vn -0.1462 -0.0858 0.9855
vn -0.1508 -0.0890 0.9846
vn -0.4097 -0.1463 0.9004
vn -0.1560 -0.0923 0.9834
vn -0.1641 -0.0899 0.9823
vn -0.3720 -0.0859 0.9242
vn -0.1643 -0.0899 0.9823
vn 0.1521 -0.9202 0.3606
vn 0.9856 0.0693 -0.1545
vn 0.7883 -0.5136 0.3389
vn -0.0057 -0.5764 0.8171
vn -0.6376 0.5996 0.4836
vn 0.2056 -0.6579 0.7245
vn 0.1050 -0.6651 0.7393
vn 0.9684 0.2256 -0.1062
vn 0.9516 -0.3072 0.0035
vn 0.2913 0.7870 -0.5439
vn 0.6329 0.5278 -0.5664
vn -0.0120 -0.8912 0.4535
vn 0.0219 -0.9080 0.4184
vn 0.0826 -0.9386 0.3350
vn 0.9557 -0.0346 -0.2922
vn -0.0210 0.5291 -0.8483
vn -0.2206 0.4739 0.8525
vn -0.5989 -0.7407 0.3045
vn -0.2570 -0.8960 -0.3622
vn -0.0592 0.9492 0.3091
vn -0.4703 0.0847 0.8784
vn -0.0766 0.4919 -0.8673
vn -0.0756 0.4921 -0.8673
vn -0.0763 0.4920 -0.8673
vn -0.2172 -0.4490 0.8668
vn 0.0523 -0.9276 -0.3699
vn 0.0075 0.5171 -0.8559
vn -0.2569 0.3950 0.8820
vn -0.3535 0.3576 0.8644
vn 0.0734 0.7136 0.6967
vn 0.2059 -0.8048 -0.5566
vn -0.4692 0.2308 0.8524
vn -0.5978 0.1292 0.7912
vn -0.2674 -0.6368 -0.7232
vn 0.8409 0.2100 0.4987
vn 0.7607 0.5854 -0.2806
vn -0.2489 -0.6440 -0.7234
vn -0.3985 0.3988 0.8260
vn 0.6657 0.7418 0.0812
vn -0.1738 0.5144 0.8398
vn 0.6553 0.7442 0.1291
vn 0.9447 0.2788 0.1729
vn 0.0901 -0.7605 -0.6430
vn -0.6536 -0.4194 0.6301
vn 0.3062 -0.3384 0.8898
vn -0.6677 0.0692 0.7412
vn 0.6339 -0.5785 -0.5134
vn -0.2963 -0.9286 0.2233
vn 0.1361 -0.7651 -0.6293
vn -0.0974 0.8228 0.5599
vn -0.1360 0.8119 0.5677
vn -0.1486 0.8038 0.5761
vn 0.3080 -0.8483 -0.4306
vn 0.3025 -0.8485 -0.4342
vn 0.3024 -0.8485 -0.4343
vn 0.1066 -0.6687 -0.7359
vn -0.1135 0.9891 0.0935
vn -0.0030 0.9929 0.1188
vn 0.0789 -0.6792 -0.7297
vn -0.0747 0.9911 0.1106
vn -0.8276 -0.5370 0.1632
vn 0.4239 -0.5223 -0.7400
vn -0.0487 -0.7607 0.6473
vn -0.1069 0.8432 0.5269
vn -0.1118 0.8414 0.5287
vn -0.1067 0.8432 0.5268
vn -0.0651 -0.7850 0.6161
vn 0.8448 -0.4828 0.2309
vn 0.3196 0.3396 -0.8846
vn 0.3339 -0.8818 -0.3330
vn -0.1917 -0.3268 0.9255
vn 0.3055 0.3934 -0.8671
vn -0.1914 0.6378 0.7461
vn -0.1522 -0.8882 -0.4335
vn -0.1866 -0.2981 0.9361
vn 0.6096 -0.7911 0.0494
vn 0.3809 -0.5194 -0.7649
vn -0.1725 0.5505 0.8168
vn 0.7017 -0.3231 -0.6350
vn 0.3060 -0.9195 -0.2466
vn 0.1352 0.8748 -0.4653
vn 0.1815 0.6977 -0.6930
vn 0.4127 -0.4331 -0.8013
vn 0.5743 0.8186 -0.0137
vn -0.7318 -0.3475 0.5863
vn 0.7139 0.5360 -0.4507
vn 0.2774 -0.6127 -0.7400
vn -0.1144 0.9570 0.2666
vn -0.2369 -0.8497 -0.4711
vn -0.1079 0.9572 0.2685
vn 0.4876 -0.5655 -0.6652
vn -0.0397 0.9790 0.1999
vn -0.1642 -0.3173 0.9340
vn 0.2869 -0.8861 -0.3640
vn -0.3094 0.5214 0.7952
vn 0.0485 0.5343 -0.8439
vn 0.0051 -0.7887 -0.6147
vn 0.0767 -0.8372 -0.5415
vn -0.1839 -0.2871 -0.9401
vn -0.1236 0.7780 0.6160
vn 0.4162 -0.5543 -0.7208
vn -0.0833 -0.7324 0.6757
vn 0.9554 -0.0386 -0.2928
vn 0.2444 0.8213 -0.5155
vn 0.1591 0.9194 -0.3598
vn 0.2645 -0.8673 -0.4218
vn -0.0913 0.7581 0.6457
vn 0.0518 -0.6850 -0.7267
vn 0.9127 -0.0956 -0.3973
vn -0.0040 -0.8068 0.5908
vn -0.1460 0.8982 0.4146
vn 0.3137 -0.8481 -0.4270
vn -0.1574 -0.2336 0.9595
vn 0.2224 -0.8515 -0.4749
vn 0.2540 -0.9178 -0.3051
vn -0.0498 0.9811 0.1872
vn 0.0682 -0.9189 -0.3886
vn -0.0910 -0.9190 -0.3836
vn -0.1730 0.9709 0.1655
vn 0.2518 -0.5612 -0.7884
vn 0.1360 -0.6300 -0.7646
vn 0.0695 -0.4912 -0.8683
vn -0.2902 0.4918 0.8209
vn -0.0376 0.9965 0.0749
vn -0.1864 0.6112 0.7692
vn -0.1737 0.6438 0.7452
vn -0.1209 0.9679 0.2205
vn -0.2413 0.5682 0.7867
vn -0.1744 0.7242 0.6672
vn -0.1159 0.8179 0.5635
vn 0.0183 0.9937 0.1110
vn 0.0154 0.9783 0.2068
vn -0.0615 0.9623 0.2650
vn 0.7508 -0.2405 -0.6152
vn 0.0567 0.4956 -0.8667
vn -0.0196 -0.8503 0.5259
vn -0.5473 -0.8297 0.1101
vn 0.2603 -0.9529 -0.1558
vn 0.3006 0.1873 -0.9352
vn 0.8242 -0.5240 0.2146
vn -0.0758 -0.7075 0.7027
vn -0.0647 0.9374 0.3422
vn -0.0549 0.9377 0.3430
vn -0.0654 0.9374 0.3422
vn -0.2190 0.6723 0.7072
vn -0.2010 0.5128 0.8346
vn 0.4472 -0.3451 -0.8252
vn 0.7163 -0.6970 0.0330
vn -0.2068 -0.2676 0.9411
vn -0.1910 0.5574 0.8080
vn -0.8900 -0.3927 0.2316
vn -0.6233 -0.4073 0.6675
vn 0.4272 -0.8809 0.2037
vn -0.6782 -0.6723 0.2966
vn -0.5415 0.0560 0.8388
vn 0.9052 0.3272 -0.2713
vn 0.3178 -0.6645 -0.6764
vn -0.7757 -0.4880 0.4002
vn 0.4222 -0.5033 -0.7539
vn 0.5674 -0.5820 -0.5825
vn 0.0106 0.5024 -0.8646
vn 0.0080 -0.8850 0.4655
vn -0.0769 0.4919 -0.8673
vn -0.0089 0.4725 -0.8813
vn -0.0677 -0.6457 -0.7606
vn 0.4305 -0.8493 -0.3055
vn 0.0758 0.7844 0.6156
vn 0.7551 0.4139 0.5084
vn 0.3903 -0.9100 -0.1397
vn 0.9721 -0.2342 -0.0128
vn -0.2018 -0.3243 0.9242
vn 0.4089 -0.8337 -0.3711
vn -0.0564 0.5233 0.8503
vn -0.1003 -0.8313 0.5468
vn 0.0800 0.7260 0.6831
vn 0.3608 0.4685 -0.8064
vn 0.1872 0.8213 0.5389
vn 0.5112 -0.8263 -0.2364
vn 0.4357 -0.7204 -0.5397
vn 0.1858 0.9547 0.2323
vn 0.1608 0.9731 0.1649
vn 0.4650 -0.7456 -0.4774
vn -0.0089 0.5387 -0.8424
vn 0.2966 -0.5243 -0.7982
vn 0.0178 0.9129 0.4078
vn -0.1436 0.9596 0.2419
vn 0.0137 0.4691 -0.8830
vn 0.3680 -0.5713 -0.7336
vn 0.9867 0.1341 0.0920
vn 0.9534 0.2213 0.2050
vn 0.9924 0.1160 -0.0414
vn 0.8882 0.4507 -0.0896
vn 0.1172 0.9506 0.2875
vn 0.1896 0.7856 0.5889
vn 0.3919 -0.9190 -0.0439
vn 0.4114 -0.7137 -0.5669
vn 0.4548 -0.7224 -0.5209
vn -0.1120 -0.7667 0.6321
vn -0.1122 -0.7667 0.6321
vn -0.1166 -0.7671 0.6309
vn -0.1169 -0.7671 0.6308
vn 0.3386 0.3822 -0.8598
vn 0.3694 0.3953 -0.8410
vn 0.2641 -0.8490 -0.4576
vn 0.2452 -0.8620 -0.4437
vn -0.2088 0.4930 0.8446
vn -0.1965 0.4916 0.8484
vn -0.2083 0.4930 0.8447
vn -0.1957 0.4915 0.8486
vn -0.0996 -0.7661 0.6349
vn 0.3516 0.3857 -0.8530
vn 0.2970 -0.8517 -0.4318
vn -0.2160 0.5023 0.8373
vn -0.2244 -0.2724 0.9357
vn -0.2196 -0.2571 0.9411
vn 0.2801 -0.8660 -0.4143
vn 0.3043 -0.8583 -0.4132
vn 0.3620 0.4094 -0.8375
vn 0.3770 0.3908 -0.8397
vn -0.1170 0.8395 0.5306
vn -0.1336 0.8318 0.5387
vn 0.3800 -0.4200 -0.8242
vn 0.4247 -0.4269 -0.7984
vn -0.1161 0.8152 0.5674
vn -0.1161 0.8151 0.5676
vn -0.1136 0.8107 0.5743
vn -0.1135 0.8104 0.5747
vn 0.3979 -0.4060 -0.8227
vn 0.3997 -0.4025 -0.8236
vn 0.3996 -0.4025 -0.8236
vn -0.1271 0.8134 0.5677
vn 0.3852 -0.3979 -0.8327
vn 0.4015 -0.3988 -0.8245
vn -0.2134 0.5022 0.8380
vn -0.2342 0.5022 0.8324
vn -0.2278 -0.2353 0.9448
vn -0.2306 -0.2324 0.9449
vn -0.2331 -0.2299 0.9449
vn -0.2333 -0.2298 0.9448
vn -0.2355 -0.2365 0.9427
vn 0.1925 0.9177 -0.3474
vn 0.2273 0.8979 -0.3770
vn -0.2356 -0.2368 0.9426
vn 0.1429 0.9253 -0.3512
vn 0.1388 0.9236 -0.3573
vn 0.1425 0.9252 -0.3518
vn -0.0964 -0.7645 0.6374
vn -0.0752 -0.7654 0.6391
vn 0.1794 0.9262 -0.3316
vn 0.1383 0.9234 -0.3581
vn -0.0813 -0.7730 0.6291
vn 0.2732 0.3159 -0.9086
vn 0.3356 0.3331 -0.8812
vn 0.2143 -0.9245 -0.3152
vn 0.2449 -0.9195 -0.3076
vn -0.1924 0.5528 0.8108
vn -0.1187 0.5434 0.8310
vn -0.0452 -0.7787 0.6257
vn 0.2882 0.2932 -0.9116
vn 0.2341 -0.9296 -0.2847
vn -0.1800 0.5540 0.8128
vn -0.1875 -0.1923 0.9633
vn -0.1730 -0.1823 0.9679
vn 0.1933 -0.9483 -0.2519
vn 0.2382 -0.9384 -0.2504
vn 0.2664 0.2502 -0.9308
vn 0.3069 0.2579 -0.9162
vn -0.0544 0.9377 0.3431
vn -0.0835 0.9358 0.3426
vn 0.3271 -0.5798 -0.7462
vn 0.3207 -0.5871 -0.7433
vn 0.3205 -0.5874 -0.7432
vn 0.3648 -0.5943 -0.7167
vn -0.0965 0.9055 0.4132
vn -0.0230 0.8987 0.4379
vn 0.3289 -0.5791 -0.7460
vn -0.0821 0.9089 0.4088
vn 0.3026 -0.5787 -0.7573
vn 0.3304 -0.5787 -0.7456
vn -0.1614 0.5388 0.8268
vn -0.2029 0.5370 0.8188
vn -0.1723 -0.1709 0.9701
vn -0.1895 -0.1611 0.9686
vn -0.1872 -0.1606 0.9691
vn -0.1853 -0.1603 0.9695
vn 0.1807 0.8034 -0.5674
vn 0.2138 0.7881 -0.5772
vn -0.1850 -0.1603 0.9696
vn 0.1659 0.8346 -0.5253
vn -0.0535 -0.8008 0.5965
vn -0.0175 -0.7960 0.6051
vn 0.1258 0.8569 -0.5000
vn 0.1724 0.8561 -0.4872
vn 0.4346 -0.8762 -0.2082
vn -0.1031 0.8344 0.5414
vn -0.1023 0.8335 0.5430
vn 0.0940 0.3865 -0.9175
vn 0.9319 -0.1419 -0.3339
vn 0.0792 -0.7723 0.6303
vn 0.3595 -0.7243 -0.5884
vn 0.1019 0.7238 -0.6824
vn -0.0937 0.9139 0.3950
vn 0.2040 0.3084 -0.9291
vn 0.8364 -0.4531 0.3086
vn -0.0675 -0.2598 0.9633
vn -0.0843 0.0221 0.9962
vn 0.3718 -0.7777 -0.5069
vn 0.5821 -0.7898 0.1934
vn -0.0598 0.9943 0.0885
vn -0.0598 0.9931 0.1010
vn -0.0598 0.9931 0.1006
vn 0.2595 -0.9602 0.1033
vn 0.7860 -0.3892 -0.4803
vn 0.0219 0.6513 -0.7585
vn -0.1038 0.9866 0.1256
vn 0.0264 -0.6164 0.7870
vn 0.1490 0.3311 -0.9318
vn 0.1181 0.2943 -0.9484
vn 0.0363 -0.6579 0.7522
vn 0.1012 -0.6306 0.7695
vn 0.2356 -0.8158 -0.5282
vn 0.3166 -0.7970 -0.5143
vn -0.0770 0.9935 0.0836
vn -0.0294 0.9968 0.0744
vn 0.1747 0.2816 -0.9435
vn 0.0456 -0.6770 0.7346
vn 0.3029 -0.7926 -0.5292
vn -0.0712 0.9937 0.0864
vn 0.0640 0.7588 -0.6482
vn 0.0720 0.7686 -0.6356
vn 0.2848 -0.7808 -0.5560
vn 0.3161 -0.7783 -0.5426
vn 0.0397 -0.7169 0.6960
vn 0.0688 -0.7033 0.7076
vn -0.1039 0.8353 0.5399
vn -0.1181 0.8402 0.5293
vn 0.2008 -0.9795 0.0140
vn 0.2917 -0.9565 0.0018
vn -0.1069 0.8575 0.5032
vn -0.0835 0.8615 0.5009
vn 0.2308 -0.9721 0.0410
vn 0.2291 -0.9727 0.0371
vn 0.2307 -0.9722 0.0409
vn -0.1055 0.8602 0.4989
vn 0.2083 -0.9771 0.0440
vn 0.2324 -0.9716 0.0449
vn -0.0598 0.9943 0.0883
vn -0.0861 0.9928 0.0834
vn 0.0537 0.7286 -0.6828
vn 0.0372 0.7506 -0.6598
vn -0.0583 -0.0938 0.9939
vn -0.0193 -0.1150 0.9932
vn 0.0507 0.7694 -0.6368
vn -0.0685 -0.0432 0.9967
vn 0.1803 0.2609 -0.9484
vn 0.2103 0.2613 -0.9421
vn -0.0924 -0.0068 0.9957
vn -0.0556 -0.0013 0.9985
vn 0.2102 -0.6867 0.6959
vn 0.0008 0.3623 -0.9321
vn -0.1104 0.7137 0.6917
vn 0.0547 -0.2901 0.9554
vn 0.7644 -0.6411 -0.0693
vn 0.2755 -0.5122 -0.8135
vn -0.0360 0.6437 0.7644
vn 0.6101 -0.2290 -0.7585
vn 0.4819 -0.7219 -0.4965
vn -0.0990 0.8429 -0.5288
vn -0.1090 0.6693 -0.7350
vn 0.8154 0.0716 -0.5744
vn 0.2821 -0.7466 0.6024
vn -0.2157 0.8942 0.3923
vn 0.1389 -0.1710 0.9754
vn 0.3786 -0.9049 -0.1942
vn 0.0419 0.1618 -0.9859
vn 0.9471 -0.3157 0.0569
vn 0.1982 -0.6603 0.7243
vn 0.1955 -0.6656 0.7203
vn 0.1950 -0.6666 0.7195
vn -0.0873 0.9065 0.4131
vn 0.3292 -0.4776 -0.8146
vn 0.1870 -0.7004 0.6889
vn -0.0023 0.2615 -0.9652
vn 0.0488 0.2847 -0.9574
vn 0.2699 -0.9096 -0.3159
vn 0.2972 -0.8983 -0.3235
vn -0.0797 0.6299 0.7725
vn -0.0492 0.6240 0.7798
vn -0.0606 0.6252 0.7781
vn -0.0498 0.6241 0.7797
vn 0.2207 -0.7143 0.6641
vn 0.0150 0.2515 -0.9677
vn 0.3121 -0.9034 -0.2941
vn -0.0615 0.6252 0.7780
vn 0.0945 -0.1231 0.9879
vn 0.0946 -0.1226 0.9879
vn 0.0976 -0.1117 0.9889
vn 0.0976 -0.1115 0.9890
vn 0.3026 -0.9172 -0.2592
vn 0.3296 -0.9047 -0.2699
vn 0.0151 0.2146 -0.9766
vn 0.0405 0.2284 -0.9727
vn -0.1083 0.9049 0.4116
vn -0.1182 0.8989 0.4219
vn 0.2048 -0.5789 -0.7893
vn 0.1866 -0.5617 -0.8061
vn -0.1258 0.8823 0.4535
vn -0.1009 0.8873 0.4501
vn -0.1012 0.8873 0.4499
vn -0.1079 0.8887 0.4457
vn 0.2303 -0.5647 -0.7925
vn 0.2329 -0.5640 -0.7922
vn -0.1082 0.8887 0.4454
vn 0.2168 -0.5691 -0.7932
vn 0.2356 -0.5633 -0.7919
vn -0.0543 0.6256 0.7783
vn -0.0757 0.6205 0.7805
vn 0.0913 -0.1632 0.9824
vn 0.0791 -0.1533 0.9850
vn -0.1007 0.7936 -0.6001
vn -0.0733 0.7843 -0.6160
vn 0.0791 -0.1287 0.9885
vn -0.0976 0.8187 -0.5658
vn 0.2428 -0.7456 0.6205
vn 0.2606 -0.7360 0.6248
vn -0.1095 0.8360 -0.5377
vn -0.0784 0.8419 -0.5339
vn -0.6922 -0.6924 0.2033
vn -0.6540 -0.7107 0.2591
vn -0.0569 0.4814 0.8747
vn -0.1363 0.4668 0.8738
vn 0.3501 -0.5828 -0.7333
vn 0.3696 -0.5706 -0.7334
vn 0.9243 0.3739 0.0770
vn 0.9412 0.2441 0.2336
vn -0.6238 -0.7414 0.2474
vn -0.5984 -0.7650 0.2381
vn 0.0218 0.4927 0.8699
vn -0.1346 0.5682 0.8118
vn 0.4354 -0.4082 -0.8024
vn 0.4222 -0.4186 -0.8041
vn 0.7474 0.5584 -0.3599
vn 0.7929 0.5587 -0.2434
vn -0.6877 -0.5158 0.5109
vn -0.5752 -0.4738 0.6669
vn 0.7631 0.5804 0.2844
vn 0.8111 0.3219 0.4884
vn -0.7629 -0.4428 0.4711
vn -0.5934 -0.4801 0.6460
vn 0.6572 0.7536 0.0143
vn 0.6070 0.7942 -0.0286
vn -0.6900 -0.5817 0.4308
vn 0.0890 -0.7857 -0.6122
vn 0.1026 -0.7639 -0.6371
vn -0.6614 0.1002 0.7433
vn -0.2936 -0.0183 0.9558
vn 0.0564 -0.7715 -0.6337
vn 0.0739 -0.7624 -0.6428
vn -0.2775 0.2710 0.9217
vn -0.3344 0.1779 0.9255
vn 0.0702 -0.7618 -0.6440
vn -0.1215 0.5597 0.8197
vn 0.8924 -0.4495 0.0395
vn 0.0779 -0.8142 -0.5754
vn 0.2100 -0.9411 -0.2650
vn -0.2058 0.7322 0.6492
vn 0.6717 0.0048 0.7408
vn 0.2739 -0.6435 -0.7148
vn -0.1932 0.4149 0.8891
vn -0.1160 0.5246 0.8434
vn 0.3494 -0.4195 -0.8378
vn 0.4070 -0.4926 -0.7692
vn -0.2002 0.5848 0.7861
vn -0.0989 0.9367 0.3359
vn -0.3703 0.8171 0.4419
vn -0.0547 0.7974 0.6010
vn 0.3123 0.5498 -0.7748
vn -0.1785 0.6112 0.7711
vn -0.2004 -0.2930 0.9349
vn 0.4322 -0.8144 -0.3872
vn 0.2480 0.7350 -0.6312
vn -0.1392 0.7400 0.6580
vn -0.0319 -0.8017 0.5968
vn 0.4047 -0.6137 -0.6779
vn 0.5060 -0.8140 -0.2854
vn -0.0963 -0.6485 0.7551
vn -0.1686 0.8922 0.4190
vn 0.1978 0.6284 -0.7523
vn 0.3556 -0.9153 -0.1889
vn -0.1714 -0.4078 0.8969
vn -0.1865 0.7124 0.6766
vn 0.2809 0.4399 -0.8530
vn 0.5425 -0.3718 -0.7533
vn 0.1986 -0.6595 0.7250
vn -0.2186 0.9172 0.3331
vn 0.0186 0.5732 -0.8192
vn 0.5197 -0.5102 -0.6853
vn 0.0766 -0.3718 0.9252
vn -0.1424 0.7936 0.5915
vn 0.0532 0.4537 -0.8896
vn 0.0377 -0.5901 0.8064
vn -0.0041 0.9852 0.1712
vn 0.0641 0.5819 -0.8107
vn 0.4752 -0.7236 -0.5005
vn -0.0058 -0.3545 0.9350
vn -0.0141 0.9600 0.2798
vn 0.1110 0.4578 -0.8821
vn 0.5415 -0.7229 -0.4291
vn 0.1904 -0.8762 -0.4427
vn 0.1401 -0.9300 -0.3399
vn 0.2750 -0.6522 -0.7064
vn 0.3485 -0.1123 -0.9306
vn 0.3343 0.5400 -0.7724
vn 0.1139 0.9677 0.2249
vn 0.0654 0.8517 0.5200
vn -0.1046 0.3442 0.9331
vn -0.2038 -0.6615 0.7218
vn 0.8934 -0.2963 -0.3378
vn 0.1996 -0.9654 0.1681
vn 0.4454 0.8909 -0.0886
vn 0.6967 0.4713 -0.5408
vn 0.2659 0.6372 0.7234
vn 0.1234 -0.2358 0.9639
vn 0.3800 0.9247 0.0246
vn 0.0815 -0.8914 0.4459
vn 0.8229 -0.4987 -0.2725
vn 0.2304 0.2561 0.9388
vn 0.5109 -0.8529 -0.1072
vn 0.3551 0.9203 0.1644
vn 0.0741 -0.3244 0.9430
vn 0.8506 0.3067 -0.4271
vn 0.1220 0.0814 -0.9892
vn -0.0567 0.0536 -0.9970
vn -0.0192 0.0192 -0.9996
vn -0.0217 0.0243 -0.9995
vn -0.0536 0.0431 -0.9976
vn -0.0694 0.1051 -0.9920
vn -0.0924 0.0275 -0.9953
vn 0.0235 0.1003 -0.9947
vn -0.2267 0.1049 -0.9683
vn -0.1544 0.0341 -0.9874
vn 0.0295 0.0782 -0.9965
vn -0.0736 0.0507 -0.9960
vn -0.1502 0.0759 -0.9857
vn -0.0380 0.0300 -0.9988
vn -0.0378 0.0298 -0.9988
vn -0.0379 0.0281 -0.9989
vn -0.0351 0.0272 -0.9990
vn -0.0352 0.0272 -0.9990
vn -0.1109 0.0890 -0.9898
vn -0.0222 0.0252 -0.9994
vn -0.0254 0.1505 -0.9883
vn -0.0403 0.0271 -0.9988
vn -0.2379 -0.8417 0.4847
vn -0.5322 -0.8152 -0.2283
vn -0.8199 0.4793 -0.3130
vn -0.0169 -0.6246 0.7808
vn -0.5371 0.8404 0.0723
vn -0.9391 -0.3182 0.1296
vn -0.0436 -0.9155 0.4000
vn -0.7534 -0.6530 0.0777
vn -0.4183 -0.9031 -0.0975
vn -0.3110 0.9275 0.2074
vn -0.9669 -0.2548 0.0148
vn -0.1777 -0.9834 0.0370
vn -0.9600 0.1735 0.2198
vn -0.0883 0.9903 -0.1070
vn -0.0573 -0.4557 0.8883
vn -0.3437 0.9330 0.1068
vn -0.6675 -0.7278 -0.1575
vn -0.2307 0.2402 0.9429
vn -0.9578 0.2725 0.0915
vn -0.3204 -0.9458 -0.0531
vn -0.3836 -0.9153 0.1229
vn -0.0742 0.9951 -0.0649
vn 0.4090 -0.9123 0.0224
vn -0.1055 0.9926 0.0604
vn -0.2056 -0.9763 -0.0682
vn -0.0616 0.9978 -0.0262
vn -0.3742 -0.9273 0.0127
vn -0.6970 -0.7147 -0.0592
vn -0.6072 -0.7945 0.0033
vn -0.5398 0.7591 -0.3638
vn -0.5647 0.7730 0.2892
vn -0.6837 0.7081 -0.1765
vn -0.1694 -0.9837 -0.0603
vn -0.1481 0.8305 0.5369
vn -0.3611 -0.3914 0.8464
vn -0.5214 0.1651 0.8372
vn -0.0164 0.8362 -0.5482
vn -0.7215 -0.6329 -0.2807
vn -0.3017 -0.9090 0.2875
vn -0.0859 -0.9427 0.3223
vn -0.0821 -0.8841 0.4600
vn -0.1448 0.9740 0.1743
vn -0.2988 0.7018 0.6467
vn -0.3789 0.9250 0.0292
vn -0.3788 0.9250 0.0298
vn -0.3789 0.9250 0.0295
vn -0.6752 -0.2021 0.7094
vn -0.7820 -0.2012 0.5899
vn -0.9860 0.0665 0.1528
vn -0.6603 0.3276 0.6758
vn -0.3684 0.9267 0.0737
vn -0.2987 -0.8089 0.5064
vn -0.4566 -0.8884 0.0482
vn -0.4976 -0.3025 0.8130
vn -0.1447 -0.0957 0.9848
vn -0.4756 0.8653 0.1586
vn -0.6574 0.7462 0.1053
vn -0.4155 0.4897 0.7665
vn -0.2356 0.7608 0.6048
vn -0.9853 -0.1628 -0.0519
vn -0.7257 0.4779 -0.4950
vn -0.0873 0.2133 -0.9731
vn 0.4426 0.6406 -0.6275
vn -0.2854 0.9287 0.2368
vn -0.1065 -0.9285 -0.3556
vn -0.2134 0.6901 0.6915
vn -0.3013 -0.5918 0.7476
vn 0.1212 -0.7793 -0.6148
vn -0.3531 -0.2277 0.9074
vn -0.7133 0.6897 0.1242
vn -0.6099 -0.7865 0.0972
vn -0.8789 0.2520 0.4051
vn -0.8824 -0.1880 0.4313
vn -0.4618 0.8789 -0.1197
vn -0.0539 0.9817 -0.1826
vn -0.2895 -0.9564 -0.0388
vn -0.4122 -0.9050 -0.1055
vn -0.2872 -0.9562 0.0560
vn -0.3530 0.0611 0.9336
vn 0.0706 0.9782 0.1952
vn -0.2681 0.3164 0.9099
vn -0.0295 -0.4688 -0.8828
vn -0.2308 0.8216 -0.5213
vn -0.0999 -0.9922 0.0751
vn -0.3069 -0.9393 0.1537
vn 0.6805 0.4032 -0.6119
vn -0.5116 0.2579 -0.8196
vn -0.0652 0.9861 -0.1527
vn 0.5544 -0.4517 -0.6990
vn 0.0456 -0.9785 -0.2012
vn 0.1164 0.3699 -0.9217
vn 0.1891 -0.5269 -0.8286
vn -0.2822 -0.3108 0.9076
vn -0.2783 0.3832 0.8807
vn -0.1195 -0.9363 0.3302
vn -0.1254 0.9273 0.3526
vn 0.3349 0.0248 -0.9419
vn -0.0867 0.3176 -0.9443
vn -0.0749 -0.9504 0.3019
vn -0.1949 -0.3032 0.9328
vn -0.0815 0.9727 -0.2172
vn -0.2741 0.3271 0.9044
vn 0.1912 -0.6372 -0.7466
vn -0.1845 0.8569 0.4812
vn 0.1887 -0.9065 -0.3776
vn -0.4079 0.9122 -0.0386
vn -0.6534 -0.7565 -0.0285
vn -0.3050 -0.9523 0.0020
vn -0.0486 0.9870 -0.1529
vn -0.9674 -0.2344 -0.0955
vn -0.9281 0.3721 -0.0138
vn -0.9294 -0.1487 -0.3378
vn -0.8526 0.5010 -0.1489
vn -0.0004 0.7986 -0.6019
vn -0.1760 -0.0410 0.9835
vn -0.2041 0.5662 0.7986
vn -0.0470 -0.8586 0.5104
vn 0.3308 -0.5969 -0.7309
vn 0.2173 0.1978 -0.9559
vn -0.1361 0.9618 0.2377
vn 0.1884 -0.9762 -0.1074
vn 0.4706 0.2205 -0.8544
vn -0.1552 -0.9827 -0.1007
vn -0.0500 0.9472 0.3167
vn -0.6382 -0.1348 0.7580
vn 0.1744 -0.6150 -0.7690
vn -0.4167 -0.7850 0.4584
vn -0.5000 0.4908 0.7135
vn 0.4759 0.7547 -0.4516
vn -0.9206 -0.3802 0.0888
vn -0.9541 -0.2955 -0.0497
vn -0.9918 -0.0796 -0.1003
vn -0.9988 0.0356 -0.0336
vn -0.9379 -0.3470 0.0014
vn -0.9928 -0.0511 -0.1079
vn -0.9464 -0.2188 0.2377
vn -0.9830 -0.0477 0.1774
vn -0.1636 0.8696 -0.4660
vn 0.0100 -0.9878 -0.1552
vn 0.0971 -0.9841 0.1488
vn 0.0215 -0.6368 -0.7707
vn 0.0348 -0.0720 0.9968
vn 0.0577 -0.9879 0.1437
vn -0.1026 0.7606 0.6411
vn -0.2458 0.9684 0.0432
vn -0.0227 0.0360 -0.9991
vn -0.6117 0.7892 -0.0547
vn -0.0998 -0.9949 -0.0108
vn -0.4925 0.6725 -0.5524
vn 0.4093 -0.1176 -0.9048
vn -0.3626 -0.6176 -0.6979
vn -0.7909 0.1651 -0.5892
vn -0.5884 -0.5161 -0.6224
vn -0.7888 -0.2136 -0.5763
vn -0.0835 0.9601 0.2670
vn 0.0116 0.0284 -0.9995
vn 0.0180 0.0203 -0.9996
vn 0.0189 0.0191 -0.9996
vn 0.0540 0.1002 -0.9935
vn 0.4028 0.1357 -0.9052
vn -0.1298 0.0623 -0.9896
vn -0.0264 0.0852 -0.9960
vn 0.0427 0.0559 -0.9975
vn 0.0114 0.8869 -0.4618
vn -0.1157 -0.9932 -0.0093
vn 0.0675 0.0537 -0.9963
vn -0.1595 -0.6007 -0.7834
vn 0.6743 -0.1180 0.7290
vn 0.2884 -0.7586 0.5843
vn -0.1802 -0.9770 0.1138
vn 0.6612 -0.1565 0.7337
vn 0.6103 -0.7067 0.3579
vn 0.6372 -0.3044 0.7080
vn 0.5674 -0.6679 0.4817
vn 0.6877 -0.0166 0.7258
vn 0.0797 0.0169 -0.9967
vn 0.5725 -0.6418 0.5103
vn 0.6311 -0.3699 0.6818
vn 0.5624 -0.3920 0.7281
vn -0.2511 0.4509 0.8565
vn -0.1685 -0.3242 0.9309
vn -0.1095 0.9420 -0.3172
vn 0.1494 -0.9256 -0.3478
vn -0.3113 0.8760 0.3683
vn 0.3823 0.3370 -0.8604
vn 0.2948 -0.2596 -0.9196
vn -0.1414 -0.9887 0.0499
vn 0.0042 0.1114 0.9938
vn -0.1266 0.7080 0.6947
vn -0.1983 0.9793 0.0416
vn -0.1665 0.6357 -0.7537
vn -0.1351 0.0265 -0.9905
vn -0.0265 -0.8234 -0.5668
vn 0.1098 -0.9934 -0.0343
vn 0.1137 -0.6858 0.7189
vn -0.6816 0.1802 0.7092
vn -0.4162 -0.4930 0.7640
vn -0.1966 0.9040 0.3797
vn -0.0182 -0.9323 0.3612
vn -0.5124 0.8014 0.3084
vn 0.0994 -0.7601 0.6422
vn -0.0744 -0.7117 0.6985
vn 0.2460 -0.9692 -0.0148
vn -0.0172 -0.6019 0.7984
vn -0.1382 -0.9294 0.3423
vn -0.4793 -0.3431 0.8078
vn -0.7876 0.3564 0.5026
vn -0.0977 -0.9920 0.0803
vn -0.9363 0.2342 -0.2619
vn 0.1068 0.1037 0.9889
vn 0.0546 -0.3496 0.9353
vn 0.0333 0.3973 0.9171
vn 0.0456 0.3424 0.9384
vn 0.0686 0.1848 0.9804
vn 0.0545 -0.5243 0.8498
vn 0.1088 -0.2365 0.9655
vn 0.6379 0.5991 0.4839
vn 0.6378 0.5992 0.4839
vn 0.6381 0.5987 0.4841
vn 0.5778 -0.6877 0.4396
vn 0.9252 0.1628 0.3429
vn 0.0937 -0.4776 0.8736
vn 0.9320 0.1330 0.3371
vn 0.9181 -0.1944 0.3455
vn 0.2777 -0.7896 0.5472
vn 0.9442 -0.0449 0.3263
vn 0.2134 0.7572 0.6174
vn 0.3024 -0.0541 0.9517
vn 0.3413 0.0132 0.9399
vn 0.1283 -0.0494 0.9905
vn 0.1284 -0.0494 0.9905
vn 0.1303 -0.0489 0.9903
vn 0.4212 -0.0020 0.9070
vn 0.1323 -0.0484 0.9900
vn 0.1378 -0.0661 0.9882
vn 0.4546 -0.0999 0.8851
vn 0.1460 -0.0856 0.9856
vn 0.1508 -0.0890 0.9846
vn 0.1461 -0.0857 0.9855
vn 0.4097 -0.1463 0.9004
vn 0.1642 -0.0899 0.9823
vn 0.1559 -0.0923 0.9834
vn 0.3720 -0.0859 0.9242
vn 0.1643 -0.0899 0.9823
vn -0.1521 -0.9202 0.3606
vn -0.9856 0.0693 -0.1545
vn -0.7883 -0.5136 0.3389
vn 0.0057 -0.5764 0.8171
vn 0.6376 0.5996 0.4836
vn -0.2056 -0.6579 0.7245
vn -0.1050 -0.6651 0.7393
vn -0.9684 0.2256 -0.1062
vn -0.9516 -0.3072 0.0035
vn -0.2913 0.7870 -0.5439
vn -0.6329 0.5278 -0.5665
vn 0.0120 -0.8912 0.4535
vn -0.0219 -0.9080 0.4184
vn -0.0826 -0.9386 0.3350
vn -0.9557 -0.0346 -0.2922
vn 0.2134 0.0747 -0.9741
vn -0.0652 0.8450 0.5307
vn 0.5486 -0.3780 0.7458
vn 0.4200 -0.8875 0.1896
vn -0.1069 0.9747 -0.1963
vn 0.1982 0.5718 0.7961
vn 0.2747 0.0454 -0.9604
vn 0.2746 0.0454 -0.9605
vn 0.2739 0.0454 -0.9607
vn 0.0028 0.0523 0.9986
vn 0.1288 -0.9824 0.1357
vn 0.1892 0.0550 -0.9804
vn -0.0323 0.7977 0.6022
vn 0.0681 0.7773 0.6255
vn -0.3227 0.9204 0.2206
vn 0.0238 -0.9932 -0.1141
vn 0.1925 0.6860 0.7017
vn 0.3409 0.5968 0.7264
vn 0.5094 -0.8259 -0.2415
vn -0.9608 0.2356 0.1459
vn -0.6974 0.2210 -0.6818
vn 0.4924 -0.8361 -0.2418
vn 0.1185 0.8046 0.5818
vn -0.7201 0.5412 -0.4341
vn -0.1098 0.8645 0.4904
vn -0.7238 0.5674 -0.3927
vn -0.9749 0.1248 -0.1845
vn 0.1551 -0.9703 -0.1854
vn 0.4840 0.0601 0.8730
vn -0.5134 0.0502 0.8567
vn 0.4267 0.5365 0.7281
vn -0.4162 -0.8661 -0.2768
vn 0.2970 -0.6402 0.7084
vn 0.1076 -0.9776 -0.1809
vn -0.1300 0.9878 0.0859
vn -0.0944 0.9899 0.1057
vn -0.0840 0.9893 0.1194
vn -0.1055 -0.9944 -0.0070
vn -0.0990 -0.9950 -0.0089
vn -0.0992 -0.9950 -0.0088
vn 0.1577 -0.9367 -0.3126
vn 0.0018 0.9220 -0.3871
vn -0.1113 0.9140 -0.3902
vn 0.1833 -0.9373 -0.2965
vn -0.0403 0.9235 -0.3816
vn 0.7903 -0.2189 0.5723
vn -0.1567 -0.8775 -0.4532
vn -0.0717 -0.3525 0.9331
vn -0.1134 0.9923 0.0499
vn -0.1135 0.9923 0.0498
vn -0.1090 0.9926 0.0533
vn -0.0454 -0.3844 0.9221
vn -0.8333 -0.4870 0.2616
vn -0.0869 -0.1763 -0.9805
vn -0.1548 -0.9841 0.0867
vn -0.0479 0.1796 0.9826
vn -0.0827 -0.1188 -0.9895
vn -0.0769 0.9321 0.3539
vn 0.3389 -0.9350 0.1042
vn -0.0581 0.2082 0.9764
vn -0.5326 -0.7880 0.3088
vn -0.1089 -0.8775 -0.4670
vn -0.1076 0.8850 0.4530
vn -0.4681 -0.7147 -0.5197
vn -0.1490 -0.9715 0.1841
vn -0.0710 0.5165 -0.8534
vn -0.0374 0.2496 -0.9676
vn -0.1362 -0.8261 -0.5469
vn -0.6125 0.5833 -0.5336
vn 0.5651 0.1184 0.8164
vn -0.6012 0.1103 -0.7914
vn -0.0091 -0.9255 -0.3787
vn -0.0429 0.9734 -0.2249
vn 0.4274 -0.9013 0.0706
vn -0.0497 0.9732 -0.2247
vn -0.2350 -0.8939 -0.3817
vn -0.0976 0.9466 -0.3073
vn -0.0774 0.1860 0.9795
vn -0.1007 -0.9923 0.0722
vn 0.0318 0.8783 0.4770
vn 0.1452 0.0669 -0.9871
vn 0.2309 -0.9642 -0.1302
vn 0.1459 -0.9875 -0.0590
vn 0.4615 -0.6397 -0.6147
vn -0.1169 0.9800 0.1608
vn -0.1521 -0.8949 -0.4197
vn -0.0489 -0.3079 0.9502
vn -0.8294 -0.3647 -0.4231
vn -0.1571 0.4247 -0.8916
vn -0.1270 0.5983 -0.7912
vn -0.0647 -0.9977 0.0188
vn -0.1545 0.9697 0.1891
vn 0.2089 -0.9353 -0.2856
vn -0.7548 -0.4529 -0.4745
vn -0.0950 -0.4275 0.8990
vn -0.0491 0.9967 -0.0643
vn -0.1119 -0.9937 -0.0051
vn -0.0978 0.2686 0.9583
vn -0.0110 -0.9996 -0.0253
vn -0.0831 -0.9860 0.1444
vn -0.0846 0.9446 -0.3170
vn 0.1180 -0.9866 0.1124
vn 0.2690 -0.9515 0.1491
vn 0.0402 0.9515 -0.3051
vn 0.0246 -0.8977 -0.4398
vn 0.1344 -0.9224 -0.3620
vn 0.2156 -0.8359 -0.5048
vn 0.0087 0.8604 0.5095
vn -0.0662 0.9042 -0.4219
vn -0.0859 0.9187 0.3855
vn -0.0941 0.9333 0.3465
vn -0.0247 0.9632 -0.2678
vn -0.0348 0.9008 0.4328
vn -0.0782 0.9674 0.2410
vn -0.1129 0.9890 0.0951
vn -0.1295 0.9067 -0.4015
vn -0.1522 0.9377 -0.3123
vn -0.0936 0.9664 -0.2396
vn -0.5273 -0.6444 -0.5539
vn 0.1469 0.0212 -0.9889
vn -0.0584 -0.4915 0.8689
vn 0.5607 -0.5544 0.6150
vn -0.1278 -0.9495 0.2866
vn -0.0422 -0.3272 -0.9440
vn -0.8058 -0.5258 0.2724
vn -0.0656 -0.2755 0.9590
vn -0.1100 0.9807 -0.1614
vn -0.1093 0.9808 -0.1613
vn -0.1196 0.9794 -0.1629
vn -0.0424 0.9499 0.3095
vn -0.0821 0.8665 0.4924
vn -0.1697 -0.7679 -0.6176
vn -0.6378 -0.7362 0.2265
vn -0.0426 0.2410 0.9696
vn -0.0880 0.8908 0.4458
vn 0.8192 -0.0499 0.5714
vn 0.4436 0.0814 0.8925
vn -0.3937 -0.7575 0.5207
vn 0.6212 -0.3060 0.7215
vn 0.2798 0.5435 0.7914
vn -0.8172 -0.0281 -0.5756
vn -0.0613 -0.9496 -0.3075
vn 0.6705 -0.0791 0.7377
vn -0.1528 -0.8671 -0.4741
vn -0.3331 -0.8870 -0.3199
vn 0.1899 0.0376 -0.9811
vn -0.0652 -0.5548 0.8294
vn 0.2752 0.0454 -0.9603
vn 0.2157 0.0082 -0.9764
vn 0.3295 -0.8920 -0.3094
vn -0.2574 -0.9634 0.0743
vn -0.3082 0.9442 0.1166
vn -0.8981 0.4341 0.0708
vn -0.2602 -0.9319 0.2525
vn -0.9075 -0.4095 -0.0933
vn -0.0381 0.1833 0.9823
vn -0.2198 -0.9754 0.0155
vn -0.2257 0.8528 0.4710
vn 0.0114 -0.4488 0.8936
vn -0.3262 0.9235 0.2016
vn -0.1587 -0.0375 -0.9866
vn -0.3964 0.9180 0.0108
vn -0.3559 -0.9286 0.1048
vn -0.2077 -0.9599 -0.1884
vn -0.3204 0.8937 -0.3139
vn -0.2792 0.8840 -0.3749
vn -0.2511 -0.9593 -0.1293
vn 0.1994 0.0832 -0.9764
vn -0.0185 -0.8795 -0.4755
vn -0.2052 0.9724 -0.1107
vn -0.0084 0.9705 -0.2410
vn 0.1947 -0.0002 -0.9809
vn -0.1010 -0.9055 -0.4122
vn -0.9807 -0.0461 -0.1899
vn -0.9875 0.0880 -0.1307
vn -0.9475 -0.1237 -0.2948
vn -0.8617 0.1653 -0.4797
vn -0.2699 0.9295 -0.2513
vn -0.4097 0.9095 0.0703
vn -0.2877 -0.8962 0.3376
vn -0.1774 -0.9615 -0.2098
vn -0.2311 -0.9570 -0.1755
vn -0.0066 -0.3515 0.9362
vn -0.0017 -0.3515 0.9362
vn -0.0063 -0.3515 0.9362
vn -0.0014 -0.3515 0.9362
vn -0.1155 -0.1320 -0.9845
vn -0.1513 -0.1184 -0.9814
vn -0.0559 -0.9982 -0.0205
vn -0.0406 -0.9992 0.0015
vn -0.0758 0.8555 0.5122
vn -0.0764 0.8554 0.5123
vn -0.0886 0.8535 0.5136
vn -0.0894 0.8533 0.5137
vn -0.0192 -0.3523 0.9357
vn -0.1301 -0.1285 -0.9831
vn -0.0943 -0.9955 -0.0041
vn -0.0677 0.8617 0.5029
vn -0.0239 0.2381 0.9710
vn -0.0312 0.2528 0.9670
vn -0.0819 -0.9964 0.0212
vn -0.1059 -0.9943 0.0134
vn -0.1463 -0.1031 -0.9839
vn -0.1585 -0.1233 -0.9796
vn -0.1045 0.9929 0.0569
vn -0.0902 0.9934 0.0709
vn -0.0996 -0.8184 -0.5660
vn -0.1490 -0.8218 -0.5500
vn -0.1136 0.9885 0.0998
vn -0.1175 0.9873 0.1072
vn -0.1137 0.9885 0.1000
vn -0.1177 0.9872 0.1078
vn -0.1183 -0.8093 -0.5753
vn -0.1200 -0.8071 -0.5781
vn -0.1200 -0.8070 -0.5782
vn -0.1030 0.9893 0.1032
vn -0.1040 -0.8042 -0.5852
vn -0.1218 -0.8047 -0.5811
vn -0.0703 0.8614 0.5031
vn -0.0491 0.8631 0.5026
vn -0.0262 0.2750 0.9611
vn -0.0216 0.2808 0.9595
vn -0.0237 0.2781 0.9603
vn -0.0181 0.2746 0.9614
vn -0.0213 0.2809 0.9595
vn -0.1623 0.5956 -0.7867
vn -0.1857 0.5577 -0.8090
vn -0.0180 0.2743 0.9615
vn -0.1143 0.6107 -0.7836
vn -0.1138 0.6104 -0.7839
vn -0.1086 0.6073 -0.7870
vn -0.0230 -0.3505 0.9363
vn -0.0438 -0.3549 0.9339
vn -0.1549 0.6128 -0.7749
vn -0.1078 0.6068 -0.7875
vn -0.0345 -0.3647 0.9305
vn -0.0339 -0.1981 -0.9796
vn -0.1026 -0.1836 -0.9776
vn -0.0418 -0.9882 0.1474
vn -0.0736 -0.9867 0.1450
vn -0.0871 0.8884 0.4507
vn -0.1623 0.8743 0.4574
vn -0.0676 -0.3787 0.9231
vn -0.0456 -0.2222 -0.9739
vn -0.0688 -0.9828 0.1716
vn -0.0995 0.8878 0.4494
vn -0.0733 0.3123 0.9471
vn -0.0894 0.3201 0.9432
vn -0.0373 -0.9755 0.2168
vn -0.0816 -0.9755 0.2041
vn -0.0159 -0.2638 -0.9645
vn -0.0593 -0.2587 -0.9641
vn -0.1201 0.9793 -0.1630
vn -0.0920 0.9834 -0.1564
vn -0.0577 -0.9101 -0.4103
vn -0.0516 -0.9139 -0.4026
vn -0.0517 -0.9138 -0.4028
vn -0.1008 -0.9170 -0.3859
vn -0.0968 0.9922 -0.0791
vn -0.1734 0.9824 -0.0699
vn -0.0595 -0.9098 -0.4108
vn -0.1096 0.9901 -0.0874
vn -0.0312 -0.9092 -0.4152
vn -0.0611 -0.9096 -0.4110
vn -0.1201 0.8772 0.4649
vn -0.0779 0.8805 0.4676
vn -0.0916 0.3308 0.9393
vn -0.0756 0.3422 0.9366
vn -0.0800 0.3424 0.9361
vn -0.0779 0.3423 0.9364
vn -0.0803 0.3986 -0.9136
vn -0.1080 0.3741 -0.9211
vn -0.0802 0.3424 0.9361
vn -0.0804 0.4479 -0.8905
vn -0.0497 -0.4094 0.9110
vn -0.0870 -0.4087 0.9085
vn -0.0509 0.4870 -0.8719
vn -0.0990 0.4826 -0.8702
vn -0.2864 -0.9431 0.1689
vn -0.1203 0.9906 0.0657
vn -0.1203 0.9906 0.0656
vn -0.1215 0.9903 0.0673
vn 0.1342 -0.1040 -0.9855
vn -0.7870 -0.4680 -0.4019
vn -0.1885 -0.3968 0.8983
vn -0.1209 -0.9697 -0.2121
vn 0.0336 0.2936 -0.9553
vn -0.0951 0.9905 -0.0993
vn 0.0386 -0.1997 -0.9791
vn -0.8493 -0.4241 0.3142
vn -0.1827 0.2291 0.9561
vn -0.1988 0.4915 0.8479
vn -0.1510 -0.9813 -0.1194
vn -0.5465 -0.7154 0.4354
vn -0.0486 0.9131 -0.4049
vn -0.0518 0.9176 -0.3941
vn -0.0519 0.9178 -0.3937
vn -0.1987 -0.8373 0.5093
vn -0.5865 -0.7187 -0.3735
vn 0.1373 0.2127 -0.9674
vn -0.0162 0.9325 -0.3607
vn -0.1943 -0.1794 0.9644
vn 0.0902 -0.1699 -0.9813
vn 0.1273 -0.2029 -0.9709
vn -0.1908 -0.2332 0.9535
vn -0.2598 -0.2152 0.9414
vn -0.0116 -0.9958 -0.0907
vn -0.0945 -0.9900 -0.1048
vn -0.0307 0.9137 -0.4051
vn -0.0739 0.9025 -0.4242
vn 0.0729 -0.2233 -0.9720
vn -0.1932 -0.2597 0.9462
vn -0.0777 -0.9901 -0.1168
vn -0.0370 0.9140 -0.4040
vn 0.0575 0.3472 -0.9360
vn 0.0456 0.3599 -0.9319
vn -0.0538 -0.9885 -0.1416
vn -0.0878 -0.9866 -0.1379
vn -0.1736 -0.3107 0.9345
vn -0.2057 -0.2996 0.9316
vn -0.1192 0.9908 0.0641
vn -0.1031 0.9931 0.0556
vn -0.1161 -0.8827 0.4555
vn -0.2016 -0.8871 0.4151
vn -0.1079 0.9939 0.0227
vn -0.1301 0.9914 0.0140
vn -0.1529 -0.8702 0.4684
vn -0.1502 -0.8721 0.4658
vn -0.1083 0.9940 0.0175
vn -0.1318 -0.8684 0.4780
vn -0.1557 -0.8682 0.4712
vn -0.0485 0.9130 -0.4050
vn -0.0219 0.9149 -0.4030
vn 0.0794 0.3075 -0.9482
vn 0.0870 0.3404 -0.9363
vn -0.2136 0.3848 0.8979
vn -0.2490 0.3581 0.8999
vn 0.0662 0.3644 -0.9289
vn -0.2087 0.4320 0.8774
vn 0.0705 -0.2447 -0.9670
vn 0.0400 -0.2476 -0.9680
vn -0.1886 0.4680 0.8634
vn -0.2250 0.4663 0.8555
vn -0.3390 -0.3198 0.8848
vn 0.2295 -0.1124 -0.9668
vn -0.1454 0.9562 0.2539
vn -0.2950 0.1740 0.9395
vn -0.6598 -0.7444 0.1027
vn 0.0049 -0.8717 -0.4901
vn -0.2312 0.9135 0.3347
vn -0.3537 -0.6708 -0.6519
vn -0.2638 -0.9511 -0.1606
vn 0.1733 0.5083 -0.8436
vn 0.2546 0.2660 -0.9298
vn -0.6260 -0.3691 -0.6870
vn -0.3770 -0.4292 0.8208
vn 0.0241 0.9975 -0.0669
vn -0.3909 0.2688 0.8803
vn -0.2343 -0.9500 0.2063
vn 0.2216 -0.3189 -0.9215
vn -0.8964 -0.4431 0.0111
vn -0.3377 -0.2816 0.8982
vn -0.3328 -0.2885 0.8978
vn -0.3336 -0.2874 0.8979
vn -0.1056 0.9911 -0.0817
vn -0.0489 -0.8533 -0.5191
vn -0.3139 -0.3301 0.8902
vn 0.2500 -0.2141 -0.9443
vn 0.1969 -0.2010 -0.9596
vn -0.0960 -0.9871 0.1280
vn -0.1209 -0.9865 0.1105
vn -0.1905 0.9144 0.3573
vn -0.2212 0.9063 0.3601
vn -0.2206 0.9064 0.3602
vn -0.2099 0.9088 0.3605
vn -0.3381 -0.3604 0.8694
vn 0.2349 -0.2274 -0.9450
vn -0.1430 -0.9805 0.1348
vn -0.2090 0.9090 0.3605
vn -0.3558 0.3252 0.8762
vn -0.3599 0.3349 0.8708
vn -0.3559 0.3255 0.8760
vn -0.3600 0.3350 0.8707
vn -0.1424 -0.9746 0.1730
vn -0.1663 -0.9742 0.1523
vn 0.2403 -0.2635 -0.9343
vn 0.2138 -0.2550 -0.9430
vn -0.0849 0.9933 -0.0778
vn -0.0778 0.9949 -0.0641
vn 0.0713 -0.9037 -0.4222
vn 0.0920 -0.8927 -0.4412
vn -0.0781 0.9966 -0.0277
vn -0.1013 0.9941 -0.0380
vn -0.0935 0.9948 -0.0410
vn -0.1010 0.9942 -0.0382
vn 0.0466 -0.8982 -0.4371
vn 0.0440 -0.8980 -0.4378
vn 0.0441 -0.8980 -0.4378
vn -0.0931 0.9948 -0.0412
vn 0.0601 -0.8995 -0.4328
vn 0.0414 -0.8978 -0.4384
vn -0.2161 0.9079 0.3591
vn -0.1958 0.9090 0.3679
vn -0.3479 0.2885 0.8920
vn -0.3377 0.3008 0.8919
vn 0.1988 0.4334 -0.8790
vn 0.1779 0.4124 -0.8935
vn -0.3407 0.3238 0.8827
vn 0.1843 0.4701 -0.8631
vn -0.3445 -0.4120 0.8436
vn -0.3635 -0.4053 0.8388
vn 0.1864 0.5005 -0.8454
vn 0.1552 0.5008 -0.8515
vn 0.6622 -0.3631 0.6555
vn 0.6116 -0.3613 0.7039
vn -0.2287 0.8277 0.5124
vn -0.1512 0.8311 0.5351
vn -0.0830 -0.9116 -0.4027
vn -0.1027 -0.9051 -0.4127
vn -0.9364 0.1675 -0.3084
vn -0.9857 0.1232 -0.1154
vn 0.5884 -0.3995 0.7030
vn 0.5687 -0.4294 0.7016
vn -0.3035 0.8191 0.4868
vn -0.1439 0.8902 0.4322
vn -0.1596 -0.8097 -0.5648
vn -0.1457 -0.8167 -0.5583
vn -0.6605 0.1642 -0.7327
vn -0.7364 0.2082 -0.6437
vn 0.5577 -0.0708 0.8271
vn 0.4032 0.0136 0.9150
vn -0.8568 0.4742 -0.2024
vn -0.9385 0.3338 0.0879
vn 0.6348 -0.0102 0.7726
vn 0.4270 0.0024 0.9043
vn -0.6943 0.5226 -0.4947
vn -0.6377 0.5486 -0.5408
vn 0.5877 -0.1639 0.7923
vn 0.1496 -0.9778 -0.1467
vn 0.1418 -0.9732 -0.1813
vn 0.4176 0.5630 0.7132
vn 0.0160 0.4814 0.8764
vn 0.1856 -0.9686 -0.1652
vn 0.1707 -0.9686 -0.1810
vn -0.0135 0.7128 0.7012
vn 0.0475 0.6458 0.7620
vn 0.1745 -0.9678 -0.1816
vn -0.1579 0.8838 0.4404
vn -0.8282 -0.5555 0.0737
vn 0.1523 -0.9833 -0.0992
vn -0.0503 -0.9788 0.1988
vn -0.0438 0.9726 0.2283
vn -0.8497 0.2035 0.4864
vn -0.0103 -0.9398 -0.3414
vn -0.0969 0.8050 0.5853
vn -0.1669 0.8631 0.4767
vn -0.0666 -0.8179 -0.5715
vn -0.1349 -0.8617 -0.4892
vn -0.0753 0.9064 0.4157
vn -0.0755 0.9843 -0.1594
vn 0.1645 0.9854 0.0447
vn -0.1803 0.9757 0.1244
vn -0.1276 0.0573 -0.9902
vn -0.0940 0.9179 0.3855
vn -0.0449 0.2148 0.9756
vn -0.2392 -0.9709 -0.0124
vn -0.1213 0.2964 -0.9473
vn -0.1106 0.9696 0.2182
vn -0.0704 -0.4145 0.9073
vn -0.1481 -0.9243 -0.3516
vn -0.3381 -0.9393 0.0583
vn -0.0654 -0.1964 0.9783
vn -0.0283 0.9982 -0.0530
vn -0.0309 0.1592 -0.9868
vn -0.2129 -0.9518 0.2206
vn -0.0527 0.0922 0.9943
vn -0.0682 0.9639 0.2572
vn -0.0669 -0.0670 -0.9955
vn -0.2787 -0.7779 -0.5632
vn -0.3383 -0.2806 0.8982
vn 0.0415 0.9909 -0.1277
vn 0.1638 0.1180 -0.9794
vn -0.2646 -0.8619 -0.4325
vn -0.3009 0.0850 0.9499
vn -0.0934 0.9863 0.1362
vn 0.1601 -0.0247 -0.9868
vn -0.2127 -0.1501 0.9655
vn -0.1242 0.9315 -0.3419
vn 0.1172 0.1200 -0.9858
vn -0.2561 -0.9530 -0.1618
vn -0.2262 0.1215 0.9665
vn -0.1428 0.9613 -0.2356
vn 0.1022 -0.0297 -0.9943
vn -0.3396 -0.9335 -0.1153
vn 0.0492 -0.9974 0.0527
vn 0.0365 -0.9889 0.1443
vn -0.0130 -0.9438 -0.3302
vn -0.0649 -0.5942 -0.8017
vn -0.1486 0.0453 -0.9879
vn -0.2507 0.9165 -0.3119
vn -0.2770 0.9609 0.0047
vn -0.1881 0.7456 0.6393
vn -0.0571 -0.1421 0.9882
vn -0.8934 -0.2963 -0.3378
vn -0.1996 -0.9654 0.1681
vn -0.4454 0.8909 -0.0886
vn -0.6967 0.4713 -0.5408
vn -0.2659 0.6372 0.7234
vn -0.1234 -0.2358 0.9639
vn -0.3800 0.9247 0.0246
vn -0.0815 -0.8914 0.4459
vn -0.8229 -0.4987 -0.2725
vn -0.2304 0.2561 0.9388
vn -0.5109 -0.8529 -0.1072
vn -0.3551 0.9203 0.1644
vn -0.0741 -0.3244 0.9430
vn -0.8506 0.3067 -0.4271
vn -0.1220 0.0814 -0.9892
vn 0.0567 0.0536 -0.9970
vn 0.0217 0.0243 -0.9995
vn 0.0192 0.0192 -0.9996
vn 0.0536 0.0431 -0.9976
vn 0.0694 0.1051 -0.9920
vn 0.0924 0.0275 -0.9953
vn -0.0235 0.1003 -0.9947
vn 0.2267 0.1049 -0.9683
vn 0.1544 0.0341 -0.9874
vn -0.0295 0.0782 -0.9965
vn 0.0736 0.0507 -0.9960
vn 0.1502 0.0759 -0.9857
vn 0.0380 0.0300 -0.9988
vn 0.0379 0.0281 -0.9989
vn 0.0378 0.0298 -0.9988
vn 0.0352 0.0272 -0.9990
vn 0.0351 0.0272 -0.9990
vn 0.1109 0.0890 -0.9898
vn 0.0222 0.0252 -0.9994
vn 0.0254 0.1505 -0.9883
vn 0.0403 0.0271 -0.9988
vt 0.000000 0.000000
s 1
usemtl Suit
f 1375/2/1262 1328/2/1262 1351/2/1262 1372/2/1262
f 1353/2/1263 1331/2/1263 1348/2/1263 1356/2/1263
f 2018/2/1264 1444/2/1264 1352/2/1264 2015/2/1264
f 1328/2/1265 1363/2/1265 1351/2/1265
f 1335/2/1266 1359/2/1266 1371/2/1266 1366/2/1266
f 1487/2/1267 1338/2/1267 1334/2/1267 1486/2/1267
f 1372/2/1268 1351/2/1268 1373/2/1268
f 1486/2/1269 1334/2/1269 1349/2/1269 1489/2/1269
f 1356/2/1270 1348/2/1270 1347/2/1270 1355/2/1270
f 1378/2/1271 1357/2/1271 1329/2/1271 1376/2/1271
f 1367/2/1272 1334/2/1272 1338/2/1272 1368/2/1272
f 1395/2/1273 2730/2/1273 1347/2/1273
f 1485/2/1274 1335/2/1274 1338/2/1274 1487/2/1274
f 2743/2/1275 1442/2/1275 1371/2/1275 2739/2/1275
f 2013/2/1276 2007/2/1276 1342/2/1276 1382/2/1276
f 2012/2/1277 2009/2/1277 1344/2/1277 1377/2/1277
f 2017/2/1278 2006/2/1278 1341/2/1278 1398/2/1278
f 2014/2/1279 2005/2/1279 1340/2/1279 1387/2/1279
f 1368/2/1280 1338/2/1280 1335/2/1280 1366/2/1280
f 1369/2/1281 1346/2/1281 1349/2/1281 1370/2/1281
f 1489/2/1282 1349/2/1282 1346/2/1282 1488/2/1282
f 2741/2/1283 1396/2/1283 1358/2/1283 2731/2/1283
f 2741/2/1285 2740/2/1285 1378/2/1285 1396/2/1285
f 1355/2/1286 1347/2/1286 2730/2/1286 2736/2/1286
f 2732/2/1287 2739/2/1287 1371/2/1287 1359/2/1287
f 1438/2/1288 1356/2/1288 1355/2/1288 1440/2/1288
f 1367/2/1289 1370/2/1289 1349/2/1289 1334/2/1289
f 1439/2/1290 1353/2/1290 1356/2/1290 1438/2/1290
f 1361/2/1291 1358/2/1291 1330/2/1291 1352/2/1291
f 1490/2/1292 1359/2/1292 1335/2/1292 1485/2/1292
f 1442/2/1293 1361/2/1293 1352/2/1293 1441/2/1293
f 1440/2/1294 1355/2/1294 2736/2/1294 2742/2/1294
f 1365/2/1295 1357/2/1295 2729/2/1295 2737/2/1295
f 1381/2/1296 1383/2/1296 1363/2/1296 1328/2/1296
f 1386/2/1297 1388/2/1297 1364/2/1297 1332/2/1297
f 2745/2/1298 1490/2/1298 1360/2/1298 2735/2/1298
f 2010/2/1299 2006/2/1299 1331/2/1299 1353/2/1299
f 1393/2/1300 1375/2/1300 1372/2/1300 1397/2/1300
f 1397/2/1301 1372/2/1301 1373/2/1301 1395/2/1301
f 2007/2/1302 2011/2/1302 1374/2/1302 1342/2/1302
f 2729/2/1303 1357/2/1303 1378/2/1303 2740/2/1303
f 1329/2/1304 1357/2/1304 1365/2/1304 1362/2/1304
f 2016/2/1305 2012/2/1306 1377/2/1307 1394/2/1307
f 1400/2/1308 1385/2/1308 1379/2/1308 1399/2/1308
f 1382/2/1309 1384/2/1309 1380/2/1309 1340/2/1309
f 1389/2/1310 1387/2/1310 1340/2/1310 1380/2/1310
f 1401/2/1311 1399/2/1311 1379/2/1311 1390/2/1311
f 1396/2/1312 1378/2/1312 1376/2/1312 1392/2/1312
f 1342/2/1313 1374/2/1313 1384/2/1313 1382/2/1313
f 1398/2/1314 1341/2/1314 1385/2/1314 1400/2/1314
f 1332/2/1315 1364/2/1315 1383/2/1315 1381/2/1315
f 2005/2/1316 2013/2/1316 1382/2/1316 1340/2/1316
f 1394/2/1317 1401/2/1317 1390/2/1317 1343/2/1317
f 1377/2/1318 1344/2/1318 1387/2/1318 1389/2/1318
f 1329/2/1319 1362/2/1319 1388/2/1319 1386/2/1319
f 2009/2/1320 2014/2/1320 1387/2/1320 1344/2/1320
f 1368/2/1321 1443/2/1321 1439/2/1321 1367/2/1321
f 2008/2/1322 2015/2/1322 1352/2/1322 1330/2/1322
f 1333/2/1323 1391/2/1323 1428/2/1323 1415/2/1323
f 1454/2/1324 1458/2/1324 1404/2/1324 1409/2/1324
f 1343/2/1325 1390/2/1325 1427/2/1325 1419/2/1325
f 1341/2/1326 1354/2/1326 1420/2/1326 1417/2/1326
f 1459/2/1327 1460/2/1327 1406/2/1327 1408/2/1327
f 1457/2/1328 1456/2/1328 1403/2/1328 1407/2/1328
f 1455/2/1329 1453/2/1329 1402/2/1329 1405/2/1329
f 1379/2/1330 1385/2/1330 1424/2/1330 1423/2/1330
f 1377/2/1331 1389/2/1331 1401/2/1331 1394/2/1331
f 1374/2/1332 1398/2/1332 1400/2/1332 1384/2/1332
f 1389/2/1333 1380/2/1333 1399/2/1333 1401/2/1333
f 1384/2/1334 1400/2/1334 1399/2/1334 1380/2/1334
f 2008/2/1335 2016/2/1335 1394/2/1335 1343/2/1335
f 2728/2/1336 1361/2/1336 1442/2/1336 2743/2/1336
f 1348/2/1337 1397/2/1337 1395/2/1337 1347/2/1337
f 1331/2/1338 1393/2/1338 1397/2/1338 1348/2/1338
f 2011/2/1339 2017/2/1339 1398/2/1339 1374/2/1339
f 1460/2/1340 1457/2/1340 1407/2/1340 1406/2/1340
f 1458/2/1341 1459/2/1341 1408/2/1341 1404/2/1341
f 1390/2/1342 1379/2/1342 1423/2/1342 1427/2/1342
f 1354/2/1343 1333/2/1343 1415/2/1343 1420/2/1343
f 1391/2/1344 1343/2/1344 1419/2/1344 1428/2/1344
f 1456/2/1345 1455/2/1345 1405/2/1345 1403/2/1345
f 1385/2/1346 1341/2/1346 1417/2/1346 1424/2/1346
f 1409/2/1347 1404/2/1347 1410/2/1347 1411/2/1347
f 1411/2/1348 1410/2/1348 1412/2/1348 1413/2/1348
f 1408/2/1349 1412/2/1349 1410/2/1349 1404/2/1349
f 1409/2/1350 1411/2/1350 1413/2/1350 1402/2/1350
f 1417/2/1351 1420/2/1351 1421/2/1351 1416/2/1351
f 1429/2/1352 1414/2/1352 1415/2/1352 1428/2/1352
f 1414/2/1353 1421/2/1353 1420/2/1353 1415/2/1353
f 1425/2/1354 1422/2/1354 1423/2/1354 1424/2/1354
f 1427/2/1355 1423/2/1355 1422/2/1355 1426/2/1355
f 1416/2/1356 1425/2/1356 1424/2/1356 1417/2/1356
f 1419/2/1357 1427/2/1357 1426/2/1357 1418/2/1357
f 1453/2/1358 1454/2/1358 1409/2/1358 1402/2/1358
f 1413/2/1359 1412/2/1359 1436/2/1359 1437/2/1359
f 1403/2/1360 1405/2/1360 1432/2/1360 1431/2/1360
f 1407/2/1361 1403/2/1361 1431/2/1361 1434/2/1361
f 1412/2/1362 1408/2/1362 1435/2/1362 1436/2/1362
f 1406/2/1363 1407/2/1363 1434/2/1363 1433/2/1363
f 1402/2/1364 1413/2/1364 1437/2/1364 1430/2/1364
f 1408/2/1365 1406/2/1365 1433/2/1365 1435/2/1365
f 1405/2/1366 1402/2/1366 1430/2/1366 1432/2/1366
f 1358/2/1367 1396/2/1367 1392/2/1367 1330/2/1367
f 1367/2/1368 1439/2/1368 1438/2/1368 1370/2/1368
f 1370/2/1369 1438/2/1369 1440/2/1369 1369/2/1369
f 2731/2/1370 1358/2/1370 1361/2/1370 2728/2/1370
f 1439/2/1371 1443/2/1371 1444/2/1371 1353/2/1371
f 1441/2/1372 1443/2/1372 1368/2/1372 1366/2/1372
f 2010/2/1373 2018/2/1373 1333/2/1373 1354/2/1373
f 1352/2/1374 1444/2/1374 1443/2/1374 1441/2/1374
f 1436/2/1375 1435/2/1375 1450/2/1375 1451/2/1375
f 1434/2/1376 1431/2/1376 1446/2/1376 1449/2/1376
f 1433/2/1377 1434/2/1377 1449/2/1377 1448/2/1377
f 1431/2/1378 1432/2/1378 1447/2/1378 1446/2/1378
f 1430/2/1379 1437/2/1379 1452/2/1379 1445/2/1379
f 1437/2/1380 1436/2/1380 1451/2/1380 1452/2/1380
f 1435/2/1381 1433/2/1381 1448/2/1381 1450/2/1381
f 1432/2/1382 1430/2/1382 1445/2/1382 1447/2/1382
f 1414/2/1383 1429/2/1383 1454/2/1383 1453/2/1383
f 1416/2/1384 1421/2/1384 1455/2/1384 1456/2/1384
f 1418/2/1385 1426/2/1385 1459/2/1385 1458/2/1385
f 1422/2/1386 1425/2/1386 1457/2/1386 1460/2/1386
f 1421/2/1387 1414/2/1387 1453/2/1387 1455/2/1387
f 1425/2/1388 1416/2/1388 1456/2/1388 1457/2/1388
f 1426/2/1389 1422/2/1389 1460/2/1389 1459/2/1389
f 1429/2/1390 1418/2/1390 1458/2/1390 1454/2/1390
f 1494/2/1391 1495/2/1391 1471/2/1391 1470/2/1391
f 1496/2/1392 1497/2/1392 1476/2/1392 1469/2/1392
f 1497/2/1393 1498/2/1393 1475/2/1393 1476/2/1393
f 1499/2/1394 1500/2/1394 1472/2/1394 1474/2/1394
f 1495/2/1395 1496/2/1395 1469/2/1395 1471/2/1395
f 1498/2/1396 1499/2/1396 1474/2/1396 1475/2/1396
f 1501/2/1397 1494/2/1397 1470/2/1397 1473/2/1397
f 1500/2/1398 1501/2/1398 1473/2/1398 1472/2/1398
f 1371/2/1408 1442/2/1408 1441/2/1408 1366/2/1408
f 1369/2/1409 1440/2/1409 2742/2/1409 2738/2/1409
f 1360/2/1410 1490/2/1410 1485/2/1410 1336/2/1410
f 1350/2/1412 1489/2/1412 1488/2/1412 1345/2/1412
f 1336/2/1413 1485/2/1413 1487/2/1413 1339/2/1413
f 1337/2/1414 1486/2/1414 1489/2/1414 1350/2/1414
f 1339/2/1415 1487/2/1415 1486/2/1415 1337/2/1415
f 2732/2/1416 1359/2/1416 1490/2/1416 2745/2/1416
f 1360/2/1417 1336/2/1417 2022/2/1418 2025/2/1419
f 1339/2/1420 1337/2/1420 2021/2/1420 2020/2/1420
f 1350/2/1422 1345/2/1422 2024/2/1422 2023/2/1422
f 1345/2/1423 1492/2/1423 2019/2/1423 2024/2/1423
f 1336/2/1424 1339/2/1424 2020/2/1424 2022/2/1424
f 1418/2/1425 1429/2/1425 1428/2/1425 1419/2/1425
f 2738/2/1426 2733/2/1426 1346/2/1426 1369/2/1426
f 2735/2/1427 1360/2/1427 2025/2/1427 2772/2/1427
f 1345/2/1428 1488/2/1428 1493/2/1428 1492/2/1428
f 1364/2/1429 1388/2/1429 1521/2/1429 1522/2/1429
f 1365/2/1430 2737/2/1430 2763/2/1430 1533/2/1430
f 1488/2/1431 1346/2/1431 2733/2/1431 1493/2/1431
f 1363/2/1432 1383/2/1432 1519/2/1432 1520/2/1432
f 2730/2/1433 1395/2/1433 1531/2/1433 2747/2/1433
f 1383/2/1434 1364/2/1434 1522/2/1434 1519/2/1434
f 1395/2/1435 1373/2/1435 1527/2/1435 1531/2/1435
f 1388/2/1436 1362/2/1436 1529/2/1436 1521/2/1436
f 1337/2/1437 1350/2/1437 2023/2/1437 2021/2/1437
f 1373/2/1438 1351/2/1438 1506/2/1438 1527/2/1438
f 1351/2/1439 1363/2/1439 1520/2/1439 1506/2/1439
f 1362/2/1440 1365/2/1440 1533/2/1440 1529/2/1440
f 1464/2/1441 1465/2/1441 1501/2/1441 1500/2/1441
f 1465/2/1442 1462/2/1442 1494/2/1442 1501/2/1442
f 1467/2/1443 1466/2/1443 1499/2/1443 1498/2/1443
f 1463/2/1444 1461/2/1444 1496/2/1444 1495/2/1444
f 1466/2/1445 1464/2/1445 1500/2/1445 1499/2/1445
f 1468/2/1446 1467/2/1446 1498/2/1446 1497/2/1446
f 1461/2/1447 1468/2/1447 1497/2/1447 1496/2/1447
f 1462/2/1448 1463/2/1448 1495/2/1448 1494/2/1448
f 1446/2/1449 1465/2/1449 1464/2/1449 1449/2/1449
f 1449/2/1450 1464/2/1450 1466/2/1450 1448/2/1450
f 1448/2/1451 1466/2/1451 1467/2/1451 1450/2/1451
f 1450/2/1452 1467/2/1452 1468/2/1452 1451/2/1452
f 1451/2/1453 1468/2/1453 1461/2/1453 1452/2/1453
f 1452/2/1454 1461/2/1454 1463/2/1454 1445/2/1454
f 1445/2/1455 1463/2/1455 1462/2/1455 1447/2/1455
f 1447/2/1456 1462/2/1456 1465/2/1456 1446/2/1456
f 1542/2/1489 1546/2/1489 1543/2/1489
f 1543/2/1490 1546/2/1490 1547/2/1490 1539/2/1490
f 2756/2/1491 2759/2/1492 1546/2/1493 1542/2/1491
f 1539/2/1494 1547/2/1494 1548/2/1494 1540/2/1494
f 1546/2/1493 2759/2/1492 2760/2/1495 1547/2/1495
f 1547/2/1496 2760/2/1496 2761/2/1496 1548/2/1496
f 1540/2/1497 1548/2/1497 1549/2/1497 1541/2/1497
f 1548/2/1498 2761/2/1498 2762/2/1499 1549/2/1500
f 1541/2/1501 1549/2/1501 1545/2/1501 1525/2/1501
f 1549/2/1500 2762/2/1499 2758/2/1502 1545/2/1503
f 1525/2/1504 1545/2/1504 1544/2/1504 1524/2/1504
f 1545/2/1503 2758/2/1502 2757/2/1505 1544/2/1505
f 1353/2/2023 1444/2/2023 2018/2/2023 2010/2/2023
f 1375/2/2024 1393/2/2024 2017/2/2024 2011/2/2024
f 1330/2/2025 1392/2/2025 2016/2/2025 2008/2/2025
f 1343/2/2026 1391/2/2026 2015/2/2026 2008/2/2026
f 1329/2/2027 1386/2/2027 2014/2/2027 2009/2/2027
f 1332/2/2028 1381/2/2028 2013/2/2028 2005/2/2028
f 1392/2/2029 1376/2/2029 2012/2/1306 2016/2/1305
f 1328/2/2030 1375/2/2030 2011/2/2030 2007/2/2030
f 1354/2/2031 1341/2/2031 2006/2/2031 2010/2/2031
f 1386/2/2032 1332/2/2032 2005/2/2032 2014/2/2032
f 1393/2/2033 1331/2/2033 2006/2/2033 2017/2/2033
f 1376/2/2034 1329/2/2034 2009/2/2034 2012/2/2034
f 1381/2/2035 1328/2/2035 2007/2/2035 2013/2/2035
f 1333/2/2036 2018/2/2036 2015/2/2036 1391/2/2036
f 2023/2/2037 2024/2/2037 2031/2/2037 2030/2/2037
f 2022/2/2038 2020/2/2038 2027/2/2038 2029/2/2038
f 2025/2/1419 2022/2/1418 2029/2/2039 2032/2/2040
f 2772/2/2041 2025/2/2041 2032/2/2041 2783/2/2041
f 2020/2/2042 2021/2/2042 2028/2/2042 2027/2/2042
f 2021/2/2043 2023/2/2043 2030/2/2043 2028/2/2043
f 2024/2/2044 2019/2/2044 2026/2/2044 2031/2/2044
f 2030/2/2047 2031/2/2047 2035/2/2047 2036/2/2047
f 2027/2/2048 2034/2/2048 2029/2/2048
f 2036/2/2049 2028/2/2049 2030/2/2049
f 2036/2/2050 2035/2/2051 2033/2/2052 2034/2/2050
f 2035/2/2051 2787/2/2053 2782/2/2054 2033/2/2052
f 2034/2/2055 2027/2/2055 2028/2/2055 2036/2/2055
f 2034/2/2056 2033/2/2056 2032/2/2040 2029/2/2039
f 2031/2/2057 2026/2/2057 2787/2/2057 2035/2/2057
f 2033/2/2052 2782/2/2054 2783/2/2058 2032/2/2058
f 2084/2/2059 2081/2/2059 2060/2/2059 2037/2/2059
f 2062/2/2060 2065/2/2060 2057/2/2060 2040/2/2060
f 2727/2/2061 2724/2/2061 2061/2/2061 2153/2/2061
f 2037/2/2062 2060/2/2062 2072/2/2062
f 2044/2/2063 2075/2/2063 2080/2/2063 2068/2/2063
f 2196/2/2064 2195/2/2064 2043/2/2064 2047/2/2064
f 2081/2/2065 2082/2/2065 2060/2/2065
f 2195/2/2066 2198/2/2066 2058/2/2066 2043/2/2066
f 2065/2/2067 2064/2/2067 2056/2/2067 2057/2/2067
f 2087/2/2068 2085/2/2068 2038/2/2068 2066/2/2068
f 2076/2/2069 2077/2/2069 2047/2/2069 2043/2/2069
f 2104/2/2070 2056/2/2070 2730/2/2070
f 2194/2/2071 2196/2/2071 2047/2/2071 2044/2/2071
f 2743/2/2072 2739/2/2072 2080/2/2072 2151/2/2072
f 2722/2/2073 2091/2/2073 2051/2/2073 2716/2/2073
f 2721/2/2074 2086/2/2074 2053/2/2074 2718/2/2074
f 2726/2/2075 2107/2/2075 2050/2/2075 2715/2/2075
f 2723/2/2076 2096/2/2076 2049/2/2076 2714/2/2076
f 2077/2/2077 2075/2/2077 2044/2/2077 2047/2/2077
f 2078/2/2078 2079/2/2078 2058/2/2078 2055/2/2078
f 2198/2/2079 2197/2/2079 2055/2/2079 2058/2/2079
f 2741/2/2080 2731/2/2080 2067/2/2080 2105/2/2080
f 2741/2/2082 2105/2/2082 2087/2/2082 2740/2/2082
f 2064/2/2083 2736/2/2083 2730/2/2083 2056/2/2083
f 2732/2/2084 2068/2/2084 2080/2/2084 2739/2/2084
f 2147/2/2085 2149/2/2085 2064/2/2085 2065/2/2085
f 2076/2/2086 2043/2/2086 2058/2/2086 2079/2/2086
f 2148/2/2087 2147/2/2087 2065/2/2087 2062/2/2087
f 2070/2/2088 2061/2/2088 2039/2/2088 2067/2/2088
f 2199/2/2089 2194/2/2089 2044/2/2089 2068/2/2089
f 2151/2/2090 2150/2/2090 2061/2/2090 2070/2/2090
f 2149/2/2091 2742/2/2091 2736/2/2091 2064/2/2091
f 2074/2/2092 2737/2/2092 2729/2/2092 2066/2/2092
f 2090/2/2093 2037/2/2093 2072/2/2093 2092/2/2093
f 2095/2/2094 2041/2/2094 2073/2/2094 2097/2/2094
f 2745/2/2095 2735/2/2095 2069/2/2095 2199/2/2095
f 2719/2/2096 2062/2/2096 2040/2/2096 2715/2/2096
f 2102/2/2097 2106/2/2097 2081/2/2097 2084/2/2097
f 2106/2/2098 2104/2/2098 2082/2/2098 2081/2/2098
f 2716/2/2099 2051/2/2099 2083/2/2099 2720/2/2099
f 2729/2/2100 2740/2/2100 2087/2/2100 2066/2/2100
f 2038/2/2101 2071/2/2101 2074/2/2101 2066/2/2101
f 2725/2/2102 2103/2/2103 2086/2/2103 2721/2/2104
f 2109/2/2105 2108/2/2105 2088/2/2105 2094/2/2105
f 2091/2/2106 2049/2/2106 2089/2/2106 2093/2/2106
f 2098/2/2107 2089/2/2107 2049/2/2107 2096/2/2107
f 2110/2/2108 2099/2/2108 2088/2/2108 2108/2/2108
f 2105/2/2109 2101/2/2109 2085/2/2109 2087/2/2109
f 2051/2/2110 2091/2/2110 2093/2/2110 2083/2/2110
f 2107/2/2111 2109/2/2111 2094/2/2111 2050/2/2111
f 2041/2/2112 2090/2/2112 2092/2/2112 2073/2/2112
f 2714/2/2113 2049/2/2113 2091/2/2113 2722/2/2113
f 2103/2/2114 2052/2/2114 2099/2/2114 2110/2/2114
f 2086/2/2115 2098/2/2115 2096/2/2115 2053/2/2115
f 2038/2/2116 2095/2/2116 2097/2/2116 2071/2/2116
f 2718/2/2117 2053/2/2117 2096/2/2117 2723/2/2117
f 2077/2/2118 2076/2/2118 2148/2/2118 2152/2/2118
f 2717/2/2119 2039/2/2119 2061/2/2119 2724/2/2119
f 2042/2/2120 2124/2/2120 2137/2/2120 2100/2/2120
f 2163/2/2121 2118/2/2121 2113/2/2121 2167/2/2121
f 2052/2/2122 2128/2/2122 2136/2/2122 2099/2/2122
f 2050/2/2123 2126/2/2123 2129/2/2123 2063/2/2123
f 2168/2/2124 2117/2/2124 2115/2/2124 2169/2/2124
f 2166/2/2125 2116/2/2125 2112/2/2125 2165/2/2125
f 2164/2/2126 2114/2/2126 2111/2/2126 2162/2/2126
f 2088/2/2127 2132/2/2127 2133/2/2127 2094/2/2127
f 2086/2/2128 2103/2/2128 2110/2/2128 2098/2/2128
f 2083/2/2129 2093/2/2129 2109/2/2129 2107/2/2129
f 2098/2/2130 2110/2/2130 2108/2/2130 2089/2/2130
f 2093/2/2131 2089/2/2131 2108/2/2131 2109/2/2131
f 2717/2/2132 2052/2/2132 2103/2/2132 2725/2/2132
f 2728/2/2133 2743/2/2133 2151/2/2133 2070/2/2133
f 2057/2/2134 2056/2/2134 2104/2/2134 2106/2/2134
f 2040/2/2135 2057/2/2135 2106/2/2135 2102/2/2135
f 2720/2/2136 2083/2/2136 2107/2/2136 2726/2/2136
f 2169/2/2137 2115/2/2137 2116/2/2137 2166/2/2137
f 2167/2/2138 2113/2/2138 2117/2/2138 2168/2/2138
f 2099/2/2139 2136/2/2139 2132/2/2139 2088/2/2139
f 2063/2/2140 2129/2/2140 2124/2/2140 2042/2/2140
f 2100/2/2141 2137/2/2141 2128/2/2141 2052/2/2141
f 2165/2/2142 2112/2/2142 2114/2/2142 2164/2/2142
f 2094/2/2143 2133/2/2143 2126/2/2143 2050/2/2143
f 2118/2/2144 2120/2/2144 2119/2/2144 2113/2/2144
f 2120/2/2145 2122/2/2145 2121/2/2145 2119/2/2145
f 2117/2/2146 2113/2/2146 2119/2/2146 2121/2/2146
f 2118/2/2147 2111/2/2147 2122/2/2147 2120/2/2147
f 2126/2/2148 2125/2/2148 2130/2/2148 2129/2/2148
f 2138/2/2149 2137/2/2149 2124/2/2149 2123/2/2149
f 2123/2/2150 2124/2/2150 2129/2/2150 2130/2/2150
f 2134/2/2151 2133/2/2151 2132/2/2151 2131/2/2151
f 2136/2/2152 2135/2/2152 2131/2/2152 2132/2/2152
f 2125/2/2153 2126/2/2153 2133/2/2153 2134/2/2153
f 2128/2/2154 2127/2/2154 2135/2/2154 2136/2/2154
f 2162/2/2155 2111/2/2155 2118/2/2155 2163/2/2155
f 2122/2/2156 2146/2/2156 2145/2/2156 2121/2/2156
f 2112/2/2157 2140/2/2157 2141/2/2157 2114/2/2157
f 2116/2/2158 2143/2/2158 2140/2/2158 2112/2/2158
f 2121/2/2159 2145/2/2159 2144/2/2159 2117/2/2159
f 2115/2/2160 2142/2/2160 2143/2/2160 2116/2/2160
f 2111/2/2161 2139/2/2161 2146/2/2161 2122/2/2161
f 2117/2/2162 2144/2/2162 2142/2/2162 2115/2/2162
f 2114/2/2163 2141/2/2163 2139/2/2163 2111/2/2163
f 2067/2/2164 2039/2/2164 2101/2/2164 2105/2/2164
f 2076/2/2165 2079/2/2165 2147/2/2165 2148/2/2165
f 2079/2/2166 2078/2/2166 2149/2/2166 2147/2/2166
f 2731/2/2167 2728/2/2167 2070/2/2167 2067/2/2167
f 2148/2/2168 2062/2/2168 2153/2/2168 2152/2/2168
f 2150/2/2169 2075/2/2169 2077/2/2169 2152/2/2169
f 2719/2/2170 2063/2/2170 2042/2/2170 2727/2/2170
f 2061/2/2171 2150/2/2171 2152/2/2171 2153/2/2171
f 2145/2/2172 2160/2/2172 2159/2/2172 2144/2/2172
f 2143/2/2173 2158/2/2173 2155/2/2173 2140/2/2173
f 2142/2/2174 2157/2/2174 2158/2/2174 2143/2/2174
f 2140/2/2175 2155/2/2175 2156/2/2175 2141/2/2175
f 2139/2/2176 2154/2/2176 2161/2/2176 2146/2/2176
f 2146/2/2177 2161/2/2177 2160/2/2177 2145/2/2177
f 2144/2/2178 2159/2/2178 2157/2/2178 2142/2/2178
f 2141/2/2179 2156/2/2179 2154/2/2179 2139/2/2179
f 2123/2/2180 2162/2/2180 2163/2/2180 2138/2/2180
f 2125/2/2181 2165/2/2181 2164/2/2181 2130/2/2181
f 2127/2/2182 2167/2/2182 2168/2/2182 2135/2/2182
f 2131/2/2183 2169/2/2183 2166/2/2183 2134/2/2183
f 2130/2/2184 2164/2/2184 2162/2/2184 2123/2/2184
f 2134/2/2185 2166/2/2185 2165/2/2185 2125/2/2185
f 2135/2/2186 2168/2/2186 2169/2/2186 2131/2/2186
f 2138/2/2187 2163/2/2187 2167/2/2187 2127/2/2187
f 2203/2/2188 2179/2/2188 2180/2/2188 2204/2/2188
f 2205/2/2189 2178/2/2189 2185/2/2189 2206/2/2189
f 2206/2/2190 2185/2/2190 2184/2/2190 2207/2/2190
f 2208/2/2191 2183/2/2191 2181/2/2191 2209/2/2191
f 2204/2/2192 2180/2/2192 2178/2/2192 2205/2/2192
f 2207/2/2193 2184/2/2193 2183/2/2193 2208/2/2193
f 2210/2/2194 2182/2/2194 2179/2/2194 2203/2/2194
f 2209/2/2195 2181/2/2195 2182/2/2195 2210/2/2195
f 2080/2/2205 2075/2/2205 2150/2/2205 2151/2/2205
f 2078/2/2206 2738/2/2206 2742/2/2206 2149/2/2206
f 2069/2/2207 2045/2/2207 2194/2/2207 2199/2/2207
f 2059/2/2209 2054/2/2209 2197/2/2209 2198/2/2209
f 2045/2/2210 2048/2/2210 2196/2/2210 2194/2/2210
f 2046/2/2211 2059/2/2211 2198/2/2211 2195/2/2211
f 2048/2/2212 2046/2/2212 2195/2/2212 2196/2/2212
f 2732/2/2213 2745/2/2213 2199/2/2213 2068/2/2213
f 2069/2/2214 2771/2/2215 2768/2/2216 2045/2/2214
f 2048/2/2217 2766/2/2217 2767/2/2217 2046/2/2217
f 2059/2/2219 2769/2/2219 2770/2/2219 2054/2/2219
f 2054/2/2220 2770/2/2220 2764/2/2220 2201/2/2220
f 2045/2/2221 2768/2/2221 2766/2/2221 2048/2/2221
f 2127/2/2222 2128/2/2222 2137/2/2222 2138/2/2222
f 2738/2/2223 2078/2/2223 2055/2/2223 2733/2/2223
f 2735/2/2224 2772/2/2224 2771/2/2224 2069/2/2224
f 2054/2/2225 2201/2/2225 2202/2/2225 2197/2/2225
f 2073/2/2226 2231/2/2226 2230/2/2226 2097/2/2226
f 2074/2/2227 2242/2/2227 2763/2/2227 2737/2/2227
f 2197/2/2228 2202/2/2228 2733/2/2228 2055/2/2228
f 2072/2/2229 2229/2/2229 2228/2/2229 2092/2/2229
f 2730/2/2230 2747/2/2230 2240/2/2230 2104/2/2230
f 2092/2/2231 2228/2/2231 2231/2/2231 2073/2/2231
f 2104/2/2232 2240/2/2232 2236/2/2232 2082/2/2232
f 2097/2/2233 2230/2/2233 2238/2/2233 2071/2/2233
f 2046/2/2234 2767/2/2234 2769/2/2234 2059/2/2234
f 2082/2/2235 2236/2/2235 2215/2/2235 2060/2/2235
f 2060/2/2236 2215/2/2236 2229/2/2236 2072/2/2236
f 2071/2/2237 2238/2/2237 2242/2/2237 2074/2/2237
f 2173/2/2238 2209/2/2238 2210/2/2238 2174/2/2238
f 2174/2/2239 2210/2/2239 2203/2/2239 2171/2/2239
f 2176/2/2240 2207/2/2240 2208/2/2240 2175/2/2240
f 2172/2/2241 2204/2/2241 2205/2/2241 2170/2/2241
f 2175/2/2242 2208/2/2242 2209/2/2242 2173/2/2242
f 2177/2/2243 2206/2/2243 2207/2/2243 2176/2/2243
f 2170/2/2244 2205/2/2244 2206/2/2244 2177/2/2244
f 2171/2/2245 2203/2/2245 2204/2/2245 2172/2/2245
f 2155/2/2246 2158/2/2246 2173/2/2246 2174/2/2246
f 2158/2/2247 2157/2/2247 2175/2/2247 2173/2/2247
f 2157/2/2248 2159/2/2248 2176/2/2248 2175/2/2248
f 2159/2/2249 2160/2/2249 2177/2/2249 2176/2/2249
f 2160/2/2250 2161/2/2250 2170/2/2250 2177/2/2250
f 2161/2/2251 2154/2/2251 2172/2/2251 2170/2/2251
f 2154/2/2252 2156/2/2252 2171/2/2252 2172/2/2252
f 2156/2/2253 2155/2/2253 2174/2/2253 2171/2/2253
f 2251/2/2286 2252/2/2286 2255/2/2286
f 2252/2/2287 2248/2/2287 2256/2/2287 2255/2/2287
f 2756/2/2288 2251/2/2288 2255/2/2289 2759/2/2290
f 2248/2/2291 2249/2/2291 2257/2/2291 2256/2/2291
f 2255/2/2289 2256/2/2292 2760/2/2292 2759/2/2290
f 2256/2/2293 2257/2/2293 2761/2/2293 2760/2/2293
f 2249/2/2294 2250/2/2294 2258/2/2294 2257/2/2294
f 2257/2/2295 2258/2/2296 2762/2/2297 2761/2/2295
f 2250/2/2298 2234/2/2298 2254/2/2298 2258/2/2298
f 2258/2/2296 2254/2/2299 2758/2/2300 2762/2/2297
f 2234/2/2301 2233/2/2301 2253/2/2301 2254/2/2301
f 2254/2/2299 2253/2/2302 2757/2/2302 2758/2/2300
f 2062/2/2821 2719/2/2821 2727/2/2821 2153/2/2821
f 2084/2/2822 2720/2/2822 2726/2/2822 2102/2/2822
f 2039/2/2823 2717/2/2823 2725/2/2823 2101/2/2823
f 2052/2/2824 2717/2/2824 2724/2/2824 2100/2/2824
f 2038/2/2825 2718/2/2825 2723/2/2825 2095/2/2825
f 2041/2/2826 2714/2/2826 2722/2/2826 2090/2/2826
f 2101/2/2827 2725/2/2102 2721/2/2104 2085/2/2827
f 2037/2/2828 2716/2/2828 2720/2/2828 2084/2/2828
f 2063/2/2829 2719/2/2829 2715/2/2829 2050/2/2829
f 2095/2/2830 2723/2/2830 2714/2/2830 2041/2/2830
f 2102/2/2831 2726/2/2831 2715/2/2831 2040/2/2831
f 2085/2/2832 2721/2/2832 2718/2/2832 2038/2/2832
f 2090/2/2833 2722/2/2833 2716/2/2833 2037/2/2833
f 2042/2/2834 2100/2/2834 2724/2/2834 2727/2/2834
f 2769/2/2835 2778/2/2835 2779/2/2835 2770/2/2835
f 2768/2/2836 2777/2/2836 2775/2/2836 2766/2/2836
f 2771/2/2215 2780/2/2837 2777/2/2838 2768/2/2216
f 2772/2/2839 2783/2/2839 2780/2/2839 2771/2/2839
f 2766/2/2840 2775/2/2840 2776/2/2840 2767/2/2840
f 2767/2/2841 2776/2/2841 2778/2/2841 2769/2/2841
f 2770/2/2842 2779/2/2842 2773/2/2842 2764/2/2842
f 2778/2/2845 2786/2/2845 2785/2/2845 2779/2/2845
f 2775/2/2846 2777/2/2846 2784/2/2846
f 2786/2/2847 2778/2/2847 2776/2/2847
f 2786/2/2848 2784/2/2848 2781/2/2849 2785/2/2850
f 2785/2/2850 2781/2/2849 2782/2/2851 2787/2/2852
f 2784/2/2853 2786/2/2853 2776/2/2853 2775/2/2853
f 2784/2/2854 2777/2/2838 2780/2/2837 2781/2/2854
f 2779/2/2855 2785/2/2855 2787/2/2855 2773/2/2855
f 2781/2/2849 2780/2/2856 2783/2/2856 2782/2/2851
usemtl Skin
f 1689/2/1521 1619/2/1521 1559/2/1521 1668/2/1521
f 1666/2/1522 1567/2/1522 1630/2/1522 1664/2/1522
f 1940/2/1523 1920/2/1523 1931/2/1523 1947/2/1523
f 1658/2/1524 1655/2/1524 1589/2/1524 1628/2/1524
f 1568/2/1525 1572/2/1525 1591/2/1525 1595/2/1525
f 1959/2/1526 1917/2/1526 1928/2/1526 1967/2/1526
f 1554/2/1527 1555/2/1528 1561/2/1528 1670/2/1529
f 1688/2/1530 1622/2/1530 1567/2/1530 1671/2/1530
f 1574/2/1531 1654/2/1531 1597/2/1531 1594/2/1531
f 1670/2/1532 1561/2/1532 1564/2/1532 1672/2/1532
f 1666/2/1533 1665/2/1533 1563/2/1533 1567/2/1533
f 1665/2/1534 1588/2/1534 1553/2/1534 1563/2/1534
f 1642/2/1535 1695/2/1535 1647/2/1535 1645/2/1535
f 1639/2/1536 1635/2/1536 1556/2/1536 1620/2/1536
f 1961/2/1537 1952/2/1537 1576/2/1537 1916/2/1537
f 1578/2/1538 1579/2/1538 1576/2/1538 1952/2/1538
f 1581/2/1539 1580/2/1539 1953/2/1539 1577/2/1539
f 1671/2/1540 1567/2/1540 1923/2/1540 1943/2/1540
f 1926/2/1541 1944/2/1541 1949/2/1541 1937/2/1541
f 1552/2/1542 1562/2/1542 1580/2/1542 1581/2/1542
f 1563/2/1543 1553/2/1543 1579/2/1543 1578/2/1543
f 1944/2/1544 1922/2/1544 1935/2/1544 1949/2/1544
f 1567/2/1545 1563/2/1545 1578/2/1545 1923/2/1545
f 1687/2/1546 1615/2/1546 1584/2/1546 1675/2/1546
f 1565/2/1547 1671/2/1547 1943/2/1547 1925/2/1547
f 1953/2/1548 1962/2/1548 1919/2/1548 1577/2/1548
f 1917/2/1549 1940/2/1549 1947/2/1549 1928/2/1549
f 1958/2/1550 1954/2/1550 1582/2/1550 1674/2/1550
f 1957/2/1551 1617/2/1551 1582/2/1551 1954/2/1551
f 1956/2/1552 1616/2/1552 1585/2/1552 1955/2/1552
f 1686/2/1553 1618/2/1553 1583/2/1553 1674/2/1553
f 1641/2/1554 1593/2/1554 1594/2/1554 1597/2/1554
f 1653/2/1555 1642/2/1555 1590/2/1555 1626/2/1555
f 1595/2/1556 1596/2/1556 1633/2/1556 1632/2/1556
f 1592/2/1557 1596/2/1557 1595/2/1557 1591/2/1557
f 1652/2/1558 1641/2/1559 1597/2/1560 1628/2/1560
f 1574/2/1561 1661/2/1561 1569/2/1561
f 1564/2/1562 1568/2/1562 1631/2/1562 1629/2/1562
f 1564/2/1563 1561/2/1563 1572/2/1563 1568/2/1563
f 1662/2/1564 1660/2/1564 1571/2/1564 1624/2/1564
f 1561/2/1565 1555/2/1565 1573/2/1565 1572/2/1565
f 1581/2/1566 1577/2/1566 1673/2/1566
f 1977/2/1567 1980/2/1567 1728/2/1567 1742/2/1567
f 1791/2/1568 1611/2/1568 1609/2/1568 1792/2/1568
f 1733/2/1569 1752/2/1570 1638/2/1571 1601/2/1571
f 1974/2/1572 1976/2/1572 1721/2/1572 1755/2/1572
f 1690/2/1573 1638/2/1573 1599/2/1573 1676/2/1573
f 1736/2/1574 1764/2/1574 1677/2/1574 1602/2/1574
f 1739/2/1575 1749/2/1575 1637/2/1575 1600/2/1575
f 1730/2/1576 1761/2/1576 1676/2/1576 1599/2/1576
f 1988/2/1577 1986/2/1577 1793/2/1577 1604/2/1577
f 1983/2/1578 1981/2/1578 1614/2/1578 1782/2/1578
f 1693/2/1579 1627/2/1579 1652/2/1579 1643/2/1579
f 1981/2/1580 1982/2/1580 1791/2/1580 1614/2/1580
f 1682/2/1581 1678/2/1581 1680/2/1581 1685/2/1581
f 1785/2/1582 1772/2/1582 1683/2/1582 1682/2/1582
f 1788/2/1583 1766/2/1583 1691/2/1583 1681/2/1583
f 1683/2/1584 1679/2/1584 1678/2/1584 1682/2/1584
f 1984/2/1585 1985/2/1585 1778/2/1585 1611/2/1585
f 1800/2/1586 1769/2/1586 1684/2/1586 1679/2/1586
f 1986/2/1587 1987/2/1587 1607/2/1587 1793/2/1587
f 1970/2/1588 1938/2/1588 1616/2/1588 1956/2/1588
f 1950/2/1589 1934/2/1589 1615/2/1589 1687/2/1589
f 1929/2/1590 1946/2/1590 1686/2/1590 1617/2/1590
f 1938/2/1591 1950/2/1591 1687/2/1591 1616/2/1591
f 1661/2/1592 1662/2/1592 1624/2/1592 1569/2/1592
f 1659/2/1593 1663/2/1593 1623/2/1593 1570/2/1593
f 1643/2/1594 1652/2/1594 1628/2/1594 1589/2/1594
f 1568/2/1595 1595/2/1595 1632/2/1595 1667/2/1595
f 1634/2/1596 1639/2/1596 1620/2/1596 1565/2/1596
f 1656/2/1597 1657/2/1597 1626/2/1597 1590/2/1597
f 1669/2/1598 1557/2/1598 1622/2/1598 1688/2/1598
f 1654/2/1599 1658/2/1599 1628/2/1599 1597/2/1599
f 1636/2/1600 1640/2/1600 1622/2/1600 1557/2/1600
f 1672/2/1601 1564/2/1601 1619/2/1601 1689/2/1601
f 1575/2/1602 1574/2/1602 1594/2/1602 1587/2/1602
f 1593/2/1603 1586/2/1603 1587/2/1603 1594/2/1603
f 1554/2/1604 1560/2/1604 1574/2/1604 1575/2/1604
f 1979/2/1605 1975/2/1605 1746/2/1605 1725/2/1605
f 1598/2/1606 1627/2/1606 1639/2/1606 1634/2/1606
f 1761/2/1607 1739/2/1607 1600/2/1607 1676/2/1607
f 1677/2/1608 1601/2/1608 1638/2/1608 1690/2/1608
f 1978/2/1609 1979/2/1609 1725/2/1609 1757/2/1609
f 1764/2/1610 1733/2/1610 1601/2/1610 1677/2/1610
f 1976/2/1611 1977/2/1611 1742/2/1611 1721/2/1611
f 1625/2/1612 1695/2/1612 1642/2/1612 1653/2/1612
f 1627/2/1613 1693/2/1613 1635/2/1613 1639/2/1613
f 1679/2/1614 1684/2/1614 1681/2/1614 1678/2/1614
f 1797/2/1615 1775/2/1615 1685/2/1615 1680/2/1615
f 1987/2/1616 1983/2/1616 1782/2/1616 1607/2/1616
f 1627/2/1617 1598/2/1617 1641/2/1559 1652/2/1558
f 1766/2/1618 1797/2/1618 1680/2/1618 1691/2/1618
f 1598/2/1619 1593/2/1619 1641/2/1619
f 1569/2/1620 1624/2/1620 1658/2/1620 1654/2/1620
f 1570/2/1621 1623/2/1621 1657/2/1621 1656/2/1621
f 1574/2/1622 1569/2/1622 1654/2/1622
f 1624/2/1623 1571/2/1623 1655/2/1623 1658/2/1623
f 1559/2/1624 1619/2/1624 1663/2/1624 1659/2/1624
f 1566/2/1625 1621/2/1625 1662/2/1625 1661/2/1625
f 1621/2/1626 1558/2/1626 1660/2/1626 1662/2/1626
f 1560/2/1627 1566/2/1627 1661/2/1627 1574/2/1627
f 1567/2/1628 1622/2/1628 1640/2/1628 1630/2/1628
f 1619/2/1629 1564/2/1629 1629/2/1629 1663/2/1629
f 1596/2/1630 1592/2/1630 1665/2/1630 1666/2/1630
f 1596/2/1631 1666/2/1631 1664/2/1631 1633/2/1631
f 1568/2/1632 1667/2/1632 1631/2/1632
f 1630/2/1633 1640/2/1633 1625/2/1633 1664/2/1633
f 1625/2/1634 1653/2/1634 1633/2/1634 1664/2/1634
f 1632/2/1635 1633/2/1635 1653/2/1635 1626/2/1635
f 1631/2/1636 1623/2/1636 1663/2/1636 1629/2/1636
f 1657/2/1637 1623/2/1637 1631/2/1637 1667/2/1637
f 1626/2/1638 1657/2/1638 1667/2/1638 1632/2/1638
f 1602/2/1639 1677/2/1639 1690/2/1639 1637/2/1639
f 1566/2/1640 1672/2/1640 1689/2/1640 1621/2/1640
f 1556/2/1641 1669/2/1641 1688/2/1641 1620/2/1641
f 1946/2/1642 1932/2/1642 1618/2/1642 1686/2/1642
f 1775/2/1643 1785/2/1643 1682/2/1643 1685/2/1643
f 1772/2/1644 1800/2/1644 1679/2/1644 1683/2/1644
f 1678/2/1645 1681/2/1645 1691/2/1645 1680/2/1645
f 1982/2/1646 1984/2/1646 1611/2/1646 1791/2/1646
f 1769/2/1647 1788/2/1648 1681/2/1649 1684/2/1649
f 1695/2/1650 1625/2/1650 1640/2/1650 1636/2/1650
f 1752/2/1651 1730/2/1651 1599/2/1651 1638/2/1651
f 1749/2/1652 1736/2/1652 1602/2/1652 1637/2/1652
f 1637/2/1653 1690/2/1653 1676/2/1653 1600/2/1653
f 1973/2/1654 1974/2/1654 1755/2/1654 1718/2/1654
f 1975/2/1655 1973/2/1655 1718/2/1655 1746/2/1655
f 1579/2/1656 1581/2/1656 1673/2/1656 1576/2/1656
f 1617/2/1657 1686/2/1657 1674/2/1657 1582/2/1657
f 1955/2/1658 1958/2/1658 1674/2/1658 1583/2/1658
f 1919/2/1659 1941/2/1659 1673/2/1659 1577/2/1659
f 1965/2/1660 1929/2/1660 1617/2/1660 1957/2/1660
f 1616/2/1661 1687/2/1661 1675/2/1661 1585/2/1661
f 1562/2/1662 1565/2/1662 1925/2/1662 1580/2/1662
f 1553/2/1663 1552/2/1663 1581/2/1663 1579/2/1663
f 1964/2/1664 1926/2/1664 1937/2/1664 1968/2/1664
f 1635/2/1665 1693/2/1665 1692/2/1665 1699/2/1665
f 1560/2/1666 1670/2/1666 1672/2/1666 1566/2/1666
f 1620/2/1667 1688/2/1667 1671/2/1667 1565/2/1667
f 1554/2/1527 1670/2/1529 1560/2/1668
f 1621/2/1669 1689/2/1669 1668/2/1669 1558/2/1669
f 1586/2/1670 1593/2/1670 1562/2/1670 1552/2/1670
f 1648/2/1671 1692/2/1671 1693/2/1671
f 1694/2/1672 1647/2/1672 1695/2/1672
f 1694/2/1673 1696/2/1673 1644/2/1673 1647/2/1673
f 1648/2/1674 1693/2/1674 1643/2/1674 1646/2/1674
f 1696/2/1675 1692/2/1675 1648/2/1675 1644/2/1675
f 1557/2/1676 1669/2/1676 1701/2/1676 1698/2/1676
f 1556/2/1677 1635/2/1677 1699/2/1677 1697/2/1677
f 1636/2/1678 1557/2/1678 1698/2/1678 1700/2/1678
f 1669/2/1679 1556/2/1679 1697/2/1679 1701/2/1679
f 1700/2/1680 1694/2/1680 1695/2/1680 1636/2/1680
f 1980/2/1681 1978/2/1681 1757/2/1681 1728/2/1681
f 1590/2/1682 1642/2/1682 1645/2/1682 1650/2/1682
f 1643/2/1683 1589/2/1683 1651/2/1683 1646/2/1683
f 1571/2/1684 1705/2/1684 1707/2/1684 1655/2/1684
f 1590/2/1685 1703/2/1685 1706/2/1685 1656/2/1685
f 1656/2/1686 1706/2/1686 1704/2/1686 1570/2/1686
f 1655/2/1687 1707/2/1687 1702/2/1687 1589/2/1687
f 1559/2/1688 1712/2/1688 1717/2/1688 1668/2/1688
f 1558/2/1689 1710/2/1689 1715/2/1689 1660/2/1689
f 1570/2/1690 1713/2/1690 1714/2/1690 1659/2/1690
f 1659/2/1691 1714/2/1691 1712/2/1691 1559/2/1691
f 1668/2/1692 1717/2/1692 1710/2/1692 1558/2/1692
f 1660/2/1693 1715/2/1693 1711/2/1693 1571/2/1693
f 1651/2/1694 1702/2/1694 1708/2/1694 1649/2/1694
f 1649/2/1695 1708/2/1695 1703/2/1695 1650/2/1695
f 1705/2/1696 1711/2/1696 1716/2/1696 1709/2/1696
f 1709/2/1697 1716/2/1697 1713/2/1697 1704/2/1697
f 1570/2/1698 1704/2/1698 1713/2/1698
f 1590/2/1699 1650/2/1699 1703/2/1699
f 1589/2/1700 1702/2/1700 1651/2/1700
f 1711/2/1701 1705/2/1701 1571/2/1701
f 1985/2/1702 1988/2/1702 1604/2/1702 1778/2/1702
f 1755/2/1703 1721/2/1703 1723/2/1704 1756/2/1705
f 1756/2/1705 1723/2/1704 1722/2/1706 1754/2/1706
f 1758/2/1707 1727/2/1707 1729/2/1707 1759/2/1707
f 1759/2/1708 1729/2/1708 1728/2/1708 1757/2/1708
f 1743/2/1709 1722/2/1709 1723/2/1709 1744/2/1709
f 1744/2/1710 1723/2/1710 1721/2/1710 1742/2/1710
f 1746/2/1711 1718/2/1711 1720/2/1712 1747/2/1713
f 1747/2/1713 1720/2/1712 1719/2/1714 1745/2/1714
f 1722/2/1715 1740/2/1715 1760/2/1715 1754/2/1715
f 1737/2/1716 1727/2/1716 1758/2/1716 1763/2/1716
f 1722/2/1717 1743/2/1717 1748/2/1717 1740/2/1717
f 1745/2/1718 1719/2/1718 1731/2/1718 1751/2/1718
f 1761/2/1719 1730/2/1719 1732/2/1719 1762/2/1719
f 1762/2/1720 1732/2/1720 1731/2/1720 1760/2/1720
f 1749/2/1721 1739/2/1721 1741/2/1721 1750/2/1721
f 1750/2/1722 1741/2/1722 1740/2/1722 1748/2/1722
f 1764/2/1723 1736/2/1723 1738/2/1723 1765/2/1723
f 1765/2/1724 1738/2/1724 1737/2/1724 1763/2/1724
f 1752/2/1570 1733/2/1569 1735/2/1725 1753/2/1725
f 1753/2/1726 1735/2/1726 1734/2/1726 1751/2/1726
f 1727/2/1727 1743/2/1727 1744/2/1727 1729/2/1727
f 1729/2/1728 1744/2/1728 1742/2/1728 1728/2/1728
f 1725/2/1729 1746/2/1729 1747/2/1730 1726/2/1731
f 1726/2/1731 1747/2/1730 1745/2/1732 1724/2/1732
f 1743/2/1733 1727/2/1733 1737/2/1734 1748/2/1735
f 1751/2/1736 1734/2/1736 1724/2/1736 1745/2/1736
f 1736/2/1737 1749/2/1737 1750/2/1737 1738/2/1737
f 1738/2/1738 1750/2/1738 1748/2/1735 1737/2/1734
f 1730/2/1739 1752/2/1739 1753/2/1739 1732/2/1739
f 1732/2/1740 1753/2/1740 1751/2/1740 1731/2/1740
f 1718/2/1741 1755/2/1741 1756/2/1742 1720/2/1743
f 1720/2/1743 1756/2/1742 1754/2/1744 1719/2/1745
f 1724/2/1746 1758/2/1746 1759/2/1746 1726/2/1746
f 1726/2/1747 1759/2/1747 1757/2/1747 1725/2/1747
f 1760/2/1748 1731/2/1748 1719/2/1745 1754/2/1744
f 1758/2/1749 1724/2/1749 1734/2/1750 1763/2/1751
f 1739/2/1752 1761/2/1752 1762/2/1752 1741/2/1752
f 1741/2/1753 1762/2/1753 1760/2/1753 1740/2/1753
f 1733/2/1754 1764/2/1754 1765/2/1754 1735/2/1754
f 1735/2/1755 1765/2/1755 1763/2/1751 1734/2/1750
f 1792/2/1756 1609/2/1756 1610/2/1756 1790/2/1756
f 1794/2/1757 1605/2/1757 1603/2/1757 1795/2/1757
f 1795/2/1758 1603/2/1758 1604/2/1758 1793/2/1758
f 1779/2/1759 1610/2/1759 1609/2/1759 1780/2/1759
f 1780/2/1760 1609/2/1760 1611/2/1760 1778/2/1760
f 1782/2/1761 1614/2/1761 1612/2/1761 1783/2/1761
f 1783/2/1762 1612/2/1762 1613/2/1762 1781/2/1762
f 1610/2/1763 1776/2/1763 1796/2/1763 1790/2/1763
f 1773/2/1764 1605/2/1764 1794/2/1764 1799/2/1764
f 1610/2/1765 1779/2/1765 1784/2/1765 1776/2/1765
f 1781/2/1766 1613/2/1766 1767/2/1766 1787/2/1766
f 1797/2/1767 1766/2/1767 1768/2/1767 1798/2/1767
f 1798/2/1768 1768/2/1768 1767/2/1768 1796/2/1768
f 1785/2/1769 1775/2/1769 1777/2/1769 1786/2/1769
f 1786/2/1770 1777/2/1770 1776/2/1770 1784/2/1770
f 1800/2/1771 1772/2/1771 1774/2/1771 1801/2/1771
f 1801/2/1772 1774/2/1772 1773/2/1772 1799/2/1772
f 1788/2/1648 1769/2/1647 1771/2/1773 1789/2/1773
f 1789/2/1774 1771/2/1774 1770/2/1774 1787/2/1774
f 1605/2/1775 1779/2/1776 1780/2/1777 1603/2/1777
f 1603/2/1778 1780/2/1778 1778/2/1778 1604/2/1778
f 1607/2/1779 1782/2/1779 1783/2/1779 1606/2/1779
f 1606/2/1780 1783/2/1780 1781/2/1780 1608/2/1780
f 1779/2/1776 1605/2/1775 1773/2/1781 1784/2/1781
f 1787/2/1782 1770/2/1782 1608/2/1782 1781/2/1782
f 1772/2/1783 1785/2/1783 1786/2/1783 1774/2/1783
f 1774/2/1784 1786/2/1784 1784/2/1781 1773/2/1781
f 1766/2/1785 1788/2/1785 1789/2/1785 1768/2/1785
f 1768/2/1786 1789/2/1786 1787/2/1786 1767/2/1786
f 1614/2/1787 1791/2/1787 1792/2/1787 1612/2/1787
f 1612/2/1788 1792/2/1788 1790/2/1789 1613/2/1790
f 1608/2/1791 1794/2/1791 1795/2/1791 1606/2/1791
f 1606/2/1792 1795/2/1792 1793/2/1792 1607/2/1792
f 1796/2/1793 1767/2/1793 1613/2/1790 1790/2/1789
f 1794/2/1794 1608/2/1794 1770/2/1794 1799/2/1794
f 1775/2/1795 1797/2/1795 1798/2/1795 1777/2/1795
f 1777/2/1796 1798/2/1796 1796/2/1796 1776/2/1796
f 1769/2/1797 1800/2/1797 1801/2/1797 1771/2/1797
f 1771/2/1798 1801/2/1798 1799/2/1798 1770/2/1798
f 2002/2/1799 1835/2/1799 1821/2/1799 2001/2/1799
f 1826/2/1800 1804/2/1801 1807/2/1801 1845/2/1800
f 2003/2/1802 1848/2/1802 1814/2/1802 2000/2/1802
f 1810/2/1803 1808/2/1803 1802/2/1803 1807/2/1803
f 1829/2/1804 1805/2/1804 1809/2/1804 1857/2/1804
f 1832/2/1805 1803/2/1805 1806/2/1805 1842/2/1805
f 1823/2/1806 1802/2/1806 1808/2/1806 1854/2/1806
f 1999/2/1807 1818/2/1807 1839/2/1807 1997/2/1807
f 1854/2/1808 1808/2/1808 1803/2/1808 1832/2/1808
f 1809/2/1809 1810/2/1809 1807/2/1809 1804/2/1809
f 1998/2/1810 1850/2/1810 1818/2/1810 1999/2/1810
f 1857/2/1811 1809/2/1811 1804/2/1811 1826/2/1811
f 2000/2/1812 1814/2/1812 1835/2/1812 2002/2/1812
f 1805/2/1813 1806/2/1813 1810/2/1813 1809/2/1813
f 1845/2/1814 1807/2/1815 1802/2/1815 1823/2/1816
f 1842/2/1817 1806/2/1817 1805/2/1817 1829/2/1817
f 1806/2/1818 1803/2/1818 1808/2/1818 1810/2/1818
f 2004/2/1819 1811/2/1819 1848/2/1819 2003/2/1819
f 1997/2/1820 1839/2/1820 1811/2/1820 2004/2/1820
f 2001/2/1821 1821/2/1821 1850/2/1821 1998/2/1821
f 1848/2/1822 1849/2/1822 1816/2/1822 1814/2/1822
f 1849/2/1823 1847/2/1823 1815/2/1823 1816/2/1823
f 1851/2/1824 1852/2/1824 1822/2/1824 1820/2/1824
f 1852/2/1825 1850/2/1825 1821/2/1825 1822/2/1825
f 1836/2/1826 1837/2/1826 1816/2/1826 1815/2/1826
f 1837/2/1827 1835/2/1827 1814/2/1827 1816/2/1827
f 1839/2/1828 1840/2/1828 1813/2/1828 1811/2/1828
f 1840/2/1829 1838/2/1829 1812/2/1829 1813/2/1829
f 1853/2/1830 1833/2/1830 1815/2/1830 1847/2/1830
f 1851/2/1831 1820/2/1831 1830/2/1831 1856/2/1831
f 1836/2/1832 1815/2/1832 1833/2/1832 1841/2/1832
f 1838/2/1833 1844/2/1833 1824/2/1833 1812/2/1833
f 1854/2/1834 1855/2/1834 1825/2/1834 1823/2/1834
f 1855/2/1835 1853/2/1835 1824/2/1835 1825/2/1835
f 1842/2/1836 1843/2/1836 1834/2/1836 1832/2/1836
f 1843/2/1837 1841/2/1837 1833/2/1837 1834/2/1837
f 1857/2/1838 1858/2/1838 1831/2/1838 1829/2/1838
f 1858/2/1839 1856/2/1839 1830/2/1839 1831/2/1839
f 1845/2/1800 1846/2/1840 1828/2/1840 1826/2/1800
f 1846/2/1841 1844/2/1841 1827/2/1841 1828/2/1841
f 1820/2/1842 1822/2/1842 1837/2/1842 1836/2/1842
f 1822/2/1843 1821/2/1843 1835/2/1843 1837/2/1843
f 1818/2/1844 1819/2/1844 1840/2/1844 1839/2/1844
f 1819/2/1845 1817/2/1845 1838/2/1845 1840/2/1845
f 1830/2/1846 1820/2/1847 1836/2/1847 1841/2/1848
f 1827/2/1849 1844/2/1849 1838/2/1849 1817/2/1849
f 1829/2/1850 1831/2/1850 1843/2/1850 1842/2/1850
f 1831/2/1851 1830/2/1846 1841/2/1848 1843/2/1851
f 1823/2/1816 1825/2/1852 1846/2/1852 1845/2/1814
f 1825/2/1853 1824/2/1853 1844/2/1853 1846/2/1853
f 1811/2/1854 1813/2/1854 1849/2/1854 1848/2/1854
f 1813/2/1855 1812/2/1855 1847/2/1855 1849/2/1855
f 1817/2/1856 1819/2/1856 1852/2/1856 1851/2/1856
f 1819/2/1857 1818/2/1857 1850/2/1857 1852/2/1857
f 1812/2/1858 1824/2/1858 1853/2/1858 1847/2/1858
f 1827/2/1859 1817/2/1859 1851/2/1859 1856/2/1859
f 1832/2/1860 1834/2/1860 1855/2/1860 1854/2/1860
f 1834/2/1861 1833/2/1861 1853/2/1861 1855/2/1861
f 1826/2/1862 1828/2/1862 1858/2/1862 1857/2/1862
f 1828/2/1863 1827/2/1863 1856/2/1863 1858/2/1863
f 1905/2/1864 1867/2/1864 1865/2/1864 1906/2/1864
f 1993/2/1865 1992/2/1865 1907/2/1865 1860/2/1865
f 1991/2/1866 1989/2/1866 1870/2/1866 1896/2/1866
f 1989/2/1867 1996/2/1867 1905/2/1867 1870/2/1867
f 1875/2/1868 1871/2/1868 1873/2/1868 1878/2/1868
f 1899/2/1869 1886/2/1869 1876/2/1869 1875/2/1869
f 1902/2/1870 1880/2/1870 1879/2/1870 1874/2/1870
f 1876/2/1871 1872/2/1871 1871/2/1871 1875/2/1871
f 1994/2/1872 1995/2/1872 1892/2/1872 1867/2/1872
f 1914/2/1873 1883/2/1873 1877/2/1873 1872/2/1873
f 1992/2/1874 1990/2/1874 1863/2/1874 1907/2/1874
f 1872/2/1875 1877/2/1875 1874/2/1875 1871/2/1875
f 1911/2/1876 1889/2/1876 1878/2/1876 1873/2/1876
f 1990/2/1877 1991/2/1877 1896/2/1877 1863/2/1877
f 1880/2/1878 1911/2/1878 1873/2/1878 1879/2/1878
f 1889/2/1879 1899/2/1879 1875/2/1879 1878/2/1879
f 1886/2/1880 1914/2/1880 1872/2/1880 1876/2/1880
f 1871/2/1881 1874/2/1881 1879/2/1881 1873/2/1881
f 1996/2/1882 1994/2/1883 1867/2/1884 1905/2/1884
f 1883/2/1885 1902/2/1885 1874/2/1885 1877/2/1885
f 1995/2/1886 1993/2/1886 1860/2/1886 1892/2/1886
f 1906/2/1887 1865/2/1887 1866/2/1887 1904/2/1887
f 1908/2/1888 1861/2/1888 1859/2/1888 1909/2/1888
f 1909/2/1889 1859/2/1889 1860/2/1889 1907/2/1889
f 1893/2/1890 1866/2/1890 1865/2/1890 1894/2/1890
f 1894/2/1891 1865/2/1891 1867/2/1891 1892/2/1891
f 1896/2/1892 1870/2/1892 1868/2/1892 1897/2/1892
f 1897/2/1893 1868/2/1893 1869/2/1894 1895/2/1895
f 1866/2/1896 1890/2/1896 1910/2/1896 1904/2/1896
f 1887/2/1897 1861/2/1897 1908/2/1897 1913/2/1897
f 1866/2/1898 1893/2/1898 1898/2/1898 1890/2/1898
f 1895/2/1895 1869/2/1894 1881/2/1899 1901/2/1899
f 1911/2/1900 1880/2/1900 1882/2/1901 1912/2/1902
f 1912/2/1902 1882/2/1901 1881/2/1903 1910/2/1903
f 1899/2/1904 1889/2/1904 1891/2/1904 1900/2/1904
f 1900/2/1905 1891/2/1905 1890/2/1905 1898/2/1905
f 1914/2/1906 1886/2/1906 1888/2/1906 1915/2/1906
f 1915/2/1907 1888/2/1907 1887/2/1907 1913/2/1907
f 1902/2/1908 1883/2/1908 1885/2/1908 1903/2/1908
f 1903/2/1909 1885/2/1909 1884/2/1909 1901/2/1909
f 1861/2/1910 1893/2/1910 1894/2/1910 1859/2/1910
f 1859/2/1911 1894/2/1911 1892/2/1911 1860/2/1911
f 1863/2/1912 1896/2/1912 1897/2/1912 1862/2/1912
f 1862/2/1913 1897/2/1913 1895/2/1914 1864/2/1915
f 1893/2/1916 1861/2/1916 1887/2/1917 1898/2/1917
f 1901/2/1918 1884/2/1918 1864/2/1915 1895/2/1914
f 1886/2/1919 1899/2/1919 1900/2/1919 1888/2/1919
f 1888/2/1920 1900/2/1920 1898/2/1917 1887/2/1917
f 1880/2/1921 1902/2/1921 1903/2/1921 1882/2/1921
f 1882/2/1922 1903/2/1922 1901/2/1922 1881/2/1922
f 1870/2/1923 1905/2/1923 1906/2/1923 1868/2/1923
f 1868/2/1924 1906/2/1924 1904/2/1924 1869/2/1924
f 1864/2/1925 1908/2/1925 1909/2/1925 1862/2/1925
f 1862/2/1926 1909/2/1926 1907/2/1926 1863/2/1926
f 1910/2/1927 1881/2/1927 1869/2/1927 1904/2/1927
f 1908/2/1928 1864/2/1928 1884/2/1928 1913/2/1928
f 1889/2/1929 1911/2/1929 1912/2/1929 1891/2/1929
f 1891/2/1930 1912/2/1930 1910/2/1930 1890/2/1930
f 1883/2/1931 1914/2/1931 1915/2/1931 1885/2/1931
f 1885/2/1932 1915/2/1932 1913/2/1932 1884/2/1932
f 1941/2/1933 1919/2/1933 1921/2/1933 1942/2/1933
f 1942/2/1934 1921/2/1934 1920/2/1934 1940/2/1934
f 1959/2/1935 1922/2/1935 1924/2/1935 1960/2/1935
f 1960/2/1936 1924/2/1936 1923/2/1936 1961/2/1936
f 1962/2/1937 1925/2/1937 1927/2/1937 1963/2/1937
f 1963/2/1938 1927/2/1938 1926/2/1938 1964/2/1938
f 1944/2/1939 1926/2/1939 1927/2/1939 1945/2/1939
f 1945/2/1940 1927/2/1940 1925/2/1940 1943/2/1940
f 1947/2/1941 1931/2/1941 1933/2/1941 1948/2/1941
f 1948/2/1942 1933/2/1942 1932/2/1942 1946/2/1942
f 1965/2/1943 1934/2/1943 1936/2/1943 1966/2/1943
f 1966/2/1944 1936/2/1944 1935/2/1944 1967/2/1944
f 1968/2/1945 1937/2/1945 1939/2/1945 1969/2/1945
f 1969/2/1946 1939/2/1946 1938/2/1946 1970/2/1946
f 1950/2/1947 1938/2/1947 1939/2/1947 1951/2/1947
f 1951/2/1948 1939/2/1948 1937/2/1948 1949/2/1948
f 1916/2/1949 1941/2/1949 1942/2/1949 1918/2/1949
f 1918/2/1950 1942/2/1950 1940/2/1950 1917/2/1950
f 1922/2/1951 1944/2/1951 1945/2/1951 1924/2/1951
f 1924/2/1952 1945/2/1952 1943/2/1952 1923/2/1952
f 1928/2/1953 1947/2/1953 1948/2/1953 1930/2/1953
f 1930/2/1954 1948/2/1954 1946/2/1954 1929/2/1954
f 1934/2/1955 1950/2/1955 1951/2/1955 1936/2/1955
f 1936/2/1956 1951/2/1956 1949/2/1956 1935/2/1956
f 1941/2/1957 1916/2/1957 1576/2/1957 1673/2/1957
f 1933/2/1958 1969/2/1958 1970/2/1958 1932/2/1958
f 1931/2/1959 1968/2/1959 1969/2/1959 1933/2/1959
f 1930/2/1960 1966/2/1960 1967/2/1960 1928/2/1960
f 1929/2/1961 1965/2/1961 1966/2/1961 1930/2/1961
f 1921/2/1962 1963/2/1962 1964/2/1962 1920/2/1962
f 1919/2/1963 1962/2/1963 1963/2/1963 1921/2/1963
f 1918/2/1964 1960/2/1964 1961/2/1964 1916/2/1964
f 1917/2/1965 1959/2/1965 1960/2/1965 1918/2/1965
f 1920/2/1966 1964/2/1966 1968/2/1966 1931/2/1966
f 1934/2/1967 1965/2/1967 1957/2/1967 1615/2/1967
f 1585/2/1968 1675/2/1968 1958/2/1968 1955/2/1968
f 1932/2/1969 1970/2/1969 1956/2/1969 1618/2/1969
f 1618/2/1970 1956/2/1970 1955/2/1970 1583/2/1970
f 1615/2/1971 1957/2/1971 1954/2/1971 1584/2/1971
f 1675/2/1972 1584/2/1972 1954/2/1972 1958/2/1972
f 1580/2/1973 1925/2/1973 1962/2/1973 1953/2/1973
f 1923/2/1974 1578/2/1974 1952/2/1974 1961/2/1974
f 1922/2/1975 1959/2/1975 1967/2/1975 1935/2/1975
f 1634/2/1976 1562/2/1976 1593/2/1976 1598/2/1976
f 1562/2/1977 1634/2/1977 1565/2/1977
f 1665/2/1978 1592/2/1978 1971/2/1978 1588/2/1978
f 1591/2/1979 1572/2/1979 1573/2/1979 1972/2/1979
f 1573/2/1980 1588/2/1980 1971/2/1980 1972/2/1980
f 1591/2/1981 1972/2/1981 1971/2/1981 1592/2/1981
f 1692/2/1982 1696/2/1982 1978/2/1982 1980/2/1982
f 1700/2/1983 1698/2/1983 1973/2/1983 1975/2/1983
f 1698/2/1984 1701/2/1984 1974/2/1984 1973/2/1984
f 1697/2/1985 1699/2/1985 1977/2/1985 1976/2/1985
f 1696/2/1986 1694/2/1986 1979/2/1986 1978/2/1986
f 1694/2/1987 1700/2/1987 1975/2/1987 1979/2/1987
f 1701/2/1988 1697/2/1988 1976/2/1988 1974/2/1988
f 1699/2/1989 1692/2/1989 1980/2/1989 1977/2/1989
f 1646/2/1990 1651/2/1990 1988/2/1990 1985/2/1990
f 1644/2/1991 1648/2/1991 1984/2/1991 1982/2/1991
f 1650/2/1992 1645/2/1992 1983/2/1992 1987/2/1992
f 1649/2/1993 1650/2/1993 1987/2/1993 1986/2/1993
f 1648/2/1994 1646/2/1994 1985/2/1994 1984/2/1994
f 1647/2/1995 1644/2/1995 1982/2/1995 1981/2/1995
f 1645/2/1996 1647/2/1996 1981/2/1996 1983/2/1996
f 1651/2/1997 1649/2/1997 1986/2/1997 1988/2/1997
f 1715/2/1998 1710/2/1998 1993/2/1998 1995/2/1998
f 1716/2/1999 1711/2/1999 1994/2/1883 1996/2/1882
f 1712/2/2000 1714/2/2000 1991/2/2000 1990/2/2000
f 1717/2/2001 1712/2/2001 1990/2/2001 1992/2/2001
f 1711/2/2002 1715/2/2002 1995/2/2002 1994/2/2002
f 1713/2/2003 1716/2/2003 1996/2/2003 1989/2/2003
f 1714/2/2004 1713/2/2004 1989/2/2004 1991/2/2004
f 1710/2/2005 1717/2/2005 1992/2/2005 1993/2/2005
f 1702/2/2006 2001/2/2006 1998/2/2006 1708/2/2006
f 1706/2/2007 1997/2/2007 2004/2/2007 1704/2/2007
f 1704/2/2008 2004/2/2008 2003/2/2008 1709/2/2008
f 1705/2/2009 2000/2/2009 2002/2/2009 1707/2/2009
f 1708/2/2010 1998/2/2010 1999/2/2010 1703/2/2010
f 1703/2/2011 1999/2/2011 1997/2/2011 1706/2/2011
f 1709/2/2012 2003/2/2012 2000/2/2012 1705/2/2012
f 1707/2/2013 2002/2/2013 2001/2/2013 1702/2/2013
f 1491/2/2014 1586/2/2014 1552/2/2014 1477/2/2014
f 1481/2/2015 1587/2/2015 1586/2/2015 1491/2/2015
f 1482/2/2016 1575/2/2016 1587/2/2016 1481/2/2016
f 1479/2/2017 1554/2/2017 1575/2/2017 1482/2/2017
f 1480/2/2018 1555/2/2018 1554/2/2018 1479/2/2018
f 1483/2/2019 1573/2/2019 1555/2/2019 1480/2/2019
f 1484/2/2020 1588/2/2020 1573/2/2020 1483/2/2020
f 1478/2/2021 1553/2/2021 1588/2/2021 1484/2/2021
f 1477/2/2022 1552/2/2022 1553/2/2022 1478/2/2022
f 2398/2/2318 2377/2/2318 2268/2/2318 2328/2/2318
f 2375/2/2319 2373/2/2319 2339/2/2319 2276/2/2319
f 2649/2/2320 2656/2/2320 2640/2/2320 2629/2/2320
f 2367/2/2321 2337/2/2321 2298/2/2321 2364/2/2321
f 2277/2/2322 2304/2/2322 2300/2/2322 2281/2/2322
f 2668/2/2323 2676/2/2323 2637/2/2323 2626/2/2323
f 2263/2/2324 2379/2/2325 2270/2/2326 2264/2/2326
f 2397/2/2327 2380/2/2327 2276/2/2327 2331/2/2327
f 2283/2/2328 2303/2/2328 2306/2/2328 2363/2/2328
f 2379/2/2329 2381/2/2329 2273/2/2329 2270/2/2329
f 2375/2/2330 2276/2/2330 2272/2/2330 2374/2/2330
f 2374/2/2331 2272/2/2331 2262/2/2331 2297/2/2331
f 2351/2/2332 2354/2/2332 2356/2/2332 2404/2/2332
f 2348/2/2333 2329/2/2333 2265/2/2333 2344/2/2333
f 2670/2/2334 2625/2/2334 2285/2/2334 2661/2/2334
f 2287/2/2335 2661/2/2335 2285/2/2335 2288/2/2335
f 2290/2/2336 2286/2/2336 2662/2/2336 2289/2/2336
f 2380/2/2337 2652/2/2337 2632/2/2337 2276/2/2337
f 2635/2/2338 2646/2/2338 2658/2/2338 2653/2/2338
f 2261/2/2339 2290/2/2339 2289/2/2339 2271/2/2339
f 2272/2/2340 2287/2/2340 2288/2/2340 2262/2/2340
f 2653/2/2341 2658/2/2341 2644/2/2341 2631/2/2341
f 2276/2/2342 2632/2/2342 2287/2/2342 2272/2/2342
f 2396/2/2343 2384/2/2343 2293/2/2343 2324/2/2343
f 2274/2/2344 2634/2/2344 2652/2/2344 2380/2/2344
f 2662/2/2345 2286/2/2345 2628/2/2345 2671/2/2345
f 2626/2/2346 2637/2/2346 2656/2/2346 2649/2/2346
f 2667/2/2347 2383/2/2347 2291/2/2347 2663/2/2347
f 2666/2/2348 2663/2/2348 2291/2/2348 2326/2/2348
f 2665/2/2349 2664/2/2349 2294/2/2349 2325/2/2349
f 2395/2/2350 2383/2/2350 2292/2/2350 2327/2/2350
f 2350/2/2351 2306/2/2351 2303/2/2351 2302/2/2351
f 2362/2/2352 2335/2/2352 2299/2/2352 2351/2/2352
f 2304/2/2353 2341/2/2353 2342/2/2353 2305/2/2353
f 2301/2/2354 2300/2/2354 2304/2/2354 2305/2/2354
f 2361/2/2355 2337/2/2356 2306/2/2356 2350/2/2357
f 2283/2/2358 2278/2/2358 2370/2/2358
f 2273/2/2359 2338/2/2359 2340/2/2359 2277/2/2359
f 2273/2/2360 2277/2/2360 2281/2/2360 2270/2/2360
f 2371/2/2361 2333/2/2361 2280/2/2361 2369/2/2361
f 2270/2/2362 2281/2/2362 2282/2/2362 2264/2/2362
f 2290/2/2363 2382/2/2363 2286/2/2363
f 2686/2/2364 2451/2/2364 2437/2/2364 2689/2/2364
f 2500/2/2365 2501/2/2365 2318/2/2365 2320/2/2365
f 2442/2/2366 2310/2/2367 2347/2/2367 2461/2/2368
f 2683/2/2369 2464/2/2369 2430/2/2369 2685/2/2369
f 2399/2/2370 2385/2/2370 2308/2/2370 2347/2/2370
f 2445/2/2371 2311/2/2371 2386/2/2371 2473/2/2371
f 2448/2/2372 2309/2/2372 2346/2/2372 2458/2/2372
f 2439/2/2373 2308/2/2373 2385/2/2373 2470/2/2373
f 2697/2/2374 2313/2/2374 2502/2/2374 2695/2/2374
f 2692/2/2375 2491/2/2375 2323/2/2375 2690/2/2375
f 2402/2/2376 2352/2/2376 2361/2/2376 2336/2/2376
f 2690/2/2377 2323/2/2377 2500/2/2377 2691/2/2377
f 2391/2/2378 2394/2/2378 2389/2/2378 2387/2/2378
f 2494/2/2379 2391/2/2379 2392/2/2379 2481/2/2379
f 2497/2/2380 2390/2/2380 2400/2/2380 2475/2/2380
f 2392/2/2381 2391/2/2381 2387/2/2381 2388/2/2381
f 2693/2/2382 2320/2/2382 2487/2/2382 2694/2/2382
f 2509/2/2383 2388/2/2383 2393/2/2383 2478/2/2383
f 2695/2/2384 2502/2/2384 2316/2/2384 2696/2/2384
f 2679/2/2385 2665/2/2385 2325/2/2385 2647/2/2385
f 2659/2/2386 2396/2/2386 2324/2/2386 2643/2/2386
f 2638/2/2387 2326/2/2387 2395/2/2387 2655/2/2387
f 2647/2/2388 2325/2/2388 2396/2/2388 2659/2/2388
f 2370/2/2389 2278/2/2389 2333/2/2389 2371/2/2389
f 2368/2/2390 2279/2/2390 2332/2/2390 2372/2/2390
f 2352/2/2391 2298/2/2391 2337/2/2391 2361/2/2391
f 2277/2/2392 2376/2/2392 2341/2/2392 2304/2/2392
f 2343/2/2393 2274/2/2393 2329/2/2393 2348/2/2393
f 2365/2/2394 2299/2/2394 2335/2/2394 2366/2/2394
f 2378/2/2395 2397/2/2395 2331/2/2395 2266/2/2395
f 2363/2/2396 2306/2/2396 2337/2/2396 2367/2/2396
f 2345/2/2397 2266/2/2397 2331/2/2397 2349/2/2397
f 2381/2/2398 2398/2/2398 2328/2/2398 2273/2/2398
f 2284/2/2399 2296/2/2399 2303/2/2399 2283/2/2399
f 2302/2/2400 2303/2/2400 2296/2/2400 2295/2/2400
f 2263/2/2401 2284/2/2401 2283/2/2401 2269/2/2401
f 2688/2/2402 2434/2/2402 2455/2/2402 2684/2/2402
f 2307/2/2403 2343/2/2403 2348/2/2403 2336/2/2403
f 2470/2/2404 2385/2/2404 2309/2/2404 2448/2/2404
f 2386/2/2405 2399/2/2405 2347/2/2405 2310/2/2405
f 2687/2/2406 2466/2/2406 2434/2/2406 2688/2/2406
f 2473/2/2407 2386/2/2407 2310/2/2407 2442/2/2407
f 2685/2/2408 2430/2/2408 2451/2/2408 2686/2/2408
f 2334/2/2409 2362/2/2409 2351/2/2409 2404/2/2409
f 2336/2/2410 2348/2/2410 2344/2/2410 2402/2/2410
f 2388/2/2411 2387/2/2411 2390/2/2411 2393/2/2411
f 2506/2/2412 2389/2/2412 2394/2/2412 2484/2/2412
f 2696/2/2413 2316/2/2413 2491/2/2413 2692/2/2413
f 2336/2/2414 2361/2/2355 2350/2/2357 2307/2/2414
f 2475/2/2415 2400/2/2415 2389/2/2415 2506/2/2415
f 2307/2/2416 2350/2/2416 2302/2/2416
f 2278/2/2417 2363/2/2417 2367/2/2417 2333/2/2417
f 2279/2/2418 2365/2/2418 2366/2/2418 2332/2/2418
f 2283/2/2419 2363/2/2419 2278/2/2419
f 2333/2/2420 2367/2/2420 2364/2/2420 2280/2/2420
f 2268/2/2421 2368/2/2421 2372/2/2421 2328/2/2421
f 2275/2/2422 2370/2/2422 2371/2/2422 2330/2/2422
f 2330/2/2423 2371/2/2423 2369/2/2423 2267/2/2423
f 2269/2/2424 2283/2/2424 2370/2/2424 2275/2/2424
f 2276/2/2425 2339/2/2425 2349/2/2425 2331/2/2425
f 2328/2/2426 2372/2/2426 2338/2/2426 2273/2/2426
f 2305/2/2427 2375/2/2427 2374/2/2427 2301/2/2427
f 2305/2/2428 2342/2/2428 2373/2/2428 2375/2/2428
f 2277/2/2429 2340/2/2429 2376/2/2429
f 2339/2/2430 2373/2/2430 2334/2/2430 2349/2/2430
f 2334/2/2431 2373/2/2431 2342/2/2431 2362/2/2431
f 2341/2/2432 2335/2/2432 2362/2/2432 2342/2/2432
f 2340/2/2433 2338/2/2433 2372/2/2433 2332/2/2433
f 2366/2/2434 2376/2/2434 2340/2/2434 2332/2/2434
f 2335/2/2435 2341/2/2435 2376/2/2435 2366/2/2435
f 2311/2/2436 2346/2/2436 2399/2/2436 2386/2/2436
f 2275/2/2437 2330/2/2437 2398/2/2437 2381/2/2437
f 2265/2/2438 2329/2/2438 2397/2/2438 2378/2/2438
f 2655/2/2439 2395/2/2439 2327/2/2439 2641/2/2439
f 2484/2/2440 2394/2/2440 2391/2/2440 2494/2/2440
f 2481/2/2441 2392/2/2441 2388/2/2441 2509/2/2441
f 2387/2/2442 2389/2/2442 2400/2/2442 2390/2/2442
f 2691/2/2443 2500/2/2443 2320/2/2443 2693/2/2443
f 2478/2/2444 2393/2/2445 2390/2/2445 2497/2/2446
f 2404/2/2447 2345/2/2447 2349/2/2447 2334/2/2447
f 2461/2/2448 2347/2/2448 2308/2/2448 2439/2/2448
f 2458/2/2449 2346/2/2449 2311/2/2449 2445/2/2449
f 2346/2/2450 2309/2/2450 2385/2/2450 2399/2/2450
f 2682/2/2451 2427/2/2451 2464/2/2451 2683/2/2451
f 2684/2/2452 2455/2/2452 2427/2/2452 2682/2/2452
f 2288/2/2453 2285/2/2453 2382/2/2453 2290/2/2453
f 2326/2/2454 2291/2/2454 2383/2/2454 2395/2/2454
f 2664/2/2455 2292/2/2455 2383/2/2455 2667/2/2455
f 2628/2/2456 2286/2/2456 2382/2/2456 2650/2/2456
f 2674/2/2457 2666/2/2457 2326/2/2457 2638/2/2457
f 2325/2/2458 2294/2/2458 2384/2/2458 2396/2/2458
f 2271/2/2459 2289/2/2459 2634/2/2459 2274/2/2459
f 2262/2/2460 2288/2/2460 2290/2/2460 2261/2/2460
f 2673/2/2461 2677/2/2461 2646/2/2461 2635/2/2461
f 2344/2/2462 2408/2/2462 2401/2/2462 2402/2/2462
f 2269/2/2463 2275/2/2463 2381/2/2463 2379/2/2463
f 2329/2/2464 2274/2/2464 2380/2/2464 2397/2/2464
f 2263/2/2324 2269/2/2465 2379/2/2325
f 2330/2/2466 2267/2/2466 2377/2/2466 2398/2/2466
f 2295/2/2467 2261/2/2467 2271/2/2467 2302/2/2467
f 2357/2/2468 2402/2/2468 2401/2/2468
f 2403/2/2469 2404/2/2469 2356/2/2469
f 2403/2/2470 2356/2/2470 2353/2/2470 2405/2/2470
f 2357/2/2471 2355/2/2471 2352/2/2471 2402/2/2471
f 2405/2/2472 2353/2/2472 2357/2/2472 2401/2/2472
f 2266/2/2473 2407/2/2473 2410/2/2473 2378/2/2473
f 2265/2/2474 2406/2/2474 2408/2/2474 2344/2/2474
f 2345/2/2475 2409/2/2475 2407/2/2475 2266/2/2475
f 2378/2/2476 2410/2/2476 2406/2/2476 2265/2/2476
f 2409/2/2477 2345/2/2477 2404/2/2477 2403/2/2477
f 2689/2/2478 2437/2/2478 2466/2/2478 2687/2/2478
f 2299/2/2479 2359/2/2479 2354/2/2479 2351/2/2479
f 2352/2/2480 2355/2/2480 2360/2/2480 2298/2/2480
f 2280/2/2481 2364/2/2481 2416/2/2481 2414/2/2481
f 2299/2/2482 2365/2/2482 2415/2/2482 2412/2/2482
f 2365/2/2483 2279/2/2483 2413/2/2483 2415/2/2483
f 2364/2/2484 2298/2/2484 2411/2/2484 2416/2/2484
f 2268/2/2485 2377/2/2485 2426/2/2485 2421/2/2485
f 2267/2/2486 2369/2/2486 2424/2/2486 2419/2/2486
f 2279/2/2487 2368/2/2487 2423/2/2487 2422/2/2487
f 2368/2/2488 2268/2/2488 2421/2/2488 2423/2/2488
f 2377/2/2489 2267/2/2489 2419/2/2489 2426/2/2489
f 2369/2/2490 2280/2/2490 2420/2/2490 2424/2/2490
f 2360/2/2491 2358/2/2491 2417/2/2491 2411/2/2491
f 2358/2/2492 2359/2/2492 2412/2/2492 2417/2/2492
f 2414/2/2493 2418/2/2493 2425/2/2493 2420/2/2493
f 2418/2/2494 2413/2/2494 2422/2/2494 2425/2/2494
f 2279/2/2495 2422/2/2495 2413/2/2495
f 2299/2/2496 2412/2/2496 2359/2/2496
f 2298/2/2497 2360/2/2497 2411/2/2497
f 2420/2/2498 2280/2/2498 2414/2/2498
f 2694/2/2499 2487/2/2499 2313/2/2499 2697/2/2499
f 2464/2/2500 2465/2/2501 2432/2/2502 2430/2/2500
f 2465/2/2501 2463/2/2503 2431/2/2503 2432/2/2502
f 2467/2/2504 2468/2/2504 2438/2/2504 2436/2/2504
f 2468/2/2505 2466/2/2505 2437/2/2505 2438/2/2505
f 2452/2/2506 2453/2/2506 2432/2/2506 2431/2/2506
f 2453/2/2507 2451/2/2507 2430/2/2507 2432/2/2507
f 2455/2/2508 2456/2/2509 2429/2/2510 2427/2/2508
f 2456/2/2509 2454/2/2511 2428/2/2511 2429/2/2510
f 2431/2/2512 2463/2/2512 2469/2/2512 2449/2/2512
f 2446/2/2513 2472/2/2513 2467/2/2513 2436/2/2513
f 2431/2/2514 2449/2/2514 2457/2/2514 2452/2/2514
f 2454/2/2515 2460/2/2515 2440/2/2515 2428/2/2515
f 2470/2/2516 2471/2/2516 2441/2/2516 2439/2/2516
f 2471/2/2517 2469/2/2517 2440/2/2517 2441/2/2517
f 2458/2/2518 2459/2/2518 2450/2/2518 2448/2/2518
f 2459/2/2519 2457/2/2519 2449/2/2519 2450/2/2519
f 2473/2/2520 2474/2/2520 2447/2/2520 2445/2/2520
f 2474/2/2521 2472/2/2521 2446/2/2521 2447/2/2521
f 2461/2/2368 2462/2/2522 2444/2/2522 2442/2/2366
f 2462/2/2523 2460/2/2523 2443/2/2523 2444/2/2523
f 2436/2/2524 2438/2/2524 2453/2/2524 2452/2/2524
f 2438/2/2525 2437/2/2525 2451/2/2525 2453/2/2525
f 2434/2/2526 2435/2/2527 2456/2/2528 2455/2/2526
f 2435/2/2527 2433/2/2529 2454/2/2529 2456/2/2528
f 2452/2/2530 2457/2/2531 2446/2/2532 2436/2/2530
f 2460/2/2533 2454/2/2533 2433/2/2533 2443/2/2533
f 2445/2/2534 2447/2/2534 2459/2/2534 2458/2/2534
f 2447/2/2535 2446/2/2532 2457/2/2531 2459/2/2535
f 2439/2/2536 2441/2/2536 2462/2/2536 2461/2/2536
f 2441/2/2537 2440/2/2537 2460/2/2537 2462/2/2537
f 2427/2/2538 2429/2/2539 2465/2/2540 2464/2/2538
f 2429/2/2539 2428/2/2541 2463/2/2542 2465/2/2540
f 2433/2/2543 2435/2/2543 2468/2/2543 2467/2/2543
f 2435/2/2544 2434/2/2544 2466/2/2544 2468/2/2544
f 2469/2/2545 2463/2/2542 2428/2/2541 2440/2/2545
f 2467/2/2546 2472/2/2547 2443/2/2548 2433/2/2546
f 2448/2/2549 2450/2/2549 2471/2/2549 2470/2/2549
f 2450/2/2550 2449/2/2550 2469/2/2550 2471/2/2550
f 2442/2/2551 2444/2/2551 2474/2/2551 2473/2/2551
f 2444/2/2552 2443/2/2548 2472/2/2547 2474/2/2552
f 2501/2/2553 2499/2/2553 2319/2/2553 2318/2/2553
f 2503/2/2554 2504/2/2554 2312/2/2554 2314/2/2554
f 2504/2/2555 2502/2/2555 2313/2/2555 2312/2/2555
f 2488/2/2556 2489/2/2556 2318/2/2556 2319/2/2556
f 2489/2/2557 2487/2/2557 2320/2/2557 2318/2/2557
f 2491/2/2558 2492/2/2558 2321/2/2558 2323/2/2558
f 2492/2/2559 2490/2/2559 2322/2/2559 2321/2/2559
f 2319/2/2560 2499/2/2560 2505/2/2560 2485/2/2560
f 2482/2/2561 2508/2/2561 2503/2/2561 2314/2/2561
f 2319/2/2562 2485/2/2562 2493/2/2562 2488/2/2562
f 2490/2/2563 2496/2/2563 2476/2/2563 2322/2/2563
f 2506/2/2564 2507/2/2564 2477/2/2564 2475/2/2564
f 2507/2/2565 2505/2/2565 2476/2/2565 2477/2/2565
f 2494/2/2566 2495/2/2566 2486/2/2566 2484/2/2566
f 2495/2/2567 2493/2/2567 2485/2/2567 2486/2/2567
f 2509/2/2568 2510/2/2568 2483/2/2568 2481/2/2568
f 2510/2/2569 2508/2/2569 2482/2/2569 2483/2/2569
f 2497/2/2446 2498/2/2570 2480/2/2570 2478/2/2444
f 2498/2/2571 2496/2/2571 2479/2/2571 2480/2/2571
f 2314/2/2572 2312/2/2573 2489/2/2573 2488/2/2574
f 2312/2/2575 2313/2/2575 2487/2/2575 2489/2/2575
f 2316/2/2576 2315/2/2576 2492/2/2576 2491/2/2576
f 2315/2/2577 2317/2/2577 2490/2/2577 2492/2/2577
f 2488/2/2574 2493/2/2578 2482/2/2578 2314/2/2572
f 2496/2/2579 2490/2/2579 2317/2/2579 2479/2/2579
f 2481/2/2580 2483/2/2580 2495/2/2580 2494/2/2580
f 2483/2/2581 2482/2/2578 2493/2/2578 2495/2/2581
f 2475/2/2582 2477/2/2582 2498/2/2582 2497/2/2582
f 2477/2/2583 2476/2/2583 2496/2/2583 2498/2/2583
f 2323/2/2584 2321/2/2584 2501/2/2584 2500/2/2584
f 2321/2/2585 2322/2/2586 2499/2/2587 2501/2/2585
f 2317/2/2588 2315/2/2588 2504/2/2588 2503/2/2588
f 2315/2/2589 2316/2/2589 2502/2/2589 2504/2/2589
f 2505/2/2590 2499/2/2587 2322/2/2586 2476/2/2590
f 2503/2/2591 2508/2/2591 2479/2/2591 2317/2/2591
f 2484/2/2592 2486/2/2592 2507/2/2592 2506/2/2592
f 2486/2/2593 2485/2/2593 2505/2/2593 2507/2/2593
f 2478/2/2594 2480/2/2594 2510/2/2594 2509/2/2594
f 2480/2/2595 2479/2/2595 2508/2/2595 2510/2/2595
f 2711/2/2596 2710/2/2596 2530/2/2596 2544/2/2596
f 2535/2/2597 2554/2/2598 2516/2/2599 2513/2/2599
f 2712/2/2600 2709/2/2600 2523/2/2600 2557/2/2600
f 2519/2/2601 2516/2/2601 2511/2/2601 2517/2/2601
f 2538/2/2602 2566/2/2602 2518/2/2602 2514/2/2602
f 2541/2/2603 2551/2/2603 2515/2/2603 2512/2/2603
f 2532/2/2604 2563/2/2604 2517/2/2604 2511/2/2604
f 2708/2/2605 2706/2/2605 2548/2/2605 2527/2/2605
f 2563/2/2606 2541/2/2606 2512/2/2606 2517/2/2606
f 2518/2/2607 2513/2/2607 2516/2/2607 2519/2/2607
f 2707/2/2608 2708/2/2608 2527/2/2608 2559/2/2608
f 2566/2/2609 2535/2/2609 2513/2/2609 2518/2/2609
f 2709/2/2610 2711/2/2610 2544/2/2610 2523/2/2610
f 2514/2/2611 2518/2/2611 2519/2/2611 2515/2/2611
f 2554/2/2612 2532/2/2613 2511/2/2614 2516/2/2614
f 2551/2/2615 2538/2/2615 2514/2/2615 2515/2/2615
f 2515/2/2616 2519/2/2616 2517/2/2616 2512/2/2616
f 2713/2/2617 2712/2/2617 2557/2/2617 2520/2/2617
f 2706/2/2618 2713/2/2618 2520/2/2618 2548/2/2618
f 2710/2/2619 2707/2/2619 2559/2/2619 2530/2/2619
f 2557/2/2620 2523/2/2620 2525/2/2620 2558/2/2620
f 2558/2/2621 2525/2/2621 2524/2/2621 2556/2/2621
f 2560/2/2622 2529/2/2622 2531/2/2622 2561/2/2622
f 2561/2/2623 2531/2/2623 2530/2/2623 2559/2/2623
f 2545/2/2624 2524/2/2624 2525/2/2624 2546/2/2624
f 2546/2/2625 2525/2/2625 2523/2/2625 2544/2/2625
f 2548/2/2626 2520/2/2626 2522/2/2626 2549/2/2626
f 2549/2/2627 2522/2/2627 2521/2/2627 2547/2/2627
f 2562/2/2628 2556/2/2628 2524/2/2628 2542/2/2628
f 2560/2/2629 2565/2/2629 2539/2/2629 2529/2/2629
f 2545/2/2630 2550/2/2630 2542/2/2630 2524/2/2630
f 2547/2/2631 2521/2/2631 2533/2/2631 2553/2/2631
f 2563/2/2632 2532/2/2632 2534/2/2632 2564/2/2632
f 2564/2/2633 2534/2/2633 2533/2/2633 2562/2/2633
f 2551/2/2634 2541/2/2634 2543/2/2634 2552/2/2634
f 2552/2/2635 2543/2/2635 2542/2/2635 2550/2/2635
f 2566/2/2636 2538/2/2636 2540/2/2636 2567/2/2636
f 2567/2/2637 2540/2/2637 2539/2/2637 2565/2/2637
f 2554/2/2598 2535/2/2597 2537/2/2638 2555/2/2638
f 2555/2/2639 2537/2/2639 2536/2/2639 2553/2/2639
f 2529/2/2640 2545/2/2640 2546/2/2640 2531/2/2640
f 2531/2/2641 2546/2/2641 2544/2/2641 2530/2/2641
f 2527/2/2642 2548/2/2642 2549/2/2642 2528/2/2642
f 2528/2/2643 2549/2/2643 2547/2/2643 2526/2/2643
f 2539/2/2644 2550/2/2644 2545/2/2645 2529/2/2645
f 2536/2/2646 2526/2/2646 2547/2/2646 2553/2/2646
f 2538/2/2647 2551/2/2647 2552/2/2647 2540/2/2647
f 2540/2/2648 2552/2/2648 2550/2/2644 2539/2/2644
f 2532/2/2613 2554/2/2612 2555/2/2649 2534/2/2649
f 2534/2/2650 2555/2/2650 2553/2/2650 2533/2/2650
f 2520/2/2651 2557/2/2651 2558/2/2651 2522/2/2651
f 2522/2/2652 2558/2/2652 2556/2/2652 2521/2/2652
f 2526/2/2653 2560/2/2653 2561/2/2653 2528/2/2653
f 2528/2/2654 2561/2/2654 2559/2/2654 2527/2/2654
f 2521/2/2655 2556/2/2655 2562/2/2655 2533/2/2655
f 2536/2/2656 2565/2/2656 2560/2/2656 2526/2/2656
f 2541/2/2657 2563/2/2657 2564/2/2657 2543/2/2657
f 2543/2/2658 2564/2/2658 2562/2/2658 2542/2/2658
f 2535/2/2659 2566/2/2659 2567/2/2659 2537/2/2659
f 2537/2/2660 2567/2/2660 2565/2/2660 2536/2/2660
f 2614/2/2661 2615/2/2661 2574/2/2661 2576/2/2661
f 2702/2/2662 2569/2/2662 2616/2/2662 2701/2/2662
f 2700/2/2663 2605/2/2663 2579/2/2663 2698/2/2663
f 2698/2/2664 2579/2/2664 2614/2/2664 2705/2/2664
f 2584/2/2665 2587/2/2665 2582/2/2665 2580/2/2665
f 2608/2/2666 2584/2/2666 2585/2/2666 2595/2/2666
f 2611/2/2667 2583/2/2667 2588/2/2667 2589/2/2667
f 2585/2/2668 2584/2/2668 2580/2/2668 2581/2/2668
f 2703/2/2669 2576/2/2669 2601/2/2669 2704/2/2669
f 2623/2/2670 2581/2/2670 2586/2/2670 2592/2/2670
f 2701/2/2671 2616/2/2671 2572/2/2671 2699/2/2671
f 2581/2/2672 2580/2/2672 2583/2/2672 2586/2/2672
f 2620/2/2673 2582/2/2673 2587/2/2673 2598/2/2673
f 2699/2/2674 2572/2/2674 2605/2/2674 2700/2/2674
f 2589/2/2675 2588/2/2675 2582/2/2675 2620/2/2675
f 2598/2/2676 2587/2/2676 2584/2/2676 2608/2/2676
f 2595/2/2677 2585/2/2677 2581/2/2677 2623/2/2677
f 2580/2/2678 2582/2/2678 2588/2/2678 2583/2/2678
f 2705/2/2679 2614/2/2680 2576/2/2680 2703/2/2681
f 2592/2/2682 2586/2/2682 2583/2/2682 2611/2/2682
f 2704/2/2683 2601/2/2683 2569/2/2683 2702/2/2683
f 2615/2/2684 2613/2/2684 2575/2/2684 2574/2/2684
f 2617/2/2685 2618/2/2685 2568/2/2685 2570/2/2685
f 2618/2/2686 2616/2/2686 2569/2/2686 2568/2/2686
f 2602/2/2687 2603/2/2687 2574/2/2687 2575/2/2687
f 2603/2/2688 2601/2/2688 2576/2/2688 2574/2/2688
f 2605/2/2689 2606/2/2689 2577/2/2689 2579/2/2689
f 2606/2/2690 2604/2/2691 2578/2/2692 2577/2/2690
f 2575/2/2693 2613/2/2693 2619/2/2693 2599/2/2693
f 2596/2/2694 2622/2/2694 2617/2/2694 2570/2/2694
f 2575/2/2695 2599/2/2695 2607/2/2695 2602/2/2695
f 2604/2/2691 2610/2/2696 2590/2/2696 2578/2/2692
f 2620/2/2697 2621/2/2698 2591/2/2699 2589/2/2697
f 2621/2/2698 2619/2/2700 2590/2/2700 2591/2/2699
f 2608/2/2701 2609/2/2701 2600/2/2701 2598/2/2701
f 2609/2/2702 2607/2/2702 2599/2/2702 2600/2/2702
f 2623/2/2703 2624/2/2703 2597/2/2703 2595/2/2703
f 2624/2/2704 2622/2/2704 2596/2/2704 2597/2/2704
f 2611/2/2705 2612/2/2705 2594/2/2705 2592/2/2705
f 2612/2/2706 2610/2/2706 2593/2/2706 2594/2/2706
f 2570/2/2707 2568/2/2707 2603/2/2707 2602/2/2707
f 2568/2/2708 2569/2/2708 2601/2/2708 2603/2/2708
f 2572/2/2709 2571/2/2709 2606/2/2709 2605/2/2709
f 2571/2/2710 2573/2/2711 2604/2/2712 2606/2/2710
f 2602/2/2713 2607/2/2714 2596/2/2715 2570/2/2713
f 2610/2/2716 2604/2/2712 2573/2/2711 2593/2/2716
f 2595/2/2717 2597/2/2717 2609/2/2717 2608/2/2717
f 2597/2/2718 2596/2/2715 2607/2/2714 2609/2/2718
f 2589/2/2719 2591/2/2719 2612/2/2719 2611/2/2719
f 2591/2/2720 2590/2/2720 2610/2/2720 2612/2/2720
f 2579/2/2721 2577/2/2721 2615/2/2721 2614/2/2721
f 2577/2/2722 2578/2/2722 2613/2/2722 2615/2/2722
f 2573/2/2723 2571/2/2723 2618/2/2723 2617/2/2723
f 2571/2/2724 2572/2/2724 2616/2/2724 2618/2/2724
f 2619/2/2725 2613/2/2725 2578/2/2725 2590/2/2725
f 2617/2/2726 2622/2/2726 2593/2/2726 2573/2/2726
f 2598/2/2727 2600/2/2727 2621/2/2727 2620/2/2727
f 2600/2/2728 2599/2/2728 2619/2/2728 2621/2/2728
f 2592/2/2729 2594/2/2729 2624/2/2729 2623/2/2729
f 2594/2/2730 2593/2/2730 2622/2/2730 2624/2/2730
f 2650/2/2731 2651/2/2731 2630/2/2731 2628/2/2731
f 2651/2/2732 2649/2/2732 2629/2/2732 2630/2/2732
f 2668/2/2733 2669/2/2733 2633/2/2733 2631/2/2733
f 2669/2/2734 2670/2/2734 2632/2/2734 2633/2/2734
f 2671/2/2735 2672/2/2735 2636/2/2735 2634/2/2735
f 2672/2/2736 2673/2/2736 2635/2/2736 2636/2/2736
f 2653/2/2737 2654/2/2737 2636/2/2737 2635/2/2737
f 2654/2/2738 2652/2/2738 2634/2/2738 2636/2/2738
f 2656/2/2739 2657/2/2739 2642/2/2739 2640/2/2739
f 2657/2/2740 2655/2/2740 2641/2/2740 2642/2/2740
f 2674/2/2741 2675/2/2741 2645/2/2741 2643/2/2741
f 2675/2/2742 2676/2/2742 2644/2/2742 2645/2/2742
f 2677/2/2743 2678/2/2743 2648/2/2743 2646/2/2743
f 2678/2/2744 2679/2/2744 2647/2/2744 2648/2/2744
f 2659/2/2745 2660/2/2745 2648/2/2745 2647/2/2745
f 2660/2/2746 2658/2/2746 2646/2/2746 2648/2/2746
f 2625/2/2747 2627/2/2747 2651/2/2747 2650/2/2747
f 2627/2/2748 2626/2/2748 2649/2/2748 2651/2/2748
f 2631/2/2749 2633/2/2749 2654/2/2749 2653/2/2749
f 2633/2/2750 2632/2/2750 2652/2/2750 2654/2/2750
f 2637/2/2751 2639/2/2751 2657/2/2751 2656/2/2751
f 2639/2/2752 2638/2/2752 2655/2/2752 2657/2/2752
f 2643/2/2753 2645/2/2753 2660/2/2753 2659/2/2753
f 2645/2/2754 2644/2/2754 2658/2/2754 2660/2/2754
f 2650/2/2755 2382/2/2755 2285/2/2755 2625/2/2755
f 2642/2/2756 2641/2/2756 2679/2/2756 2678/2/2756
f 2640/2/2757 2642/2/2757 2678/2/2757 2677/2/2757
f 2639/2/2758 2637/2/2758 2676/2/2758 2675/2/2758
f 2638/2/2759 2639/2/2759 2675/2/2759 2674/2/2759
f 2630/2/2760 2629/2/2760 2673/2/2760 2672/2/2760
f 2628/2/2761 2630/2/2761 2672/2/2761 2671/2/2761
f 2627/2/2762 2625/2/2762 2670/2/2762 2669/2/2762
f 2626/2/2763 2627/2/2763 2669/2/2763 2668/2/2763
f 2629/2/2764 2640/2/2764 2677/2/2764 2673/2/2764
f 2643/2/2765 2324/2/2765 2666/2/2765 2674/2/2765
f 2294/2/2766 2664/2/2766 2667/2/2766 2384/2/2766
f 2641/2/2767 2327/2/2767 2665/2/2767 2679/2/2767
f 2327/2/2768 2292/2/2768 2664/2/2768 2665/2/2768
f 2324/2/2769 2293/2/2769 2663/2/2769 2666/2/2769
f 2384/2/2770 2667/2/2770 2663/2/2770 2293/2/2770
f 2289/2/2771 2662/2/2771 2671/2/2771 2634/2/2771
f 2632/2/2772 2670/2/2772 2661/2/2772 2287/2/2772
f 2631/2/2773 2644/2/2773 2676/2/2773 2668/2/2773
f 2343/2/2774 2307/2/2774 2302/2/2774 2271/2/2774
f 2271/2/2775 2274/2/2775 2343/2/2775
f 2374/2/2776 2297/2/2776 2680/2/2776 2301/2/2776
f 2300/2/2777 2681/2/2777 2282/2/2777 2281/2/2777
f 2282/2/2778 2681/2/2778 2680/2/2778 2297/2/2778
f 2300/2/2779 2301/2/2779 2680/2/2779 2681/2/2779
f 2401/2/2780 2689/2/2780 2687/2/2780 2405/2/2780
f 2409/2/2781 2684/2/2781 2682/2/2781 2407/2/2781
f 2407/2/2782 2682/2/2782 2683/2/2782 2410/2/2782
f 2406/2/2783 2685/2/2783 2686/2/2783 2408/2/2783
f 2405/2/2784 2687/2/2784 2688/2/2784 2403/2/2784
f 2403/2/2785 2688/2/2785 2684/2/2785 2409/2/2785
f 2410/2/2786 2683/2/2786 2685/2/2786 2406/2/2786
f 2408/2/2787 2686/2/2787 2689/2/2787 2401/2/2787
f 2355/2/2788 2694/2/2788 2697/2/2788 2360/2/2788
f 2353/2/2789 2691/2/2789 2693/2/2789 2357/2/2789
f 2359/2/2790 2696/2/2790 2692/2/2790 2354/2/2790
f 2358/2/2791 2695/2/2791 2696/2/2791 2359/2/2791
f 2357/2/2792 2693/2/2792 2694/2/2792 2355/2/2792
f 2356/2/2793 2690/2/2793 2691/2/2793 2353/2/2793
f 2354/2/2794 2692/2/2794 2690/2/2794 2356/2/2794
f 2360/2/2795 2697/2/2795 2695/2/2795 2358/2/2795
f 2424/2/2796 2704/2/2796 2702/2/2796 2419/2/2796
f 2425/2/2797 2705/2/2679 2703/2/2681 2420/2/2797
f 2421/2/2798 2699/2/2798 2700/2/2798 2423/2/2798
f 2426/2/2799 2701/2/2799 2699/2/2799 2421/2/2799
f 2420/2/2800 2703/2/2800 2704/2/2800 2424/2/2800
f 2422/2/2801 2698/2/2801 2705/2/2801 2425/2/2801
f 2423/2/2802 2700/2/2802 2698/2/2802 2422/2/2802
f 2419/2/2803 2702/2/2803 2701/2/2803 2426/2/2803
f 2411/2/2804 2417/2/2804 2707/2/2804 2710/2/2804
f 2415/2/2805 2413/2/2805 2713/2/2805 2706/2/2805
f 2413/2/2806 2418/2/2806 2712/2/2806 2713/2/2806
f 2414/2/2807 2416/2/2807 2711/2/2807 2709/2/2807
f 2417/2/2808 2412/2/2808 2708/2/2808 2707/2/2808
f 2412/2/2809 2415/2/2809 2706/2/2809 2708/2/2809
f 2418/2/2810 2414/2/2810 2709/2/2810 2712/2/2810
f 2416/2/2811 2411/2/2811 2710/2/2811 2711/2/2811
f 2200/2/2812 2186/2/2812 2261/2/2812 2295/2/2812
f 2190/2/2813 2200/2/2813 2295/2/2813 2296/2/2813
f 2191/2/2814 2190/2/2814 2296/2/2814 2284/2/2814
f 2188/2/2815 2191/2/2815 2284/2/2815 2263/2/2815
f 2189/2/2816 2188/2/2816 2263/2/2816 2264/2/2816
f 2192/2/2817 2189/2/2817 2264/2/2817 2282/2/2817
f 2193/2/2818 2192/2/2818 2282/2/2818 2297/2/2818
f 2187/2/2819 2193/2/2819 2297/2/2819 2262/2/2819
f 2186/2/2820 2187/2/2820 2262/2/2820 2261/2/2820
usemtl Tie
f 1531/2/1466 1551/2/1466 2753/2/1466 2746/2/1466
f 1531/2/1469 2746/2/1469 2747/2/1469
f 1550/2/1517 1523/2/1517 2754/2/1517 2752/2/1517
f 1551/2/1518 1550/2/1518 2752/2/1518 2753/2/1518
f 1550/2/1520 1517/2/1520 1523/2/1520
f 2240/2/2263 2746/2/2263 2753/2/2263 2260/2/2263
f 2240/2/2266 2747/2/2266 2746/2/2266
f 2259/2/2314 2752/2/2314 2754/2/2314 2232/2/2314
f 2260/2/2315 2753/2/2315 2752/2/2315 2259/2/2315
f 2259/2/2317 2232/2/2317 2226/2/2317
usemtl White
f 1493/2/1284 2733/2/1284 2744/2/1284
f 1483/2/1399 1480/2/1399 1475/2/1399 1474/2/1399
f 1482/2/1400 1481/2/1400 1471/2/1400 1469/2/1400
f 1491/2/1401 1477/2/1401 1470/2/1401 1471/2/1401
f 1479/2/1402 1482/2/1402 1469/2/1402 1476/2/1402
f 1477/2/1403 1478/2/1403 1473/2/1403 1470/2/1403
f 1481/2/1404 1491/2/1404 1471/2/1404
f 1478/2/1405 1484/2/1405 1472/2/1405 1473/2/1405
f 1484/2/1406 1483/2/1406 1474/2/1406 1472/2/1406
f 1480/2/1407 1479/2/1407 1476/2/1407 1475/2/1407
f 1492/2/1411 1493/2/1411 2744/2/1411 2734/2/1411
f 1492/2/1421 2734/2/1421 2765/2/1421 2019/2/1421
f 1530/2/1457 1513/2/1457 1510/2/1457 1511/2/1457
f 1528/2/1458 1509/2/1458 1505/2/1458 1504/2/1458
f 1514/2/1459 2748/2/1459 2749/2/1459 1515/2/1459
f 1527/2/1460 1507/2/1460 1550/2/1460 1551/2/1460
f 1502/2/1461 1514/2/1461 1515/2/1461 1503/2/1461
f 1507/2/1462 1517/2/1462 1550/2/1462
f 1506/2/1463 1517/2/1463 1507/2/1463
f 1517/2/1464 1506/2/1464 1516/2/1464 1523/2/1464
f 2754/2/1465 1523/2/1465 1532/2/1465 2751/2/1465
f 1511/2/1467 1510/2/1467 1509/2/1467 1528/2/1467
f 1502/2/1468 1503/2/1468 1513/2/1468 1530/2/1468
f 1529/2/1470 1502/2/1470 1530/2/1470 1521/2/1470
f 1510/2/1471 1513/2/1471 1538/2/1471 1534/2/1471
f 1505/2/1472 1509/2/1472 1537/2/1472 1526/2/1472
f 1515/2/1473 2749/2/1473 2755/2/1473 1535/2/1473
f 1503/2/1474 1515/2/1474 1535/2/1474 1512/2/1474
f 1513/2/1475 1503/2/1475 1512/2/1475 1538/2/1475
f 1508/2/1476 1505/2/1476 1526/2/1476 1518/2/1476
f 1509/2/1477 1510/2/1477 1534/2/1477 1537/2/1477
f 1518/2/1478 1526/2/1479 1525/2/1479 1524/2/1480
f 1512/2/1481 1535/2/1481 1542/2/1481 1543/2/1481
f 1526/2/1482 1537/2/1482 1541/2/1482 1525/2/1482
f 2751/2/1483 1532/2/1483 1536/2/1483 2750/2/1483
f 1537/2/1484 1534/2/1484 1540/2/1484 1541/2/1484
f 1538/2/1485 1512/2/1485 1543/2/1485 1539/2/1485
f 1535/2/1486 2755/2/1486 2756/2/1486 1542/2/1486
f 1534/2/1487 1538/2/1487 1539/2/1487 1540/2/1487
f 2750/2/1488 1536/2/1488 1544/2/1488 2757/2/1488
f 1527/2/1506 1506/2/1506 1507/2/1506
f 1522/2/1507 1511/2/1507 1528/2/1507 1519/2/1507
f 1516/2/1508 1506/2/1508 1520/2/1508 1504/2/1508
f 1532/2/1509 1508/2/1509 1518/2/1509 1536/2/1509
f 1536/2/1510 1518/2/1478 1524/2/1480 1544/2/1510
f 1516/2/1511 1504/2/1511 1505/2/1511 1508/2/1511
f 1523/2/1512 1516/2/1512 1508/2/1512 1532/2/1512
f 1521/2/1513 1530/2/1513 1511/2/1513 1522/2/1513
f 1519/2/1514 1528/2/1514 1504/2/1514 1520/2/1514
f 1533/2/1515 2763/2/1515 2748/2/1515 1514/2/1515
f 1529/2/1516 1533/2/1516 1514/2/1516 1502/2/1516
f 1551/2/1519 1531/2/1519 1527/2/1519
f 2019/2/2045 2765/2/2045 2774/2/2045 2026/2/2045
f 2026/2/2046 2774/2/2046 2787/2/2046
f 2202/2/2081 2744/2/2081 2733/2/2081
f 2192/2/2196 2183/2/2196 2184/2/2196 2189/2/2196
f 2191/2/2197 2178/2/2197 2180/2/2197 2190/2/2197
f 2200/2/2198 2180/2/2198 2179/2/2198 2186/2/2198
f 2188/2/2199 2185/2/2199 2178/2/2199 2191/2/2199
f 2186/2/2200 2179/2/2200 2182/2/2200 2187/2/2200
f 2190/2/2201 2180/2/2201 2200/2/2201
f 2187/2/2202 2182/2/2202 2181/2/2202 2193/2/2202
f 2193/2/2203 2181/2/2203 2183/2/2203 2192/2/2203
f 2189/2/2204 2184/2/2204 2185/2/2204 2188/2/2204
f 2201/2/2208 2734/2/2208 2744/2/2208 2202/2/2208
f 2201/2/2218 2764/2/2218 2765/2/2218 2734/2/2218
f 2239/2/2254 2220/2/2254 2219/2/2254 2222/2/2254
f 2237/2/2255 2213/2/2255 2214/2/2255 2218/2/2255
f 2223/2/2256 2224/2/2256 2749/2/2256 2748/2/2256
f 2236/2/2257 2260/2/2257 2259/2/2257 2216/2/2257
f 2211/2/2258 2212/2/2258 2224/2/2258 2223/2/2258
f 2216/2/2259 2259/2/2259 2226/2/2259
f 2215/2/2260 2216/2/2260 2226/2/2260
f 2226/2/2261 2232/2/2261 2225/2/2261 2215/2/2261
f 2754/2/2262 2751/2/2262 2241/2/2262 2232/2/2262
f 2220/2/2264 2237/2/2264 2218/2/2264 2219/2/2264
f 2211/2/2265 2239/2/2265 2222/2/2265 2212/2/2265
f 2238/2/2267 2230/2/2267 2239/2/2267 2211/2/2267
f 2219/2/2268 2243/2/2268 2247/2/2268 2222/2/2268
f 2214/2/2269 2235/2/2269 2246/2/2269 2218/2/2269
f 2224/2/2270 2244/2/2270 2755/2/2270 2749/2/2270
f 2212/2/2271 2221/2/2271 2244/2/2271 2224/2/2271
f 2222/2/2272 2247/2/2272 2221/2/2272 2212/2/2272
f 2217/2/2273 2227/2/2273 2235/2/2273 2214/2/2273
f 2218/2/2274 2246/2/2274 2243/2/2274 2219/2/2274
f 2227/2/2275 2233/2/2276 2234/2/2277 2235/2/2277
f 2221/2/2278 2252/2/2278 2251/2/2278 2244/2/2278
f 2235/2/2279 2234/2/2279 2250/2/2279 2246/2/2279
f 2751/2/2280 2750/2/2280 2245/2/2280 2241/2/2280
f 2246/2/2281 2250/2/2281 2249/2/2281 2243/2/2281
f 2247/2/2282 2248/2/2282 2252/2/2282 2221/2/2282
f 2244/2/2283 2251/2/2283 2756/2/2283 2755/2/2283
f 2243/2/2284 2249/2/2284 2248/2/2284 2247/2/2284
f 2750/2/2285 2757/2/2285 2253/2/2285 2245/2/2285
f 2236/2/2303 2216/2/2303 2215/2/2303
f 2231/2/2304 2228/2/2304 2237/2/2304 2220/2/2304
f 2225/2/2305 2213/2/2305 2229/2/2305 2215/2/2305
f 2241/2/2306 2245/2/2306 2227/2/2306 2217/2/2306
f 2245/2/2307 2253/2/2307 2233/2/2276 2227/2/2275
f 2225/2/2308 2217/2/2308 2214/2/2308 2213/2/2308
f 2232/2/2309 2241/2/2309 2217/2/2309 2225/2/2309
f 2230/2/2310 2231/2/2310 2220/2/2310 2239/2/2310
f 2228/2/2311 2229/2/2311 2213/2/2311 2237/2/2311
f 2242/2/2312 2223/2/2312 2748/2/2312 2763/2/2312
f 2238/2/2313 2211/2/2313 2223/2/2313 2242/2/2313
f 2260/2/2316 2236/2/2316 2240/2/2316
f 2764/2/2843 2773/2/2843 2774/2/2843 2765/2/2843
f 2773/2/2844 2787/2/2844 2774/2/2844
o Suit_Feet
v 0.114704 -0.014095 0.051815
v 0.139919 0.001758 0.053539
v 0.170831 -0.011910 0.052350
v 0.115368 -0.015683 -0.001022
v 0.140089 0.001301 -0.000915
v 0.170389 -0.013511 -0.001314
v 0.139906 -0.280015 -0.005100
v 0.190423 -0.274678 -0.004524
v 0.114562 -0.013601 0.018976
v 0.139952 0.002102 0.019647
v 0.170869 -0.011600 0.019233
v 0.183316 -0.120808 0.088898
v 0.119747 -0.113521 0.084136
v 0.178503 -0.159606 0.066634
v 0.125413 -0.162620 0.066474
v 0.181877 -0.206377 0.051842
v 0.130361 -0.218390 0.050311
v 0.187147 -0.255012 0.044342
v 0.137226 -0.269613 0.043015
v 0.126652 -0.131999 -0.004701
v 0.176254 -0.129668 -0.004663
v 0.181516 -0.185471 -0.005097
v 0.131529 -0.195968 -0.005269
v 0.124090 -0.093094 -0.004062
v 0.173697 -0.090444 -0.004019
v 0.186079 -0.028909 -0.001449
v 0.210180 -0.232795 -0.004291
v 0.197366 -0.139396 -0.003597
v 0.204066 -0.198216 -0.004023
v 0.194491 -0.094581 -0.002800
v 0.189273 -0.029375 0.053518
v 0.202703 -0.224820 0.032093
v 0.193077 -0.149509 0.048356
v 0.199871 -0.199639 0.037833
v 0.188180 -0.101103 0.058551
v 0.198286 -0.094736 0.017902
v 0.189259 -0.028722 0.018896
v 0.201203 -0.139479 0.017204
v 0.208003 -0.198320 0.015957
v 0.213199 -0.233145 0.014548
v 0.121593 -0.055110 -0.003438
v 0.171292 -0.053584 -0.003413
v 0.190161 -0.059782 -0.002239
v 0.191636 -0.064046 0.055740
v 0.188754 -0.067609 0.079302
v 0.193828 -0.059932 0.018420
v 0.100005 -0.034552 -0.001525
v 0.113389 -0.259422 -0.004599
v 0.107216 -0.145243 -0.003663
v 0.108853 -0.214610 -0.004229
v 0.106748 -0.104627 -0.003056
v 0.098453 -0.035229 0.049346
v 0.116160 -0.251122 0.032111
v 0.105649 -0.151601 0.041382
v 0.107289 -0.215674 0.038150
v 0.109384 -0.107978 0.046732
v 0.102864 -0.105276 0.017702
v 0.096795 -0.034794 0.018815
v 0.103385 -0.145713 0.017025
v 0.105090 -0.215191 0.015911
v 0.110590 -0.259518 0.013774
v 0.101681 -0.073524 -0.002424
v 0.101299 -0.075793 0.050759
v 0.098032 -0.074205 0.018190
v 0.191865 -0.276602 0.014950
v 0.132743 -0.280902 0.014858
v 0.145641 -0.046442 -0.003735
v 0.167401 -0.282719 -0.004866
v 0.156165 -0.213135 0.053460
v 0.163824 -0.269518 0.046280
v 0.150760 -0.120404 -0.004527
v 0.155558 -0.184178 -0.005078
v 0.148593 -0.087569 -0.004012
v 0.167233 -0.285324 0.014797
v 0.152763 -0.164101 0.072361
v 0.149517 -0.128214 0.093278
v 0.114631 -0.017808 0.100278
v 0.140383 -0.005595 0.112063
v 0.167450 -0.017338 0.104430
v 0.183535 -0.032547 0.087877
v 0.102097 -0.036839 0.078670
v 0.105567 -0.078242 0.069044
v 0.178656 -0.113017 0.106789
v 0.150656 -0.114054 0.110872
v 0.121799 -0.107135 0.099923
v 0.178439 -0.113372 0.089104
v 0.123052 -0.107023 0.084955
v 0.183177 -0.067021 0.080744
v 0.118595 -0.023630 0.099020
v 0.141033 -0.012989 0.109287
v 0.164615 -0.023220 0.102637
v 0.178629 -0.036471 0.088215
v 0.107674 -0.040211 0.080193
v 0.110698 -0.076285 0.071806
v 0.174378 -0.106584 0.104693
v 0.149983 -0.107487 0.108250
v 0.124840 -0.101458 0.098711
v 0.126383 -0.100314 0.075658
v 0.151202 -0.113487 0.090429
v 0.172772 -0.101368 0.077214
v 0.177556 -0.066269 0.072073
v 0.122590 -0.029338 0.087628
v 0.141687 -0.020282 0.096367
v 0.161758 -0.028990 0.090707
v 0.173685 -0.040268 0.078432
v 0.113295 -0.043450 0.071605
v 0.115868 -0.074154 0.064466
v 0.150342 -0.105816 0.080316
v 0.150341 -0.106770 0.156872
v 0.161722 -0.030113 0.163509
v 0.122672 -0.030482 0.161693
v 0.126454 -0.101317 0.154163
v 0.172704 -0.102357 0.155074
v 0.141711 -0.021395 0.166903
v 0.115970 -0.075313 0.147744
v 0.173614 -0.041438 0.156200
v 0.113405 -0.044657 0.152156
v 0.177473 -0.067401 0.152279
v 0.149812 -0.100521 0.079954
v 0.128593 -0.095649 0.075828
v 0.170486 -0.042468 0.078285
v 0.119280 -0.072479 0.065916
v 0.117001 -0.045287 0.072238
v 0.169677 -0.096582 0.077206
v 0.173914 -0.065496 0.072653
v 0.159922 -0.032480 0.089156
v 0.125233 -0.032789 0.086430
v 0.142146 -0.024768 0.094169
v 0.166672 -0.045937 0.118047
v 0.121386 -0.048361 0.115163
v 0.128356 -0.037693 0.121969
v 0.157728 -0.037415 0.123264
v 0.142677 -0.030855 0.125688
v 0.123316 -0.071420 0.111998
v 0.131201 -0.090975 0.116557
v 0.165987 -0.091757 0.117205
v 0.169575 -0.065467 0.115236
v 0.149167 -0.095075 0.118484
v -0.190538 -0.014095 0.046317
v -0.215136 0.001758 0.052127
v -0.245827 -0.011910 0.055992
v -0.199806 -0.015683 -0.005706
v -0.224178 0.001301 -0.001571
v -0.254139 -0.013511 0.002974
v -0.224680 -0.280015 -0.005729
v -0.274428 -0.274678 0.003072
v -0.195751 -0.013601 0.013894
v -0.220692 0.002102 0.018694
v -0.251263 -0.011600 0.023325
v -0.252189 -0.120808 0.094086
v -0.190246 -0.113521 0.079027
v -0.251069 -0.159606 0.071336
v -0.198715 -0.162620 0.062525
v -0.256808 -0.206377 0.057292
v -0.206231 -0.218390 0.047384
v -0.263231 -0.255012 0.050751
v -0.214193 -0.269613 0.041305
v -0.211538 -0.131999 -0.007496
v -0.260470 -0.129668 0.000626
v -0.265733 -0.185471 0.001055
v -0.216443 -0.195968 -0.007262
v -0.208906 -0.093094 -0.007283
v -0.257842 -0.090444 0.000845
v -0.269640 -0.028909 0.005398
v -0.293882 -0.232795 0.006522
v -0.281127 -0.139396 0.005118
v -0.287806 -0.198216 0.005790
v -0.278160 -0.094581 0.005436
v -0.263833 -0.029375 0.060151
v -0.280575 -0.224820 0.041201
v -0.268427 -0.149509 0.055677
v -0.276845 -0.199639 0.046403
v -0.261934 -0.101103 0.064938
v -0.278530 -0.094736 0.026480
v -0.269462 -0.028722 0.025989
v -0.281522 -0.139479 0.026266
v -0.288434 -0.198320 0.026145
v -0.293790 -0.233145 0.025601
v -0.206341 -0.055110 -0.007075
v -0.255371 -0.053584 0.001050
v -0.273796 -0.059782 0.005284
v -0.265803 -0.064046 0.062728
v -0.259119 -0.067609 0.085505
v -0.274048 -0.059932 0.026264
v -0.184730 -0.034552 -0.008705
v -0.198436 -0.259422 -0.009557
v -0.192193 -0.145243 -0.009639
v -0.193900 -0.214610 -0.009932
v -0.191632 -0.104627 -0.009117
v -0.174907 -0.035229 0.041232
v -0.195187 -0.251122 0.027114
v -0.183305 -0.151601 0.034547
v -0.185450 -0.215674 0.031626
v -0.186118 -0.107978 0.040435
v -0.184417 -0.105276 0.010731
v -0.178248 -0.034794 0.010839
v -0.185041 -0.145713 0.010147
v -0.186905 -0.215191 0.009326
v -0.192679 -0.259518 0.008114
v -0.186530 -0.073524 -0.009319
v -0.177485 -0.075793 0.043090
v -0.179570 -0.074205 0.010424
v -0.272676 -0.276602 0.022521
v -0.214360 -0.280902 0.012794
v -0.230116 -0.046442 -0.003449
v -0.251769 -0.282719 -0.001017
v -0.231177 -0.213135 0.054697
v -0.239904 -0.269518 0.048861
v -0.235296 -0.120404 -0.003395
v -0.240119 -0.184178 -0.003157
v -0.233073 -0.087569 -0.003241
v -0.248398 -0.285324 0.018355
v -0.224740 -0.164101 0.072792
v -0.218129 -0.128214 0.092899
v -0.182568 -0.017808 0.094120
v -0.206055 -0.005595 0.109944
v -0.234004 -0.017338 0.106825
v -0.252571 -0.032547 0.093115
v -0.173723 -0.036839 0.070758
v -0.178716 -0.078242 0.061826
v -0.244675 -0.113017 0.110979
v -0.216385 -0.114054 0.110444
v -0.189698 -0.107135 0.094938
v -0.247343 -0.113372 0.093495
v -0.193374 -0.107023 0.080374
v -0.253381 -0.067021 0.086019
v -0.186684 -0.023630 0.093525
v -0.207148 -0.012989 0.107312
v -0.231499 -0.023220 0.104594
v -0.247676 -0.036471 0.092649
v -0.178977 -0.040211 0.073170
v -0.183328 -0.076285 0.065387
v -0.240797 -0.106584 0.108214
v -0.216148 -0.107487 0.107747
v -0.192896 -0.101458 0.094237
v -0.198176 -0.100314 0.071744
v -0.220255 -0.113487 0.090363
v -0.243691 -0.101368 0.080840
v -0.249249 -0.066269 0.076548
v -0.192482 -0.029338 0.082936
v -0.209899 -0.020282 0.094671
v -0.230625 -0.028990 0.092358
v -0.244393 -0.040268 0.082191
v -0.185923 -0.043450 0.065612
v -0.189625 -0.074154 0.058988
v -0.221055 -0.105816 0.080246
v -0.208576 -0.106770 0.155777
v -0.218724 -0.030113 0.164181
v -0.180491 -0.030482 0.156024
v -0.185450 -0.101317 0.149212
v -0.230933 -0.102357 0.157648
v -0.198427 -0.021395 0.164267
v -0.176153 -0.075313 0.141169
v -0.231648 -0.041438 0.158908
v -0.172903 -0.044657 0.145104
v -0.236094 -0.067401 0.155668
v -0.220591 -0.100521 0.079802
v -0.200328 -0.095649 0.072272
v -0.241260 -0.042468 0.081525
v -0.192755 -0.072479 0.060975
v -0.189476 -0.045287 0.066842
v -0.240638 -0.096582 0.080329
v -0.245561 -0.065496 0.076527
v -0.229066 -0.032480 0.090529
v -0.195285 -0.032789 0.082185
v -0.210711 -0.024768 0.092577
v -0.231017 -0.045937 0.120134
v -0.186807 -0.048361 0.109907
v -0.192574 -0.037693 0.117758
v -0.221342 -0.037415 0.123822
v -0.206097 -0.030855 0.123761
v -0.189226 -0.071420 0.107099
v -0.196263 -0.090975 0.112882
v -0.230479 -0.091757 0.119191
v -0.234339 -0.065467 0.117833
v -0.213675 -0.095075 0.117711
vn -0.5441 0.8359 -0.0721
vn 0.4207 0.9050 -0.0632
vn 0.0009 0.0166 -0.9999
vn 0.0011 0.0161 -0.9999
vn 0.0008 0.0152 -0.9999
vn 0.0008 0.0090 -1.0000
vn 0.4050 0.9143 0.0093
vn -0.5295 0.8482 0.0115
vn 0.1244 -0.1223 0.9847
vn -0.0013 0.0081 -1.0000
vn 0.0071 -0.0019 -1.0000
vn -0.0331 0.0555 -0.9979
vn 0.0579 0.0447 -0.9973
vn 0.0300 0.0012 -0.9995
vn 0.0558 0.0133 -0.9984
vn 0.0565 0.0144 -0.9983
vn 0.0606 0.0200 -0.9980
vn 0.0617 0.0212 -0.9979
vn 0.0656 0.0223 -0.9976
vn 0.9651 0.0509 0.2567
vn 0.9474 0.0849 0.3086
vn 0.9067 0.0718 0.4157
vn 0.9446 -0.1137 0.3079
vn 0.7263 -0.1014 0.6798
vn 0.6570 -0.0626 0.7513
vn 0.9716 0.1625 -0.1722
vn 0.9759 0.1146 -0.1855
vn 0.9814 0.0665 -0.1801
vn 0.9767 0.1394 -0.1632
vn 0.6863 0.7206 -0.0984
vn 0.9764 0.1260 -0.1752
vn 0.9908 -0.0830 0.1065
vn 0.9872 0.0188 0.1582
vn 0.0660 0.0225 -0.9976
vn -0.9958 -0.0501 0.0761
vn -0.9857 0.0258 0.1663
vn -0.9954 -0.0279 0.0915
vn -0.9556 -0.1948 0.2210
vn 0.6844 0.7290 0.0106
vn -0.9064 -0.1194 0.4053
vn -0.6760 -0.1538 0.7206
vn -0.5333 -0.2224 0.8161
vn -0.9800 -0.1056 -0.1688
vn -0.9828 -0.0214 -0.1834
vn -0.9829 -0.0153 -0.1833
vn -0.9829 -0.0152 -0.1833
vn -0.9830 -0.0091 -0.1833
vn -0.9856 -0.0334 -0.1658
vn -0.7655 0.6348 -0.1052
vn -0.7800 0.6249 0.0313
vn -0.9716 -0.1514 -0.1818
vn 0.9937 0.1056 0.0371
vn -0.9682 -0.2077 0.1394
vn -0.0314 -0.0016 -0.9995
vn -0.0537 0.0059 -0.9985
vn -0.0628 0.0121 -0.9980
vn -0.0552 0.0069 -0.9985
vn -0.0633 0.0115 -0.9979
vn -0.0642 0.0129 -0.9979
vn -0.0632 0.0112 -0.9979
vn -0.0534 0.0368 -0.9979
vn -0.6405 -0.7452 -0.1856
vn 0.8933 -0.4304 -0.1295
vn -0.1133 -0.9877 -0.1080
vn 0.8172 -0.3279 0.4739
vn 0.3881 -0.7613 0.5195
vn -0.6780 -0.6128 0.4060
vn 0.0078 -0.0023 -1.0000
vn 0.0084 -0.0012 -1.0000
vn 0.0038 0.0079 -1.0000
vn 0.0212 0.0575 -0.9981
vn 0.2402 -0.4896 0.8382
vn 0.0086 0.0119 -0.9999
vn 0.0071 -0.0034 -1.0000
vn 0.2009 -0.3123 0.9285
vn -0.3400 -0.4180 0.8424
vn -0.1362 -0.3241 0.9362
vn -0.0859 -0.9065 0.4134
vn 0.3306 -0.9362 -0.1191
vn -0.0006 0.0152 -0.9999
vn -0.1054 -0.1465 0.9836
vn -0.0079 0.0111 -0.9999
vn -0.0083 0.0108 -0.9999
vn -0.4988 0.8619 0.0910
vn 0.7132 0.6861 0.1435
vn -0.9386 -0.2758 0.2070
vn -0.9836 -0.0914 0.1557
vn 0.4134 0.9032 0.1153
vn 0.9832 0.0926 0.1571
vn -0.8314 0.5504 0.0758
vn -0.4452 -0.7430 0.4998
vn 0.1856 -0.8273 0.5302
vn -0.2419 -0.3595 0.9012
vn 0.2254 -0.1996 0.9536
vn -0.3878 -0.2395 0.8901
vn -0.8855 0.4593 -0.0707
vn 0.8357 0.5487 -0.0213
vn 0.1198 0.3787 0.9177
vn 0.4073 -0.4402 0.8002
vn -0.4930 -0.4909 0.7183
vn 0.2619 0.1453 0.9541
vn -0.2632 0.3344 0.9050
vn 0.1156 -0.3401 0.9332
vn -0.5134 0.1547 0.8441
vn 0.3030 0.8931 -0.3325
vn -0.0528 0.9298 -0.3642
vn -0.2980 -0.8294 0.4725
vn -0.8075 0.1871 0.5594
vn 0.3244 -0.7952 0.5122
vn 0.0666 0.7977 0.5994
vn -0.2372 -0.8511 0.4684
vn 0.6294 0.5055 0.5902
vn 0.8243 -0.0618 0.5628
vn -0.0088 0.7441 0.6680
vn 0.1800 -0.8527 0.4904
vn -0.8226 -0.2476 0.5118
vn -0.1878 -0.4476 0.8743
vn 0.1075 -0.2210 0.9693
vn -0.4013 -0.5593 0.7254
vn -0.4603 0.1863 0.8680
vn 0.1807 0.1184 0.9764
vn 0.1210 0.0798 0.9894
vn -0.9771 -0.0527 -0.2060
vn -0.2778 -0.2396 0.9303
vn 0.1630 -0.9423 -0.2924
vn 0.3217 -0.5205 0.7909
vn -0.1838 -0.9417 -0.2817
vn 0.9652 0.1725 -0.1964
vn 0.6099 0.7667 -0.2005
vn -0.1797 0.0492 0.9825
vn -0.3728 0.9023 -0.2165
vn 0.3632 0.9098 -0.2007
vn -0.8836 -0.4105 -0.2253
vn -0.7428 0.6316 -0.2222
vn 0.9657 -0.1483 -0.2132
vn 0.0653 -0.4336 0.8987
vn 0.9870 -0.1229 0.1032
vn -0.8791 0.4584 0.1307
vn -0.9342 -0.3441 0.0942
vn 0.4239 0.8914 0.1605
vn -0.4730 0.8650 0.1675
vn 0.7384 0.6607 0.1352
vn 0.9866 0.1263 0.1030
vn -0.2402 -0.9621 0.1288
vn 0.2068 -0.9686 0.1381
vn -0.9907 -0.1003 0.0915
vn 0.5251 0.8359 -0.1598
vn -0.4254 0.9050 0.0062
vn -0.1618 0.0198 -0.9866
vn -0.1638 0.0090 -0.9865
vn -0.1637 0.0152 -0.9864
vn -0.1710 0.0121 -0.9852
vn -0.3980 0.9143 0.0752
vn 0.5243 0.8482 -0.0749
vn 0.0377 -0.1223 0.9918
vn -0.1617 0.0081 -0.9868
vn -0.1300 0.0555 -0.9900
vn -0.2197 0.0447 -0.9745
vn -0.1926 0.0012 -0.9813
vn -0.2177 0.0133 -0.9759
vn -0.2224 0.0200 -0.9747
vn -0.2185 0.0143 -0.9757
vn -0.2274 0.0223 -0.9736
vn -0.2235 0.0212 -0.9745
vn -0.9104 0.0509 0.4106
vn -0.8844 0.0849 0.4589
vn -0.8268 0.0718 0.5579
vn -0.8818 -0.1137 0.4578
vn -0.6058 -0.1014 0.7891
vn -0.5257 -0.0626 0.8483
vn -0.9866 0.1625 -0.0115
vn -0.9931 0.1146 -0.0239
vn -0.9976 0.0665 -0.0177
vn -0.9902 0.1394 -0.0019
vn -0.6932 0.7206 0.0148
vn -0.9919 0.1260 -0.0138
vn -0.9602 -0.0830 0.2666
vn -0.9482 0.0188 0.3170
vn -0.2277 0.0225 -0.9735
vn 0.9949 -0.0501 -0.0872
vn 0.9997 0.0258 0.0035
vn 0.9970 -0.0279 -0.0719
vn 0.9789 -0.1948 0.0623
vn -0.6735 0.7290 0.1220
vn 0.9603 -0.1194 0.2521
vn 0.7844 -0.1538 0.6008
vn 0.6592 -0.2224 0.7183
vn 0.9394 -0.1056 -0.3263
vn 0.9398 -0.0214 -0.3411
vn 0.9399 -0.0152 -0.3411
vn 0.9399 -0.0153 -0.3411
vn 0.9400 -0.0091 -0.3410
vn 0.9454 -0.0334 -0.3242
vn 0.7381 0.6348 -0.2285
vn 0.7747 0.6249 -0.0962
vn 0.9290 -0.1514 -0.3377
vn -0.9744 0.1056 0.1985
vn 0.9780 -0.2077 -0.0203
vn -0.1320 -0.0016 -0.9913
vn -0.1097 0.0059 -0.9939
vn -0.1083 0.0069 -0.9941
vn -0.1007 0.0121 -0.9948
vn -0.0993 0.0129 -0.9950
vn -0.1002 0.0115 -0.9949
vn -0.1003 0.0112 -0.9949
vn -0.1100 0.0368 -0.9933
vn 0.6017 -0.7452 -0.2875
vn -0.9025 -0.4304 0.0178
vn 0.0941 -0.9877 -0.1250
vn -0.7291 -0.3279 0.6008
vn -0.2982 -0.7613 0.5758
vn 0.7351 -0.6128 0.2901
vn -0.1711 -0.0030 -0.9853
vn -0.1667 0.0079 -0.9860
vn -0.1713 -0.0012 -0.9852
vn -0.1706 -0.0023 -0.9853
vn -0.1836 0.0575 -0.9813
vn -0.1004 -0.4896 0.8661
vn -0.1714 0.0119 -0.9851
vn -0.1700 -0.0034 -0.9854
vn -0.0469 -0.3123 0.9488
vn 0.4728 -0.4180 0.7757
vn 0.2869 -0.3241 0.9015
vn 0.1521 -0.9065 0.3939
vn -0.3456 -0.9362 -0.0636
vn -0.1624 0.0152 -0.9866
vn 0.2643 -0.1465 0.9532
vn -0.1552 0.0111 -0.9878
vn -0.1548 0.0108 -0.9879
vn 0.5069 0.8619 0.0085
vn -0.6803 0.6861 0.2578
vn 0.9598 -0.2758 0.0513
vn 0.9958 -0.0914 -0.0067
vn -0.3891 0.9032 0.1811
vn -0.9445 0.0926 0.3152
vn 0.8327 0.5504 -0.0607
vn 0.5207 -0.7430 0.4206
vn -0.0967 -0.8273 0.5533
vn 0.3856 -0.3595 0.8498
vn -0.0670 -0.1996 0.9776
vn 0.5277 -0.2395 0.8150
vn 0.8621 0.4593 -0.2141
vn -0.8280 0.5487 0.1152
vn 0.0314 0.3787 0.9250
vn -0.2714 -0.4402 0.8559
vn 0.6035 -0.4909 0.6284
vn -0.1029 0.1453 0.9840
vn 0.4072 0.3344 0.8500
vn 0.0380 -0.3401 0.9396
vn 0.6441 0.1547 0.7491
vn -0.3532 0.8931 -0.2787
vn -0.0073 0.9298 -0.3680
vn 0.3711 -0.8294 0.4176
vn 0.8879 0.1871 0.4203
vn -0.2365 -0.7952 0.5582
vn 0.0320 0.7977 0.6022
vn 0.3103 -0.8511 0.4235
vn -0.5248 0.5055 0.6849
vn -0.7216 -0.0618 0.6896
vn 0.1176 0.7441 0.6576
vn -0.0977 -0.8527 0.5132
vn 0.8951 -0.2476 0.3709
vn 0.3278 -0.4476 0.8320
vn 0.0519 -0.2210 0.9739
vn 0.5141 -0.5593 0.6503
vn 0.5956 0.1863 0.7813
vn -0.0191 0.1184 0.9928
vn 0.0419 0.0798 0.9959
vn 0.9305 -0.0527 -0.3625
vn 0.4257 -0.2396 0.8726
vn -0.2084 -0.9423 -0.2619
vn -0.1885 -0.5205 0.8328
vn 0.1354 -0.9417 -0.3079
vn -0.9843 0.1725 -0.0364
vn -0.6344 0.7667 -0.0984
vn 0.3375 0.0492 0.9401
vn 0.3325 0.9023 -0.2743
vn -0.3910 0.9098 -0.1388
vn 0.8350 -0.4105 -0.3663
vn 0.6966 0.6316 -0.3403
vn -0.9875 -0.1483 -0.0530
vn 0.0820 -0.4336 0.8974
vn -0.9570 -0.1229 0.2627
vn 0.8886 0.4584 -0.0143
vn 0.9371 -0.3441 -0.0593
vn -0.3921 0.8914 0.2274
vn 0.4940 0.8650 0.0882
vn -0.7065 0.6607 0.2538
vn -0.9567 0.1263 0.2624
vn 0.2580 -0.9621 0.0879
vn -0.1815 -0.9686 0.1700
vn 0.9924 -0.1003 -0.0712
vt 0.000000 0.000000
s 1
usemtl Black
f 2796/3/2857 2797/3/2857 2792/3/2857 2791/3/2857
f 2797/3/2858 2798/3/2858 2793/3/2858 2792/3/2858
f 2860/3/2859 2812/3/2860 2808/3/2861 2858/3/2862
f 2789/3/2863 2790/3/2863 2798/3/2863 2797/3/2863
f 2788/3/2864 2789/3/2864 2797/3/2864 2796/3/2864
f 2856/3/2865 2857/3/2865 2805/3/2865 2803/3/2865
f 2858/3/2862 2808/3/2861 2809/3/2866 2859/3/2867
f 2791/3/2868 2792/3/2868 2854/3/2868 2828/3/2868
f 2829/3/2869 2793/3/2869 2813/3/2869 2830/3/2869
f 2795/3/2870 2809/3/2870 2816/3/2870 2814/3/2870
f 2809/3/2871 2808/3/2872 2815/3/2873 2816/3/2871
f 2808/3/2872 2812/3/2874 2817/3/2875 2815/3/2873
f 2825/3/2876 2823/3/2876 2822/3/2876 2820/3/2876
f 2826/3/2877 2825/3/2877 2820/3/2877 2821/3/2877
f 2827/3/2878 2826/3/2878 2821/3/2878 2819/3/2878
f 2820/3/2879 2822/3/2879 2799/3/2879 2801/3/2879
f 2821/3/2880 2820/3/2880 2801/3/2880 2803/3/2880
f 2819/3/2881 2821/3/2881 2803/3/2881 2805/3/2881
f 2814/3/2882 2816/3/2882 2826/3/2882 2827/3/2882
f 2816/3/2883 2815/3/2883 2825/3/2883 2826/3/2883
f 2815/3/2884 2817/3/2884 2823/3/2884 2825/3/2884
f 2830/3/2885 2813/3/2885 2824/3/2885 2833/3/2885
f 2798/3/2886 2824/3/2886 2813/3/2886 2793/3/2886
f 2817/3/2887 2830/3/2887 2833/3/2887 2823/3/2887
f 2822/3/2888 2831/3/2888 2832/3/2888 2799/3/2888
f 2823/3/2889 2833/3/2889 2831/3/2889 2822/3/2889
f 2812/3/2874 2829/3/2890 2830/3/2890 2817/3/2875
f 2851/3/2891 2850/3/2891 2839/3/2891 2845/3/2891
f 2846/3/2892 2841/3/2892 2843/3/2892 2844/3/2892
f 2847/3/2893 2842/3/2893 2841/3/2893 2846/3/2893
f 2848/3/2894 2840/3/2894 2842/3/2894 2847/3/2894
f 2824/3/2895 2798/3/2895 2790/3/2895 2818/3/2895
f 2841/3/2896 2802/3/2896 2800/3/2896 2843/3/2896
f 2842/3/2897 2804/3/2897 2802/3/2897 2841/3/2897
f 2840/3/2898 2806/3/2898 2804/3/2898 2842/3/2898
f 2835/3/2899 2848/3/2899 2847/3/2899 2837/3/2899
f 2837/3/2900 2847/3/2900 2846/3/2901 2836/3/2902
f 2836/3/2902 2846/3/2901 2844/3/2903 2838/3/2903
f 2849/3/2904 2851/3/2904 2845/3/2904 2834/3/2904
f 2796/3/2905 2791/3/2905 2834/3/2905 2845/3/2905
f 2788/3/2906 2796/3/2906 2845/3/2906 2839/3/2906
f 2838/3/2907 2844/3/2907 2851/3/2907 2849/3/2907
f 2833/3/2908 2824/3/2908 2818/3/2908 2831/3/2908
f 2844/3/2909 2843/3/2909 2850/3/2909 2851/3/2909
f 2794/3/2910 2835/3/2910 2837/3/2910 2810/3/2910
f 2810/3/2911 2837/3/2911 2836/3/2912 2807/3/2913
f 2807/3/2913 2836/3/2912 2838/3/2914 2811/3/2915
f 2811/3/2915 2838/3/2914 2849/3/2916 2828/3/2916
f 2828/3/2917 2849/3/2917 2834/3/2917 2791/3/2917
f 2835/3/2918 2794/3/2918 2853/3/2918 2848/3/2918
f 2814/3/2919 2827/3/2919 2852/3/2919 2795/3/2919
f 2855/3/2920 2861/3/2920 2853/3/2920 2794/3/2920
f 2852/3/2921 2827/3/2921 2819/3/2921 2805/3/2921
f 2861/3/2922 2852/3/2922 2805/3/2922 2857/3/2922
f 2848/3/2923 2853/3/2923 2806/3/2923 2840/3/2923
f 2859/3/2867 2855/3/2924 2794/3/2925 2810/3/2926
f 2793/3/2927 2829/3/2927 2854/3/2927 2792/3/2927
f 2801/3/2928 2799/3/2928 2863/3/2928 2862/3/2928
f 2812/3/2929 2860/3/2929 2854/3/2929 2829/3/2929
f 2809/3/2930 2795/3/2930 2855/3/2924 2859/3/2867
f 2856/3/2931 2803/3/2931 2801/3/2931 2862/3/2931
f 2862/3/2932 2863/3/2932 2800/3/2932 2802/3/2932
f 2804/3/2933 2856/3/2933 2862/3/2933 2802/3/2933
f 2853/3/2934 2861/3/2934 2857/3/2934 2806/3/2934
f 2795/3/2935 2852/3/2935 2861/3/2935 2855/3/2935
f 2807/3/2936 2858/3/2862 2859/3/2867 2810/3/2926
f 2804/3/2937 2806/3/2937 2857/3/2937 2856/3/2937
f 2811/3/2938 2860/3/2859 2858/3/2862 2807/3/2936
f 2854/3/2939 2860/3/2859 2811/3/2938 2828/3/2939
f 2789/3/2940 2788/3/2940 2864/3/2940 2865/3/2940
f 2818/3/2941 2790/3/2941 2866/3/2941 2867/3/2941
f 2850/3/2942 2843/3/2942 2800/3/2942 2869/3/2942
f 2839/3/2943 2850/3/2943 2869/3/2943 2868/3/2943
f 2790/3/2944 2789/3/2944 2865/3/2944 2866/3/2944
f 2831/3/2945 2818/3/2945 2867/3/2945 2832/3/2945
f 2788/3/2946 2839/3/2946 2868/3/2946 2864/3/2946
f 2872/3/2947 2800/3/2947 2863/3/2947 2871/3/2947
f 2871/3/2948 2863/3/2948 2799/3/2948 2870/3/2948
f 2865/3/2949 2864/3/2949 2876/3/2949 2877/3/2949
f 2832/3/2950 2867/3/2950 2879/3/2950 2875/3/2950
f 2868/3/2951 2869/3/2951 2881/3/2951 2880/3/2951
f 2800/3/2952 2872/3/2952 2884/3/2952 2874/3/2952
f 2870/3/2953 2799/3/2953 2873/3/2953 2882/3/2953
f 2871/3/2954 2870/3/2954 2882/3/2954 2883/3/2954
f 2867/3/2955 2866/3/2955 2878/3/2955 2879/3/2955
f 2864/3/2956 2868/3/2956 2880/3/2956 2876/3/2956
f 2799/3/2957 2832/3/2957 2875/3/2957 2873/3/2957
f 2872/3/2958 2871/3/2958 2883/3/2958 2884/3/2958
f 2866/3/2959 2865/3/2959 2877/3/2959 2878/3/2959
f 2869/3/2960 2800/3/2960 2874/3/2960 2881/3/2960
f 2884/3/2961 2883/3/2961 2886/3/2961 2874/3/2961
f 2883/3/2962 2882/3/2962 2873/3/2962 2886/3/2962
f 2879/3/2963 2878/3/2963 2891/3/2963 2892/3/2963
f 2873/3/2964 2875/3/2964 2888/3/2964 2887/3/2964
f 2876/3/2965 2880/3/2965 2893/3/2965 2889/3/2965
f 2874/3/2966 2886/3/2966 2895/3/2966 2885/3/2966
f 2878/3/2967 2877/3/2967 2890/3/2967 2891/3/2967
f 2881/3/2968 2874/3/2968 2885/3/2968 2894/3/2968
f 2880/3/2969 2881/3/2969 2894/3/2969 2893/3/2969
f 2886/3/2970 2873/3/2970 2887/3/2970 2895/3/2970
f 2877/3/2971 2876/3/2971 2889/3/2971 2890/3/2971
f 2875/3/2972 2879/3/2972 2892/3/2972 2888/3/2972
f 2890/3/2973 2889/3/2973 2914/3/2973 2915/3/2973
f 2888/3/2974 2892/3/2974 2908/3/2974 2912/3/2974
f 2889/3/2975 2893/3/2975 2910/3/2975 2914/3/2975
f 2894/3/2976 2885/3/2976 2907/3/2976 2909/3/2976
f 2887/3/2977 2888/3/2977 2912/3/2977 2911/3/2977
f 2895/3/2978 2887/3/2978 2911/3/2978 2906/3/2978
f 2917/3/2979 2921/3/2979 2902/3/2979 2904/3/2979
f 2893/3/2980 2894/3/2980 2909/3/2980 2910/3/2980
f 2925/3/2981 2923/3/2981 2900/3/2981 2896/3/2981
f 2892/3/2982 2891/3/2982 2913/3/2982 2908/3/2982
f 2922/3/2983 2925/3/2983 2896/3/2983 2899/3/2983
f 2924/3/2984 2916/3/2984 2903/3/2984 2905/3/2984
f 2916/3/2985 2919/3/2985 2897/3/2985 2903/3/2985
f 2885/3/2986 2895/3/2986 2906/3/2986 2907/3/2986
f 2920/3/2987 2918/3/2987 2898/3/2987 2901/3/2987
f 2919/3/2988 2920/3/2988 2901/3/2988 2897/3/2988
f 2921/3/2989 2922/3/2989 2899/3/2989 2902/3/2989
f 2918/3/2990 2917/3/2990 2904/3/2990 2898/3/2990
f 2923/3/2991 2924/3/2991 2905/3/2991 2900/3/2991
f 2891/3/2992 2890/3/2992 2915/3/2992 2913/3/2992
f 2911/3/2993 2912/3/2993 2924/3/2993 2923/3/2993
f 2914/3/2994 2910/3/2994 2917/3/2994 2918/3/2994
f 2909/3/2995 2907/3/2995 2922/3/2995 2921/3/2995
f 2913/3/2996 2915/3/2996 2920/3/2996 2919/3/2996
f 2915/3/2997 2914/3/2997 2918/3/2997 2920/3/2997
f 2908/3/2998 2913/3/2998 2919/3/2998 2916/3/2998
f 2912/3/2999 2908/3/2999 2916/3/2999 2924/3/2999
f 2907/3/3000 2906/3/3000 2925/3/3000 2922/3/3000
f 2906/3/3001 2911/3/3001 2923/3/3001 2925/3/3001
f 2910/3/3002 2909/3/3002 2921/3/3002 2917/3/3002
f 2934/3/3003 2929/3/3003 2930/3/3003 2935/3/3003
f 2935/3/3004 2930/3/3004 2931/3/3004 2936/3/3004
f 2998/3/3005 2996/3/3006 2946/3/3007 2950/3/3008
f 2927/3/3009 2935/3/3009 2936/3/3009 2928/3/3009
f 2926/3/3010 2934/3/3010 2935/3/3010 2927/3/3010
f 2994/3/3011 2941/3/3011 2943/3/3011 2995/3/3011
f 2996/3/3006 2997/3/3012 2947/3/3012 2946/3/3007
f 2929/3/3013 2966/3/3013 2992/3/3013 2930/3/3013
f 2967/3/3014 2968/3/3014 2951/3/3014 2931/3/3014
f 2933/3/3015 2952/3/3015 2954/3/3015 2947/3/3015
f 2947/3/3016 2954/3/3016 2953/3/3017 2946/3/3018
f 2946/3/3018 2953/3/3017 2955/3/3019 2950/3/3020
f 2963/3/3021 2958/3/3021 2960/3/3021 2961/3/3021
f 2964/3/3022 2959/3/3022 2958/3/3022 2963/3/3022
f 2965/3/3023 2957/3/3023 2959/3/3023 2964/3/3023
f 2958/3/3024 2939/3/3024 2937/3/3024 2960/3/3024
f 2959/3/3025 2941/3/3025 2939/3/3025 2958/3/3025
f 2957/3/3026 2943/3/3026 2941/3/3026 2959/3/3026
f 2952/3/3027 2965/3/3027 2964/3/3027 2954/3/3027
f 2954/3/3028 2964/3/3028 2963/3/3028 2953/3/3028
f 2953/3/3029 2963/3/3029 2961/3/3029 2955/3/3029
f 2968/3/3030 2971/3/3030 2962/3/3030 2951/3/3030
f 2936/3/3031 2931/3/3031 2951/3/3031 2962/3/3031
f 2955/3/3032 2961/3/3032 2971/3/3032 2968/3/3032
f 2960/3/3033 2937/3/3033 2970/3/3033 2969/3/3033
f 2961/3/3034 2960/3/3034 2969/3/3034 2971/3/3034
f 2950/3/3020 2955/3/3019 2968/3/3035 2967/3/3035
f 2989/3/3036 2983/3/3036 2977/3/3036 2988/3/3036
f 2984/3/3037 2982/3/3037 2981/3/3037 2979/3/3037
f 2985/3/3038 2984/3/3038 2979/3/3038 2980/3/3038
f 2986/3/3039 2985/3/3039 2980/3/3039 2978/3/3039
f 2962/3/3040 2956/3/3040 2928/3/3040 2936/3/3040
f 2979/3/3041 2981/3/3041 2938/3/3041 2940/3/3041
f 2980/3/3042 2979/3/3042 2940/3/3042 2942/3/3042
f 2978/3/3043 2980/3/3043 2942/3/3043 2944/3/3043
f 2973/3/3044 2975/3/3044 2985/3/3044 2986/3/3044
f 2975/3/3045 2974/3/3046 2984/3/3047 2985/3/3045
f 2974/3/3046 2976/3/3048 2982/3/3048 2984/3/3047
f 2987/3/3049 2972/3/3049 2983/3/3049 2989/3/3049
f 2934/3/3050 2983/3/3050 2972/3/3050 2929/3/3050
f 2926/3/3051 2977/3/3051 2983/3/3051 2934/3/3051
f 2976/3/3052 2987/3/3052 2989/3/3052 2982/3/3052
f 2971/3/3053 2969/3/3053 2956/3/3053 2962/3/3053
f 2982/3/3054 2989/3/3054 2988/3/3054 2981/3/3054
f 2932/3/3055 2948/3/3055 2975/3/3055 2973/3/3055
f 2948/3/3056 2945/3/3057 2974/3/3058 2975/3/3056
f 2945/3/3057 2949/3/3059 2976/3/3060 2974/3/3058
f 2949/3/3059 2966/3/3061 2987/3/3061 2976/3/3060
f 2966/3/3062 2929/3/3062 2972/3/3062 2987/3/3062
f 2973/3/3063 2986/3/3063 2991/3/3063 2932/3/3063
f 2952/3/3064 2933/3/3064 2990/3/3064 2965/3/3064
f 2993/3/3065 2932/3/3065 2991/3/3065 2999/3/3065
f 2990/3/3066 2943/3/3066 2957/3/3066 2965/3/3066
f 2999/3/3067 2995/3/3067 2943/3/3067 2990/3/3067
f 2986/3/3068 2978/3/3068 2944/3/3068 2991/3/3068
f 2997/3/3069 2948/3/3070 2932/3/3071 2993/3/3072
f 2931/3/3073 2930/3/3073 2992/3/3073 2967/3/3073
f 2939/3/3074 3000/3/3074 3001/3/3074 2937/3/3074
f 2950/3/3008 2967/3/3075 2992/3/3075 2998/3/3005
f 2947/3/3076 2997/3/3069 2993/3/3072 2933/3/3076
f 2994/3/3077 3000/3/3077 2939/3/3077 2941/3/3077
f 3000/3/3078 2940/3/3078 2938/3/3078 3001/3/3078
f 2942/3/3079 2940/3/3079 3000/3/3079 2994/3/3079
f 2991/3/3080 2944/3/3080 2995/3/3080 2999/3/3080
f 2933/3/3081 2993/3/3081 2999/3/3081 2990/3/3081
f 2945/3/3082 2948/3/3070 2997/3/3069 2996/3/3006
f 2942/3/3083 2994/3/3083 2995/3/3083 2944/3/3083
f 2949/3/3084 2945/3/3082 2996/3/3006 2998/3/3005
f 2992/3/3085 2966/3/3085 2949/3/3084 2998/3/3005
f 2927/3/3086 3003/3/3086 3002/3/3086 2926/3/3086
f 2956/3/3087 3005/3/3087 3004/3/3087 2928/3/3087
f 2988/3/3088 3007/3/3088 2938/3/3088 2981/3/3088
f 2977/3/3089 3006/3/3089 3007/3/3089 2988/3/3089
f 2928/3/3090 3004/3/3090 3003/3/3090 2927/3/3090
f 2969/3/3091 2970/3/3091 3005/3/3091 2956/3/3091
f 2926/3/3092 3002/3/3092 3006/3/3092 2977/3/3092
f 3010/3/3093 3009/3/3093 3001/3/3093 2938/3/3093
f 3009/3/3094 3008/3/3094 2937/3/3094 3001/3/3094
f 3003/3/3095 3015/3/3095 3014/3/3095 3002/3/3095
f 2970/3/3096 3013/3/3096 3017/3/3096 3005/3/3096
f 3006/3/3097 3018/3/3097 3019/3/3097 3007/3/3097
f 2938/3/3098 3012/3/3098 3022/3/3098 3010/3/3098
f 3008/3/3099 3020/3/3099 3011/3/3099 2937/3/3099
f 3009/3/3100 3021/3/3100 3020/3/3100 3008/3/3100
f 3005/3/3101 3017/3/3101 3016/3/3101 3004/3/3101
f 3002/3/3102 3014/3/3102 3018/3/3102 3006/3/3102
f 2937/3/3103 3011/3/3103 3013/3/3103 2970/3/3103
f 3010/3/3104 3022/3/3104 3021/3/3104 3009/3/3104
f 3004/3/3105 3016/3/3105 3015/3/3105 3003/3/3105
f 3007/3/3106 3019/3/3106 3012/3/3106 2938/3/3106
f 3022/3/3107 3012/3/3107 3024/3/3107 3021/3/3107
f 3021/3/3108 3024/3/3108 3011/3/3108 3020/3/3108
f 3017/3/3109 3030/3/3109 3029/3/3109 3016/3/3109
f 3011/3/3110 3025/3/3110 3026/3/3110 3013/3/3110
f 3014/3/3111 3027/3/3111 3031/3/3111 3018/3/3111
f 3012/3/3112 3023/3/3112 3033/3/3112 3024/3/3112
f 3016/3/3113 3029/3/3113 3028/3/3113 3015/3/3113
f 3019/3/3114 3032/3/3114 3023/3/3114 3012/3/3114
f 3018/3/3115 3031/3/3115 3032/3/3115 3019/3/3115
f 3024/3/3116 3033/3/3116 3025/3/3116 3011/3/3116
f 3015/3/3117 3028/3/3117 3027/3/3117 3014/3/3117
f 3013/3/3118 3026/3/3118 3030/3/3118 3017/3/3118
f 3028/3/3119 3053/3/3119 3052/3/3119 3027/3/3119
f 3026/3/3120 3050/3/3120 3046/3/3120 3030/3/3120
f 3027/3/3121 3052/3/3121 3048/3/3121 3031/3/3121
f 3032/3/3122 3047/3/3122 3045/3/3122 3023/3/3122
f 3025/3/3123 3049/3/3123 3050/3/3123 3026/3/3123
f 3033/3/3124 3044/3/3124 3049/3/3124 3025/3/3124
f 3055/3/3125 3042/3/3125 3040/3/3125 3059/3/3125
f 3031/3/3126 3048/3/3126 3047/3/3126 3032/3/3126
f 3063/3/3127 3034/3/3127 3038/3/3127 3061/3/3127
f 3030/3/3128 3046/3/3128 3051/3/3128 3029/3/3128
f 3060/3/3129 3037/3/3129 3034/3/3129 3063/3/3129
f 3062/3/3130 3043/3/3130 3041/3/3130 3054/3/3130
f 3054/3/3131 3041/3/3131 3035/3/3131 3057/3/3131
f 3023/3/3132 3045/3/3132 3044/3/3132 3033/3/3132
f 3058/3/3133 3039/3/3133 3036/3/3133 3056/3/3133
f 3057/3/3134 3035/3/3134 3039/3/3134 3058/3/3134
f 3059/3/3135 3040/3/3135 3037/3/3135 3060/3/3135
f 3056/3/3136 3036/3/3136 3042/3/3136 3055/3/3136
f 3061/3/3137 3038/3/3137 3043/3/3137 3062/3/3137
f 3029/3/3138 3051/3/3138 3053/3/3138 3028/3/3138
f 3049/3/3139 3061/3/3139 3062/3/3139 3050/3/3139
f 3052/3/3140 3056/3/3140 3055/3/3140 3048/3/3140
f 3047/3/3141 3059/3/3141 3060/3/3141 3045/3/3141
f 3051/3/3142 3057/3/3142 3058/3/3142 3053/3/3142
f 3053/3/3143 3058/3/3143 3056/3/3143 3052/3/3143
f 3046/3/3144 3054/3/3144 3057/3/3144 3051/3/3144
f 3050/3/3145 3062/3/3145 3054/3/3145 3046/3/3145
f 3045/3/3146 3060/3/3146 3063/3/3146 3044/3/3146
f 3044/3/3147 3063/3/3147 3061/3/3147 3049/3/3147
f 3048/3/3148 3055/3/3148 3059/3/3148 3047/3/3148
o Suit_Legs
v 0.060416 -0.156203 0.946985
v 0.116028 -0.025063 1.031006
v 0.112996 -0.105845 1.029679
v 0.020133 -0.136885 0.881550
v 0.124028 -0.072475 1.030227
v 0.031156 -0.156587 0.908024
v 0.025578 -0.164974 0.938142
v 0.041477 -0.166257 1.028687
v 0.072522 -0.153838 1.028891
v 0.047670 -0.163605 0.956146
v 0.010873 -0.061134 0.872831
v 0.063762 -0.159959 0.992889
v 0.086143 -0.142343 0.982242
v 0.034505 -0.168823 0.994051
v 0.051583 0.026216 1.016541
v 0.017730 0.030059 1.014447
v 0.125245 -0.012372 1.004910
v 0.062327 0.011701 1.031610
v 0.078839 0.023405 1.013089
v 0.128694 -0.096285 0.996989
v 0.132135 -0.060295 1.007412
v 0.107663 -0.134088 0.959518
v 0.086505 -0.145969 0.933412
v 0.022838 -0.140170 0.863942
v 0.064762 -0.158355 0.882685
v 0.013254 -0.065740 0.854920
v 0.058879 0.048370 0.978017
v 0.016309 0.051039 0.974736
v 0.131767 -0.003339 0.975834
v 0.101022 0.035152 0.982495
v 0.138203 -0.085329 0.970518
v 0.145368 -0.043472 0.979074
v 0.115845 -0.131600 0.943054
v 0.154083 -0.069866 0.907478
v 0.113951 -0.137559 0.919678
v 0.109718 -0.151041 0.850076
v 0.163648 -0.078801 0.822760
v 0.058995 0.043375 0.930182
v 0.016045 0.046980 0.935376
v 0.135123 -0.000876 0.934680
v 0.101874 0.029360 0.933975
v 0.146556 -0.033523 0.942644
v 0.053124 0.036332 0.888109
v 0.015482 0.036022 0.895661
v 0.135479 -0.003594 0.896062
v 0.100142 0.020760 0.891173
v 0.152486 -0.030015 0.902275
v 0.029567 0.009092 0.848426
v 0.015298 0.008165 0.862299
v 0.128293 -0.005533 0.819583
v 0.096059 0.005405 0.828729
v 0.036020 -0.131240 0.764936
v 0.068861 -0.160519 0.771718
v 0.026285 -0.062688 0.762739
v 0.115002 -0.155162 0.776557
v 0.172963 -0.085740 0.770134
v 0.045910 0.003680 0.760326
v 0.135468 -0.005712 0.761960
v 0.102077 0.006724 0.761309
v 0.064767 -0.058948 0.548857
v 0.059447 -0.055905 0.583279
v 0.073024 -0.108650 0.551326
v 0.068384 -0.104670 0.585014
v 0.177361 -0.083462 0.549418
v 0.079426 0.005987 0.555826
v 0.155219 -0.009528 0.557493
v 0.123133 0.003810 0.557038
v 0.177995 -0.085086 0.677076
v 0.121892 -0.147190 0.673592
v 0.083351 -0.151015 0.668448
v 0.055221 -0.113154 0.664525
v 0.149367 -0.009343 0.672626
v 0.063938 0.005655 0.664855
v 0.114406 0.004783 0.669269
v 0.045155 -0.053266 0.663725
v 0.158107 -0.124570 0.675485
v 0.121015 0.003560 0.591098
v 0.151362 -0.126623 0.774294
v 0.144691 -0.125002 0.831487
v 0.137768 -0.114003 0.914753
v 0.130754 -0.114302 0.963256
v 0.120803 -0.115108 0.981611
v 0.038062 -0.167415 1.011341
v 0.096425 -0.134418 0.998325
v 0.067806 -0.157658 1.008105
v 0.108251 -0.133074 0.533802
v 0.136052 -0.132277 0.534502
v 0.159057 -0.112906 0.541430
v 0.102241 -0.127412 0.504649
v 0.136728 -0.130396 0.495404
v 0.163366 -0.107905 0.504281
v 0.076064 -0.047848 0.412848
v 0.079483 -0.090484 0.414000
v 0.175387 -0.043522 0.420475
v 0.083161 0.007362 0.416267
v 0.162004 -0.011256 0.421528
v 0.131549 0.009310 0.420330
v 0.102975 -0.110422 0.413329
v 0.138390 -0.119311 0.413601
v 0.169383 -0.097404 0.416809
v 0.136456 -0.118521 0.458411
v 0.101848 -0.116194 0.461557
v 0.159016 -0.009709 0.485382
v 0.170540 -0.043765 0.482372
v 0.078035 -0.093278 0.473939
v 0.167010 -0.102292 0.469837
v 0.085772 0.006251 0.480310
v 0.127831 0.005872 0.484614
v 0.076857 -0.057355 0.478955
v 0.115839 -0.034148 0.139867
v 0.141068 -0.027423 0.140911
v 0.170476 -0.045585 0.141095
v 0.172407 -0.096116 0.140640
v 0.124086 -0.077540 0.139025
v 0.160526 -0.061460 0.139928
v 0.117353 -0.057967 0.139113
v 0.132122 -0.101119 0.139203
v 0.153105 -0.109372 0.139856
v 0.096845 -0.047810 0.138700
v 0.088703 -0.043918 0.145783
v 0.189108 -0.052341 0.141307
v 0.195441 -0.048181 0.148870
v 0.099635 -0.087161 0.138252
v 0.092134 -0.089624 0.145169
v 0.098074 0.000037 0.146812
v 0.104534 -0.011845 0.138662
v 0.144483 0.002560 0.148324
v 0.143355 -0.009709 0.139515
v 0.189925 -0.118327 0.147781
v 0.184013 -0.110914 0.139591
v 0.151227 -0.128602 0.146378
v 0.152151 -0.122353 0.138229
v 0.187999 -0.036078 0.142013
v 0.179608 -0.018256 0.149098
v 0.116837 -0.116842 0.145490
v 0.122160 -0.112020 0.137787
v 0.142648 -0.045379 0.140341
v 0.107206 -0.030416 1.032767
v 0.104602 -0.103101 1.031573
v 0.114077 -0.073076 1.032066
v 0.043177 -0.157457 1.030681
v 0.069841 -0.146283 1.030864
v 0.051758 0.003236 1.033320
v 0.157640 -0.009730 0.513039
v 0.169011 -0.044359 0.511539
v 0.083326 0.006091 0.511807
v 0.126117 0.005109 0.513093
v 0.156218 -0.041001 0.817853
v 0.171690 -0.045328 0.675915
v 0.163979 -0.044254 0.765612
v 0.168673 -0.043612 0.554192
v 0.074794 -0.103421 0.508947
v 0.071313 -0.058085 0.511008
v 0.178479 -0.083358 0.588789
v 0.154184 -0.010175 0.592936
v 0.075525 0.005615 0.588320
v 0.131360 -0.133790 0.573865
v 0.100218 -0.134976 0.575539
v 0.159158 -0.113229 0.580252
v 0.169215 -0.046080 0.591836
v 0.181442 -0.073337 0.418528
v 0.174197 -0.073859 0.509015
v 0.176471 -0.074416 0.476654
v 0.193438 -0.085427 0.140926
v 0.203042 -0.088002 0.148700
v 0.033918 -0.145537 1.034580
v 0.092774 -0.075490 1.035730
v 0.084909 -0.100414 1.035321
v 0.087071 -0.040076 1.036312
v 0.056052 -0.136261 1.034732
v 0.041041 -0.012141 1.036771
v 0.034607 -0.076459 1.035715
v 0.062966 -0.075987 1.035722
v 0.059988 -0.103266 1.035274
v 0.035487 -0.106070 1.035228
v -0.060416 -0.156203 0.946985
v -0.116028 -0.025063 1.031006
v -0.112996 -0.105845 1.029679
v -0.020133 -0.136885 0.881550
v -0.124028 -0.072475 1.030227
v -0.031156 -0.156587 0.908024
v -0.025578 -0.164974 0.938142
v -0.041477 -0.166257 1.028687
v -0.072522 -0.153838 1.028891
v -0.047670 -0.163605 0.956146
v -0.010873 -0.061134 0.872831
v -0.063762 -0.159959 0.992889
v -0.086143 -0.142343 0.982242
v -0.034505 -0.168823 0.994051
v -0.051583 0.026216 1.016541
v -0.017730 0.030059 1.014447
v -0.125245 -0.012372 1.004910
v -0.062327 0.011701 1.031610
v -0.078839 0.023405 1.013089
v -0.128694 -0.096285 0.996989
v -0.132135 -0.060295 1.007412
v -0.107663 -0.134088 0.959518
v -0.086505 -0.145969 0.933412
v -0.030358 -0.139987 0.855785
v -0.064762 -0.158355 0.882685
v -0.021648 -0.065537 0.846067
v -0.058879 0.048370 0.978017
v -0.016309 0.051039 0.974736
v -0.131767 -0.003339 0.975834
v -0.101022 0.035152 0.982495
v -0.138203 -0.085329 0.970518
v -0.145368 -0.043472 0.979074
v -0.115845 -0.131600 0.943054
v -0.154083 -0.069866 0.907478
v -0.113951 -0.137559 0.919678
v -0.118025 -0.151036 0.848628
v -0.174040 -0.078906 0.825545
v -0.058995 0.043375 0.930182
v -0.016045 0.046980 0.935376
v -0.135123 -0.000876 0.934680
v -0.101874 0.029360 0.933975
v -0.146556 -0.033523 0.942644
v -0.053124 0.036332 0.888109
v -0.015482 0.036022 0.895661
v -0.135479 -0.003594 0.896062
v -0.100142 0.020760 0.891173
v -0.152486 -0.030015 0.902275
v -0.038565 0.009262 0.840857
v -0.015298 0.008165 0.862299
v -0.139183 -0.005566 0.819676
v -0.106366 0.005438 0.826322
v -0.051190 -0.131078 0.757203
v -0.083361 -0.160425 0.766453
v -0.041790 -0.062505 0.754290
v -0.129012 -0.155163 0.774781
v -0.187436 -0.085860 0.772793
v -0.061677 0.003822 0.753389
v -0.150833 -0.005754 0.761815
v -0.117614 0.006751 0.758634
v -0.096406 -0.058829 0.543947
v -0.088494 -0.055777 0.577866
v -0.104350 -0.108547 0.547024
v -0.097174 -0.104561 0.580263
v -0.208582 -0.083575 0.553049
v -0.110627 0.006075 0.552024
v -0.186043 -0.009596 0.559436
v -0.154110 0.003809 0.556550
v -0.199519 -0.085209 0.680386
v -0.143716 -0.147197 0.672639
v -0.105669 -0.150942 0.664582
v -0.077996 -0.113023 0.658544
v -0.171467 -0.009407 0.673794
v -0.086906 0.005768 0.659562
v -0.136891 0.004791 0.667795
v -0.068142 -0.053115 0.656996
v -0.179729 -0.124652 0.677281
v -0.149413 0.003561 0.590351
v -0.165498 -0.126698 0.775292
v -0.154375 -0.125069 0.832783
v -0.137768 -0.114003 0.914753
v -0.130754 -0.114302 0.963256
v -0.120803 -0.115108 0.981611
v -0.038062 -0.167415 1.011341
v -0.096425 -0.134418 0.998325
v -0.067806 -0.157658 1.008105
v -0.140755 -0.133043 0.532220
v -0.168425 -0.132303 0.535028
v -0.190877 -0.112980 0.543687
v -0.136988 -0.127367 0.502695
v -0.172071 -0.130421 0.496095
v -0.198004 -0.107985 0.506974
v -0.118018 -0.047742 0.409191
v -0.121253 -0.090385 0.410589
v -0.216484 -0.043621 0.424338
v -0.124948 0.007454 0.413152
v -0.203126 -0.011327 0.424379
v -0.172892 0.009302 0.420876
v -0.144687 -0.110371 0.411699
v -0.179961 -0.119333 0.414657
v -0.210666 -0.097490 0.420213
v -0.174633 -0.118542 0.459191
v -0.139890 -0.116145 0.459701
v -0.195302 -0.009779 0.487822
v -0.206952 -0.043858 0.485688
v -0.115253 -0.093181 0.470245
v -0.204264 -0.102377 0.472907
v -0.122687 0.006332 0.477207
v -0.164298 0.005866 0.484692
v -0.113771 -0.057255 0.475165
v -0.178431 -0.034103 0.140020
v -0.203522 -0.027430 0.142979
v -0.232794 -0.045652 0.145390
v -0.234651 -0.096188 0.145072
v -0.186630 -0.077512 0.139797
v -0.222928 -0.061507 0.143467
v -0.179949 -0.057925 0.139378
v -0.194580 -0.101108 0.140579
v -0.215436 -0.109403 0.142822
v -0.159552 -0.047726 0.137412
v -0.150904 -0.043818 0.143857
v -0.251342 -0.052446 0.147015
v -0.257091 -0.048300 0.155037
v -0.162288 -0.087082 0.137168
v -0.154279 -0.089531 0.143495
v -0.160260 0.000117 0.145605
v -0.167296 -0.011776 0.137966
v -0.206426 0.002545 0.150636
v -0.205944 -0.009720 0.141764
v -0.251530 -0.118435 0.153517
v -0.246272 -0.111009 0.144904
v -0.213030 -0.128630 0.149177
v -0.214582 -0.122382 0.141124
v -0.250216 -0.036181 0.147638
v -0.241347 -0.018343 0.154070
v -0.178831 -0.116800 0.145684
v -0.184733 -0.111988 0.138408
v -0.205104 -0.045389 0.142525
v -0.107206 -0.030416 1.032767
v -0.104602 -0.103101 1.031573
v -0.114077 -0.073076 1.032066
v -0.043177 -0.157457 1.030681
v -0.069841 -0.146283 1.030864
v -0.051758 0.003236 1.033320
v 0.000000 -0.165593 0.932402
v 0.000000 -0.170602 1.028615
v 0.000000 0.015681 1.031675
v 0.000000 -0.143386 0.886117
v 0.000000 -0.155082 0.897848
v 0.000000 -0.059342 0.883132
v 0.000000 -0.170930 0.995552
v 0.000000 0.030287 1.003297
v 0.000000 0.043964 0.967708
v 0.000000 0.038779 0.935140
v 0.000000 0.033644 0.897679
v 0.000000 0.009202 0.867866
v 0.000000 -0.170624 1.014299
v 0.000000 -0.162633 1.030596
v 0.000000 0.006244 1.033369
v -0.191830 -0.009799 0.515295
v -0.203212 -0.044451 0.514655
v -0.117857 0.006175 0.508428
v -0.160425 0.005105 0.512959
v -0.167086 -0.041091 0.820088
v -0.193402 -0.045438 0.678759
v -0.178906 -0.044355 0.767612
v -0.199638 -0.043707 0.557159
v -0.109343 -0.103319 0.504903
v -0.105808 -0.057977 0.506705
v -0.206709 -0.083476 0.592391
v -0.182318 -0.010243 0.594698
v -0.104269 0.005709 0.584128
v -0.160756 -0.133809 0.573921
v -0.129574 -0.134932 0.573226
v -0.188030 -0.113306 0.582405
v -0.197315 -0.046179 0.594735
v -0.222609 -0.073448 0.422849
v -0.208514 -0.073962 0.512524
v -0.213237 -0.074520 0.480429
v -0.255621 -0.085542 0.146956
v -0.264602 -0.088137 0.155435
v -0.033918 -0.145537 1.034580
v 0.000000 -0.149834 1.034509
v -0.092774 -0.075490 1.035730
v -0.084909 -0.100414 1.035321
v -0.087071 -0.040076 1.036312
v -0.056052 -0.136261 1.034732
v -0.041041 -0.012141 1.036771
v 0.000000 -0.009644 1.036812
v -0.034607 -0.076459 1.035715
v 0.000000 -0.076973 1.035706
v -0.062966 -0.075987 1.035722
v -0.059988 -0.103266 1.035274
v 0.000000 -0.109697 1.035169
v -0.035487 -0.106070 1.035228
vn 0.9059 0.1487 0.3965
vn -0.0038 0.0944 -0.9955
vn 0.4957 0.6092 0.6190
vn -0.4194 -0.0905 -0.9033
vn 0.2931 -0.9266 -0.2357
vn 0.1439 -0.7438 -0.6528
vn 0.3033 -0.9521 0.0377
vn 0.6185 -0.7853 -0.0265
vn 0.0509 -0.9954 -0.0806
vn 0.0622 -0.9594 -0.2750
vn 0.0955 -0.9951 0.0268
vn 0.5358 -0.8375 -0.1076
vn 0.2139 -0.9750 -0.0599
vn 0.0460 0.7395 0.6716
vn -0.2664 0.8570 0.4411
vn 0.3403 0.9393 0.0445
vn 0.9227 -0.2402 0.3016
vn 0.6107 -0.7733 0.1703
vn 0.1685 -0.9847 0.0444
vn 0.4074 -0.9105 0.0706
vn -0.9844 -0.1366 -0.1106
vn -0.9820 -0.1401 -0.1269
vn -0.9809 -0.1429 -0.1322
vn -0.4149 -0.8755 -0.2477
vn 0.9347 0.3383 0.1089
vn 0.8829 0.2321 0.4083
vn 0.6458 0.5692 0.5089
vn -0.3784 0.8381 0.3929
vn 0.1884 0.8476 0.4961
vn 0.0404 0.8737 0.4848
vn 0.7017 -0.7046 0.1055
vn 0.9368 -0.1980 0.2884
vn 0.6077 -0.7554 0.2450
vn 0.6691 -0.7319 0.1290
vn 0.3125 0.9444 -0.1026
vn 0.9857 -0.0787 0.1490
vn 0.0705 0.9922 -0.1031
vn 0.7322 0.6810 0.0091
vn 0.8912 0.4472 0.0754
vn -0.4028 0.9080 -0.1152
vn 0.9869 0.0592 0.1501
vn 0.6243 0.7723 -0.1179
vn 0.3200 0.9262 -0.1994
vn -0.3219 0.9273 -0.1910
vn 0.8098 0.5832 -0.0642
vn 0.0059 0.9765 -0.2154
vn 0.0949 0.9094 -0.4050
vn -0.2396 0.8109 -0.5338
vn -0.1872 0.7569 -0.6261
vn -0.8802 0.0712 -0.4693
vn 0.4507 0.8806 -0.1462
vn -0.5244 -0.1404 -0.8399
vn -0.9591 0.2341 -0.1593
vn 0.6218 -0.7779 0.0910
vn 0.3975 -0.9066 0.1417
vn 0.0012 0.9997 -0.0261
vn -0.9792 -0.1435 -0.1433
vn 0.7910 0.6054 0.0886
vn -0.5175 -0.8528 -0.0701
vn 0.3609 0.9323 0.0235
vn -0.7073 -0.6755 -0.2085
vn 0.9796 0.1891 0.0679
vn 0.1159 -0.9907 -0.0719
vn 0.5761 -0.8173 -0.0017
vn -0.9439 0.2877 -0.1622
vn -0.9449 0.2848 -0.1615
vn -0.9458 0.2821 -0.1608
vn 0.2947 -0.9453 0.1396
vn 0.8462 -0.5327 -0.0147
vn 0.5642 -0.8223 -0.0739
vn 0.9265 0.3757 0.0223
vn 0.0468 0.9988 0.0136
vn 0.0466 0.9988 0.0136
vn 0.0362 0.9992 0.0186
vn 0.1500 -0.9878 0.0413
vn -0.9587 0.2465 -0.1420
vn -0.9695 -0.1736 -0.1728
vn 0.3822 0.9236 0.0293
vn 0.8882 -0.4570 0.0481
vn -0.0202 0.9998 -0.0031
vn -0.7414 -0.6343 -0.2193
vn 0.3445 -0.9375 0.0490
vn 0.7199 -0.6819 0.1297
vn 0.0754 -0.9964 0.0399
vn 0.7450 -0.6220 0.2409
vn 0.9403 -0.3056 0.1498
vn 0.8716 -0.4082 0.2713
vn 0.9311 -0.3402 0.1318
vn 0.9035 -0.3967 0.1624
vn 0.0330 -0.9988 -0.0369
vn 0.0780 -0.9871 -0.1402
vn 0.3775 0.9259 0.0153
vn -0.0494 -0.9932 -0.1059
vn 0.6493 -0.7601 -0.0262
vn -0.6510 -0.7539 -0.0886
vn -0.1602 -0.9854 -0.0580
vn 0.9359 0.3481 0.0547
vn -0.6807 -0.7289 -0.0739
vn 0.9795 0.1838 0.0821
vn -0.0206 0.9992 0.0352
vn 0.5288 -0.8487 -0.0123
vn -0.9906 0.1320 0.0367
vn -0.9983 -0.0579 -0.0108
vn -0.9862 -0.1223 -0.1115
vn 0.5045 0.8625 0.0391
vn -0.9706 0.2078 -0.1214
vn 0.5924 -0.7885 -0.1651
vn 0.0359 0.9992 0.0188
vn 0.9903 0.1234 0.0633
vn -0.6964 -0.6853 -0.2128
vn 0.9408 0.3381 0.0261
vn -0.1225 -0.9539 -0.2741
vn 0.0374 -0.0564 -0.9977
vn 0.4046 0.9138 0.0361
vn 0.0231 0.0135 -0.9996
vn 0.0436 0.0334 -0.9985
vn 0.9042 0.4237 0.0535
vn -0.0454 0.9986 -0.0283
vn -0.9959 -0.0775 -0.0477
vn 0.5335 0.8458 0.0086
vn 0.0385 0.0177 -0.9991
vn 0.0378 0.0175 -0.9991
vn 0.0265 0.0134 -0.9996
vn 0.0178 -0.0305 -0.9994
vn 0.0292 0.0509 -0.9983
vn 0.0278 0.0551 -0.9981
vn 0.0295 0.0501 -0.9983
vn -0.2838 -0.9588 0.0140
vn 0.9013 -0.4220 0.0984
vn -0.9848 0.1659 -0.0516
vn 0.0579 0.1001 -0.9933
vn 0.4138 -0.9071 0.0769
vn -0.6992 -0.7144 -0.0271
vn 0.1580 0.7650 0.6243
vn -0.9665 -0.1538 -0.2057
vn -0.6350 0.1450 -0.7588
vn -0.0086 0.5734 -0.8192
vn 0.6258 -0.2226 -0.7476
vn 0.2434 -0.7062 -0.6648
vn -0.2437 -0.7474 -0.6180
vn 0.8705 0.3268 -0.3680
vn -0.6684 -0.0396 -0.7428
vn -0.5287 -0.4776 -0.7017
vn 0.3297 0.5019 -0.7996
vn 0.0569 0.0061 -0.9984
vn 0.0321 0.0344 -0.9989
vn 0.0278 0.0342 -0.9990
vn 0.0321 0.0340 -0.9989
vn 0.0363 0.0135 -0.9992
vn 0.0364 0.0135 -0.9992
vn 0.0341 0.0131 -0.9993
vn 0.0395 0.0181 -0.9991
vn 0.0318 0.0128 -0.9994
vn 0.0317 0.0336 -0.9989
vn 0.0273 0.0342 -0.9990
vn -0.0600 -0.0411 -0.9974
vn 0.0527 0.0104 -0.9986
vn 0.0275 0.0562 -0.9980
vn 0.1840 0.0142 0.9828
vn 0.0244 -0.2329 0.9722
vn 0.0120 0.1800 0.9836
vn 0.0896 0.1226 0.9884
vn 0.1831 -0.1670 0.9688
vn 0.1901 -0.0776 0.9787
vn 0.0875 -0.2299 0.9693
vn 0.1652 -0.1490 0.9749
vn 0.0337 -0.2897 0.9565
vn 0.0949 -0.2422 0.9656
vn 0.0135 0.2109 0.9774
vn 0.1683 0.0109 0.9857
vn 0.1010 0.1503 0.9835
vn 0.1770 -0.0720 0.9816
vn 0.9484 0.3127 0.0519
vn 0.0150 0.9998 0.0164
vn 0.9830 0.1733 0.0609
vn 0.4358 0.8993 0.0365
vn 0.9802 0.1974 -0.0123
vn 0.9667 0.2164 0.1364
vn 0.9801 0.1983 -0.0102
vn 0.8195 0.5668 0.0840
vn -0.9793 0.1624 -0.1208
vn 0.9736 0.2280 -0.0140
vn -0.9896 -0.0448 -0.1369
vn -0.6268 -0.7750 -0.0808
vn 0.6150 -0.7883 0.0176
vn -0.9765 -0.1758 -0.1247
vn -0.9459 0.2820 -0.1607
vn 0.0308 0.9995 -0.0045
vn 0.8872 0.4613 0.0082
vn 0.8719 -0.4889 -0.0275
vn 0.9118 -0.4058 -0.0630
vn 0.9208 -0.3880 0.0400
vn 0.6825 0.1171 -0.7214
vn 0.9453 -0.3209 0.0595
vn 0.9794 0.1900 0.0686
vn -0.0000 -0.0164 0.9999
vn -0.9059 0.1487 0.3965
vn -0.0720 0.0945 -0.9929
vn -0.4957 0.6092 0.6190
vn 0.4194 -0.0905 -0.9033
vn -0.2931 -0.9266 -0.2357
vn -0.1439 -0.7438 -0.6528
vn -0.3033 -0.9521 0.0377
vn -0.6185 -0.7853 -0.0265
vn -0.0509 -0.9954 -0.0806
vn -0.0622 -0.9594 -0.2750
vn -0.0955 -0.9951 0.0268
vn -0.5358 -0.8375 -0.1076
vn -0.2139 -0.9750 -0.0599
vn -0.0460 0.7395 0.6716
vn 0.2664 0.8570 0.4411
vn -0.3378 0.9386 0.0700
vn -0.9227 -0.2402 0.3016
vn -0.6107 -0.7733 0.1703
vn -0.1685 -0.9847 0.0444
vn -0.4074 -0.9105 0.0706
vn 0.9249 -0.1534 -0.3479
vn 0.9444 -0.1508 -0.2920
vn 0.9480 -0.1477 -0.2818
vn 0.4118 -0.8703 -0.2703
vn -0.9347 0.3383 0.1089
vn -0.8829 0.2321 0.4083
vn -0.6458 0.5692 0.5089
vn 0.3784 0.8381 0.3929
vn -0.1884 0.8476 0.4961
vn -0.0404 0.8737 0.4848
vn -0.7017 -0.7046 0.1055
vn -0.9368 -0.1980 0.2884
vn -0.6077 -0.7554 0.2450
vn -0.6632 -0.7198 0.2051
vn -0.3125 0.9444 -0.1026
vn -0.9857 -0.0787 0.1490
vn -0.0705 0.9922 -0.1031
vn -0.7322 0.6810 0.0091
vn -0.8912 0.4472 0.0754
vn 0.4028 0.9080 -0.1152
vn -0.9869 0.0592 0.1501
vn -0.6243 0.7723 -0.1179
vn -0.3200 0.9262 -0.1994
vn 0.3219 0.9273 -0.1910
vn -0.8065 0.5895 0.0446
vn -0.0059 0.9765 -0.2154
vn -0.1205 0.9255 -0.3590
vn 0.2618 0.8192 -0.5103
vn 0.1872 0.7569 -0.6261
vn 0.8137 0.0573 -0.5785
vn -0.4576 0.8859 -0.0763
vn 0.5244 -0.1404 -0.8399
vn 0.9439 0.2362 -0.2309
vn -0.6113 -0.7794 0.1371
vn -0.3975 -0.9066 0.1417
vn -0.0053 0.9997 -0.0254
vn 0.9659 -0.1415 -0.2168
vn -0.7833 0.6039 0.1477
vn 0.5325 -0.8372 -0.1244
vn -0.3600 0.9316 0.0511
vn 0.6908 -0.6740 -0.2617
vn -0.9720 0.1871 0.1421
vn -0.1190 -0.9909 -0.0632
vn -0.5729 -0.8185 0.0419
vn 0.9283 0.2896 -0.2333
vn 0.9303 0.2840 -0.2320
vn 0.9293 0.2867 -0.2327
vn -0.2795 -0.9466 0.1605
vn -0.8438 -0.5344 0.0495
vn -0.5665 -0.8234 -0.0310
vn -0.9229 0.3738 0.0926
vn -0.0477 0.9987 0.0173
vn -0.0367 0.9991 0.0216
vn -0.0475 0.9987 0.0173
vn -0.1398 -0.9887 0.0540
vn 0.9446 0.2485 -0.2143
vn 0.9540 -0.1716 -0.2459
vn -0.3807 0.9228 0.0584
vn -0.8810 -0.4588 0.1153
vn 0.0179 0.9998 -0.0044
vn 0.7239 -0.6327 -0.2751
vn -0.3445 -0.9375 0.0490
vn -0.7199 -0.6819 0.1297
vn -0.0754 -0.9964 0.0399
vn -0.7450 -0.6220 0.2409
vn -0.9403 -0.3056 0.1498
vn -0.8716 -0.4082 0.2713
vn -0.9138 -0.3249 0.2437
vn -0.8880 -0.3991 0.2286
vn -0.0337 -0.9988 -0.0345
vn -0.0864 -0.9872 -0.1341
vn -0.3771 0.9251 0.0441
vn 0.0432 -0.9930 -0.1096
vn -0.6478 -0.7614 0.0230
vn 0.6439 -0.7526 -0.1379
vn 0.1573 -0.9850 -0.0703
vn -0.9297 0.3462 0.1257
vn 0.6746 -0.7274 -0.1255
vn -0.9708 0.1817 0.1563
vn 0.0212 0.9992 0.0338
vn -0.5264 -0.8498 0.0277
vn 0.9902 0.1341 -0.0386
vn 0.9947 -0.0558 -0.0866
vn 0.9751 -0.1203 -0.1861
vn -0.5019 0.8615 0.0775
vn 0.9582 0.2098 -0.1947
vn -0.6017 -0.7897 -0.1198
vn -0.0365 0.9991 0.0217
vn -0.9730 0.1330 0.1886
vn 0.6797 -0.6839 -0.2653
vn -0.9368 0.3361 0.0975
vn 0.1032 -0.9536 -0.2828
vn -0.1129 -0.0564 -0.9920
vn -0.4025 0.9130 0.0669
vn -0.0990 0.0135 -0.9950
vn -0.1193 0.0334 -0.9923
vn -0.8984 0.4218 0.1221
vn 0.0411 0.9987 -0.0314
vn 0.9895 -0.0755 -0.1232
vn -0.5330 0.8447 0.0492
vn -0.1143 0.0177 -0.9933
vn -0.1024 0.0134 -0.9947
vn -0.1136 0.0175 -0.9934
vn -0.0936 -0.0305 -0.9951
vn -0.1050 0.0510 -0.9932
vn -0.1053 0.0501 -0.9932
vn -0.1036 0.0551 -0.9931
vn 0.2860 -0.9582 -0.0078
vn -0.8903 -0.4238 0.1664
vn 0.9777 0.1679 -0.1262
vn -0.1333 0.1001 -0.9860
vn -0.4049 -0.9080 0.1079
vn 0.6966 -0.7130 -0.0803
vn -0.1580 0.7650 0.6243
vn 0.9484 -0.1518 -0.2785
vn 0.5753 0.1463 -0.8048
vn -0.0548 0.5735 -0.8174
vn -0.6803 -0.2238 -0.6979
vn -0.2917 -0.7067 -0.6446
vn 0.1976 -0.7469 -0.6349
vn -0.8966 0.3250 -0.3008
vn 0.6101 -0.0382 -0.7914
vn 0.4749 -0.4764 -0.7399
vn -0.3905 0.5013 -0.7721
vn -0.1326 0.0060 -0.9912
vn -0.1079 0.0344 -0.9936
vn -0.1079 0.0340 -0.9936
vn -0.1036 0.0342 -0.9940
vn -0.1121 0.0135 -0.9936
vn -0.1099 0.0131 -0.9939
vn -0.1122 0.0135 -0.9936
vn -0.1152 0.0181 -0.9932
vn -0.1076 0.0128 -0.9941
vn -0.1076 0.0336 -0.9936
vn -0.1032 0.0342 -0.9941
vn -0.0158 -0.0409 -0.9990
vn -0.1284 0.0104 -0.9917
vn -0.1033 0.0562 -0.9931
vn -0.1840 0.0142 0.9828
vn -0.0244 -0.2329 0.9722
vn -0.0120 0.1800 0.9836
vn -0.0896 0.1226 0.9884
vn -0.1831 -0.1670 0.9688
vn -0.1901 -0.0776 0.9787
vn -0.0875 -0.2299 0.9693
vn -0.1652 -0.1490 0.9749
vn -0.0337 -0.2897 0.9565
vn -0.0949 -0.2422 0.9656
vn -0.0135 0.2109 0.9774
vn -0.1683 0.0109 0.9857
vn -0.1010 0.1503 0.9835
vn -0.1770 -0.0720 0.9816
vn -0.9424 0.3108 0.1238
vn -0.0157 0.9997 0.0177
vn -0.9759 0.1713 0.1354
vn -0.4336 0.8984 0.0697
vn -0.9788 0.1954 0.0622
vn -0.9544 0.2142 0.2079
vn -0.9784 0.1963 0.0643
vn -0.8120 0.5651 0.1461
vn 0.9670 0.1644 -0.1948
vn -0.9723 0.2260 0.0600
vn 0.9764 -0.0428 -0.2116
vn 0.6204 -0.7737 -0.1284
vn -0.6103 -0.7896 0.0641
vn 0.9646 -0.1738 -0.1985
vn -0.0331 0.9994 -0.0020
vn -0.8850 0.4594 0.0757
vn -0.8705 -0.4907 0.0386
vn -0.9131 -0.4077 0.0064
vn -0.9143 -0.3899 0.1097
vn -0.7356 0.1158 -0.6675
vn -0.9374 -0.3228 0.1310
vn -0.9717 0.1880 0.1428
vt 0.000000 0.000000
s 1
usemtl Suit
f 3065/4/3149 3068/4/3149 3084/4/3149 3080/4/3149
f 3195/4/3150 3181/4/3150 3176/4/3150 3193/4/3150
f 3065/4/3151 3080/4/3151 3082/4/3151 3081/4/3151
f 3385/4/3152 3387/4/3152 3074/4/3152 3067/4/3152
f 3064/4/3153 3073/4/3153 3070/4/3153 3069/4/3153
f 3067/4/3154 3069/4/3154 3386/4/3154 3385/4/3154
f 3146/4/3155 3077/4/3155 3075/4/3155 3148/4/3155
f 3148/4/3156 3075/4/3156 3076/4/3156 3147/4/3156
f 3070/4/3157 3077/4/3157 3388/4/3157 3382/4/3157
f 3069/4/3158 3070/4/3158 3382/4/3158 3386/4/3158
f 3394/4/3159 3146/4/3159 3071/4/3159 3383/4/3159
f 3076/4/3160 3075/4/3160 3073/4/3160 3064/4/3160
f 3075/4/3161 3077/4/3161 3070/4/3161 3073/4/3161
f 3384/4/3162 3081/4/3162 3078/4/3162 3079/4/3162
f 3384/4/3163 3079/4/3163 3389/4/3163
f 3114/4/3164 3113/4/3164 3121/4/3164 3122/4/3164
f 3068/4/3165 3066/4/3165 3083/4/3165 3084/4/3165
f 3147/4/3166 3076/4/3166 3085/4/3166 3145/4/3166
f 3064/4/3167 3069/4/3167 3088/4/3167 3086/4/3167
f 3076/4/3168 3064/4/3168 3086/4/3168 3085/4/3168
f 3067/4/3169 3074/4/3169 3089/4/3170 3087/4/3171
f 3069/4/3172 3067/4/3172 3087/4/3172 3088/4/3172
f 3092/4/3173 3095/4/3173 3105/4/3173 3103/4/3173
f 3080/4/3174 3084/4/3174 3095/4/3174 3092/4/3174
f 3082/4/3175 3080/4/3175 3092/4/3175 3093/4/3175
f 3389/4/3176 3079/4/3176 3091/4/3176 3390/4/3176
f 3078/4/3177 3082/4/3177 3093/4/3177 3090/4/3177
f 3079/4/3178 3078/4/3178 3090/4/3178 3091/4/3178
f 3144/4/3179 3096/4/3179 3098/4/3179 3143/4/3179
f 3084/4/3180 3083/4/3180 3094/4/3180 3095/4/3180
f 3145/4/3181 3085/4/3181 3096/4/3181 3144/4/3181
f 3143/4/3182 3098/4/3182 3099/4/3182 3142/4/3182
f 3090/4/3183 3093/4/3183 3104/4/3183 3101/4/3183
f 3095/4/3184 3094/4/3184 3097/4/3184 3105/4/3184
f 3091/4/3185 3090/4/3185 3101/4/3185 3102/4/3185
f 3092/4/3186 3103/4/3186 3104/4/3186 3093/4/3186
f 3103/4/3187 3105/4/3187 3110/4/3187 3108/4/3187
f 3390/4/3188 3091/4/3188 3102/4/3188 3391/4/3188
f 3105/4/3189 3097/4/3189 3110/4/3189
f 3104/4/3190 3103/4/3190 3108/4/3190 3109/4/3190
f 3101/4/3191 3104/4/3191 3109/4/3191 3106/4/3191
f 3391/4/3192 3102/4/3192 3107/4/3192 3392/4/3192
f 3108/4/3193 3110/4/3193 3211/4/3193 3113/4/3193
f 3102/4/3194 3101/4/3194 3106/4/3194 3107/4/3194
f 3106/4/3195 3109/4/3195 3114/4/3195 3111/4/3195
f 3107/4/3196 3106/4/3196 3111/4/3196 3112/4/3196
f 3392/4/3197 3107/4/3197 3112/4/3197 3393/4/3197
f 3074/4/3198 3112/4/3198 3111/4/3198 3089/4/3198
f 3109/4/3199 3108/4/3199 3113/4/3199 3114/4/3199
f 3387/4/3200 3393/4/3200 3112/4/3200 3074/4/3200
f 3089/4/3201 3111/4/3201 3120/4/3201 3117/4/3201
f 3142/4/3202 3099/4/3202 3118/4/3202 3141/4/3202
f 3096/4/3203 3085/4/3203 3086/4/3203 3098/4/3203
f 3111/4/3204 3114/4/3204 3122/4/3204 3120/4/3204
f 3087/4/3171 3089/4/3170 3117/4/3205 3115/4/3205
f 3113/4/3206 3211/4/3206 3213/4/3206 3121/4/3206
f 3088/4/3207 3087/4/3207 3115/4/3207 3116/4/3207
f 3135/4/3208 3137/4/3208 3122/4/3208 3121/4/3208
f 3134/4/3209 3133/4/3209 3116/4/3209 3115/4/3209
f 3131/4/3210 3212/4/3210 3213/4/3210 3119/4/3210
f 3133/4/3211 3132/4/3211 3118/4/3211 3116/4/3211
f 3141/4/3212 3118/4/3212 3132/4/3212 3139/4/3212
f 3117/4/3213 3120/4/3213 3136/4/3214 3138/4/3215
f 3098/4/3216 3086/4/3216 3088/4/3216 3099/4/3216
f 3222/4/3217 3151/4/3217 3127/4/3217 3217/4/3217
f 3132/4/3218 3220/4/3218 3222/4/3218 3139/4/3218
f 3218/4/3219 3223/4/3219 3214/4/3219 3129/4/3219
f 3219/4/3220 3140/4/3220 3130/4/3221 3128/4/3222
f 3099/4/3223 3088/4/3223 3116/4/3223 3118/4/3223
f 3124/4/3224 3219/4/3224 3128/4/3224 3123/4/3224
f 3126/4/3225 3134/4/3225 3138/4/3225 3124/4/3225
f 3140/4/3226 3218/4/3226 3129/4/3226 3130/4/3226
f 3139/4/3227 3131/4/3227 3119/4/3227 3141/4/3227
f 3137/4/3228 3136/4/3228 3120/4/3228 3122/4/3228
f 3126/4/3229 3221/4/3229 3133/4/3229 3134/4/3229
f 3071/4/3230 3146/4/3230 3148/4/3230 3072/4/3230
f 3072/4/3231 3148/4/3231 3147/4/3231 3066/4/3231
f 3388/4/3232 3077/4/3232 3146/4/3232 3394/4/3232
f 3066/4/3233 3147/4/3233 3145/4/3233 3083/4/3233
f 3094/4/3234 3144/4/3234 3143/4/3234 3097/4/3234
f 3083/4/3235 3145/4/3235 3144/4/3235 3094/4/3235
f 3097/4/3236 3143/4/3236 3142/4/3236 3100/4/3236
f 3100/4/3237 3142/4/3237 3141/4/3237 3119/4/3237
f 3221/4/3238 3149/4/3238 3150/4/3238 3220/4/3238
f 3133/4/3239 3221/4/3239 3220/4/3239 3132/4/3239
f 3137/4/3240 3135/4/3240 3218/4/3240 3140/4/3240
f 3150/4/3241 3149/4/3241 3152/4/3241 3153/4/3241
f 3151/4/3242 3150/4/3242 3153/4/3242 3154/4/3242
f 3125/4/3243 3149/4/3243 3221/4/3243 3126/4/3243
f 3164/4/3244 3165/4/3244 3161/4/3244 3162/4/3244
f 3166/4/3245 3167/4/3245 3157/4/3245 3159/4/3245
f 3165/4/3246 3168/4/3246 3156/4/3246 3161/4/3246
f 3167/4/3247 3226/4/3247 3224/4/3247 3157/4/3247
f 3170/4/3248 3171/4/3248 3160/4/3248 3158/4/3248
f 3169/4/3249 3164/4/3249 3162/4/3249 3163/4/3249
f 3172/4/3250 3170/4/3250 3158/4/3250 3155/4/3250
f 3168/4/3251 3172/4/3251 3155/4/3251 3156/4/3251
f 3125/4/3252 3123/4/3252 3216/4/3252 3215/4/3252
f 3171/4/3253 3166/4/3253 3159/4/3253 3160/4/3253
f 3123/4/3254 3128/4/3254 3209/4/3254 3216/4/3254
f 3154/4/3255 3153/4/3255 3164/4/3255 3169/4/3255
f 3128/4/3222 3130/4/3221 3210/4/3256 3209/4/3256
f 3110/4/3257 3097/4/3257 3100/4/3257 3211/4/3257
f 3152/4/3258 3215/4/3258 3168/4/3258 3165/4/3258
f 3129/4/3259 3214/4/3259 3208/4/3259 3207/4/3259
f 3153/4/3260 3152/4/3260 3165/4/3260 3164/4/3260
f 3191/4/3261 3174/4/3261 3173/4/3261 3189/4/3261
f 3130/4/3262 3129/4/3262 3207/4/3262 3210/4/3262
f 3193/4/3263 3176/4/3263 3178/4/3263 3184/4/3263 3227/4/3263
f 3177/4/3264 3180/4/3264 3199/4/3264 3186/4/3264
f 3185/4/3265 3197/4/3265 3159/4/3265 3157/4/3265
f 3190/4/3266 3188/4/3266 3158/4/3266 3160/4/3266
f 3183/4/3267 3187/4/3267 3156/4/3267 3155/4/3267
f 3159/4/3268 3197/4/3268 3190/4/3268 3160/4/3268
f 3179/4/3269 3177/4/3270 3186/4/3271 3182/4/3271
f 3196/4/3272 3175/4/3272 3174/4/3272 3191/4/3272
f 3178/4/3273 3175/4/3274 3196/4/3275 3184/4/3275
f 3194/4/3276 3162/4/3276 3161/4/3276 3198/4/3276
f 3163/4/3277 3192/4/3277 3228/4/3277 3224/4/3277
f 3158/4/3278 3188/4/3278 3183/4/3278 3155/4/3278
f 3199/4/3279 3180/4/3279 3181/4/3279 3195/4/3279
f 3194/4/3280 3192/4/3280 3163/4/3280 3162/4/3280
f 3198/4/3281 3161/4/3281 3156/4/3281 3187/4/3281
f 3078/4/3282 3081/4/3282 3082/4/3282
f 3138/4/3283 3134/4/3283 3115/4/3283 3117/4/3283
f 3189/4/3284 3182/4/3284 3183/4/3284 3188/4/3284
f 3191/4/3285 3189/4/3285 3188/4/3285 3190/4/3285
f 3193/4/3286 3227/4/3286 3228/4/3286 3192/4/3286
f 3195/4/3287 3193/4/3287 3192/4/3287 3194/4/3287
f 3199/4/3288 3195/4/3288 3194/4/3288 3198/4/3288
f 3184/4/3289 3196/4/3289 3197/4/3289 3185/4/3289
f 3182/4/3290 3186/4/3290 3187/4/3290 3183/4/3290
f 3186/4/3291 3199/4/3291 3198/4/3291 3187/4/3291
f 3196/4/3292 3191/4/3292 3190/4/3292 3197/4/3292
f 3179/4/3293 3182/4/3293 3189/4/3293 3173/4/3293
f 3173/4/3294 3174/4/3295 3200/4/3296
f 3181/4/3297 3180/4/3298 3200/4/3299
f 3177/4/3270 3179/4/3269 3200/4/3300
f 3176/4/3301 3181/4/3297 3200/4/3299
f 3179/4/3302 3173/4/3294 3200/4/3296
f 3174/4/3295 3175/4/3303 3200/4/3296
f 3178/4/3304 3176/4/3304 3200/4/3304
f 3180/4/3305 3177/4/3305 3200/4/3305
f 3175/4/3274 3178/4/3273 3200/4/3306
f 3068/4/3307 3065/4/3307 3201/4/3307 3203/4/3307
f 3383/4/3308 3071/4/3308 3204/4/3308 3395/4/3308
f 3081/4/3309 3384/4/3309 3396/4/3309 3206/4/3309
f 3065/4/3310 3081/4/3310 3206/4/3310 3201/4/3310
f 3072/4/3311 3066/4/3311 3202/4/3311 3205/4/3311
f 3066/4/3312 3068/4/3312 3203/4/3312 3202/4/3312
f 3071/4/3313 3072/4/3313 3205/4/3313 3204/4/3313
f 3205/4/3314 3202/4/3314 3231/4/3314 3233/4/3314
f 3395/4/3315 3204/4/3315 3229/4/3315 3420/4/3315
f 3204/4/3316 3205/4/3316 3233/4/3316 3229/4/3316
f 3206/4/3317 3396/4/3317 3426/4/3317 3234/4/3317
f 3203/4/3318 3201/4/3318 3232/4/3318 3230/4/3318
f 3201/4/3319 3206/4/3319 3234/4/3319 3232/4/3319
f 3202/4/3320 3203/4/3320 3230/4/3320 3231/4/3320
f 3207/4/3321 3208/4/3321 3167/4/3321 3166/4/3321
f 3209/4/3322 3210/4/3322 3171/4/3322 3170/4/3322
f 3208/4/3323 3225/4/3323 3226/4/3323 3167/4/3323
f 3210/4/3324 3207/4/3324 3166/4/3324 3171/4/3324
f 3208/4/3325 3214/4/3325 3127/4/3325 3225/4/3325
f 3213/4/3326 3211/4/3326 3100/4/3326 3119/4/3326
f 3223/4/3327 3212/4/3327 3131/4/3327 3217/4/3327
f 3213/4/3328 3212/4/3328 3135/4/3328 3121/4/3328
f 3216/4/3329 3209/4/3329 3170/4/3329 3172/4/3329
f 3214/4/3330 3223/4/3330 3217/4/3330 3127/4/3330
f 3215/4/3331 3216/4/3331 3172/4/3331 3168/4/3331
f 3215/4/3332 3152/4/3332 3149/4/3332 3125/4/3332
f 3220/4/3333 3150/4/3333 3151/4/3333 3222/4/3333
f 3125/4/3334 3126/4/3334 3124/4/3334 3123/4/3334
f 3138/4/3215 3136/4/3214 3219/4/3335 3124/4/3335
f 3136/4/3336 3137/4/3336 3140/4/3336 3219/4/3336
f 3135/4/3337 3212/4/3337 3223/4/3337 3218/4/3337
f 3139/4/3338 3222/4/3338 3217/4/3338 3131/4/3338
f 3225/4/3339 3127/4/3339 3151/4/3339 3154/4/3339
f 3224/4/3340 3226/4/3340 3169/4/3340 3163/4/3340
f 3228/4/3341 3227/4/3341 3184/4/3341 3185/4/3341
f 3226/4/3342 3225/4/3342 3154/4/3342 3169/4/3342
f 3224/4/3343 3228/4/3343 3185/4/3343 3157/4/3343
f 3229/4/3344 3238/4/3344 3431/4/3344 3420/4/3344
f 3233/4/3344 3237/4/3344 3238/4/3344 3229/4/3344
f 3230/4/3344 3232/4/3344 3236/4/3344
f 3238/4/3344 3237/4/3344 3236/4/3344 3235/4/3344
f 3231/4/3344 3237/4/3344 3233/4/3344
f 3431/4/3344 3238/4/3344 3235/4/3344 3428/4/3344
f 3235/4/3344 3236/4/3344 3232/4/3344 3234/4/3344
f 3236/4/3344 3237/4/3344 3231/4/3344 3230/4/3344
f 3428/4/3344 3235/4/3344 3234/4/3344 3426/4/3344
f 3240/4/3345 3255/4/3345 3259/4/3345 3243/4/3345
f 3370/4/3346 3368/4/3346 3351/4/3346 3356/4/3346
f 3240/4/3347 3256/4/3347 3257/4/3347 3255/4/3347
f 3385/4/3348 3242/4/3348 3249/4/3348 3387/4/3348
f 3239/4/3349 3244/4/3349 3245/4/3349 3248/4/3349
f 3242/4/3350 3385/4/3350 3386/4/3350 3244/4/3350
f 3321/4/3351 3323/4/3351 3250/4/3351 3252/4/3351
f 3323/4/3352 3322/4/3352 3251/4/3352 3250/4/3352
f 3245/4/3353 3382/4/3353 3388/4/3353 3252/4/3353
f 3244/4/3354 3386/4/3354 3382/4/3354 3245/4/3354
f 3394/4/3355 3383/4/3355 3246/4/3355 3321/4/3355
f 3251/4/3356 3239/4/3356 3248/4/3356 3250/4/3356
f 3250/4/3357 3248/4/3357 3245/4/3357 3252/4/3357
f 3384/4/3358 3254/4/3358 3253/4/3358 3256/4/3358
f 3384/4/3359 3389/4/3359 3254/4/3359
f 3289/4/3360 3297/4/3360 3296/4/3360 3288/4/3360
f 3243/4/3361 3259/4/3361 3258/4/3361 3241/4/3361
f 3322/4/3362 3320/4/3362 3260/4/3362 3251/4/3362
f 3239/4/3363 3261/4/3363 3263/4/3363 3244/4/3363
f 3251/4/3364 3260/4/3364 3261/4/3364 3239/4/3364
f 3242/4/3365 3262/4/3366 3264/4/3367 3249/4/3365
f 3244/4/3368 3263/4/3368 3262/4/3368 3242/4/3368
f 3267/4/3369 3278/4/3369 3280/4/3369 3270/4/3369
f 3255/4/3370 3267/4/3370 3270/4/3370 3259/4/3370
f 3257/4/3371 3268/4/3371 3267/4/3371 3255/4/3371
f 3389/4/3372 3390/4/3372 3266/4/3372 3254/4/3372
f 3253/4/3373 3265/4/3373 3268/4/3373 3257/4/3373
f 3254/4/3374 3266/4/3374 3265/4/3374 3253/4/3374
f 3319/4/3375 3318/4/3375 3273/4/3375 3271/4/3375
f 3259/4/3376 3270/4/3376 3269/4/3376 3258/4/3376
f 3320/4/3377 3319/4/3377 3271/4/3377 3260/4/3377
f 3318/4/3378 3317/4/3378 3274/4/3378 3273/4/3378
f 3265/4/3379 3276/4/3379 3279/4/3379 3268/4/3379
f 3270/4/3380 3280/4/3380 3272/4/3380 3269/4/3380
f 3266/4/3381 3277/4/3381 3276/4/3381 3265/4/3381
f 3267/4/3382 3268/4/3382 3279/4/3382 3278/4/3382
f 3278/4/3383 3283/4/3383 3285/4/3383 3280/4/3383
f 3390/4/3384 3391/4/3384 3277/4/3384 3266/4/3384
f 3280/4/3385 3285/4/3385 3272/4/3385
f 3279/4/3386 3284/4/3386 3283/4/3386 3278/4/3386
f 3276/4/3387 3281/4/3387 3284/4/3387 3279/4/3387
f 3391/4/3388 3392/4/3388 3282/4/3388 3277/4/3388
f 3283/4/3389 3288/4/3389 3401/4/3389 3285/4/3389
f 3277/4/3390 3282/4/3390 3281/4/3390 3276/4/3390
f 3281/4/3391 3286/4/3391 3289/4/3391 3284/4/3391
f 3282/4/3392 3287/4/3392 3286/4/3392 3281/4/3392
f 3392/4/3393 3393/4/3393 3287/4/3393 3282/4/3393
f 3249/4/3394 3264/4/3394 3286/4/3394 3287/4/3394
f 3284/4/3395 3289/4/3395 3288/4/3395 3283/4/3395
f 3387/4/3396 3249/4/3396 3287/4/3396 3393/4/3396
f 3264/4/3397 3292/4/3397 3295/4/3397 3286/4/3397
f 3317/4/3398 3316/4/3398 3293/4/3398 3274/4/3398
f 3271/4/3399 3273/4/3399 3261/4/3399 3260/4/3399
f 3286/4/3400 3295/4/3400 3297/4/3400 3289/4/3400
f 3262/4/3366 3290/4/3401 3292/4/3401 3264/4/3367
f 3288/4/3402 3296/4/3402 3403/4/3402 3401/4/3402
f 3263/4/3403 3291/4/3403 3290/4/3403 3262/4/3403
f 3310/4/3404 3296/4/3404 3297/4/3404 3312/4/3404
f 3309/4/3405 3290/4/3405 3291/4/3405 3308/4/3405
f 3306/4/3406 3294/4/3406 3403/4/3406 3402/4/3406
f 3308/4/3407 3291/4/3407 3293/4/3407 3307/4/3407
f 3316/4/3408 3314/4/3408 3307/4/3408 3293/4/3408
f 3292/4/3409 3313/4/3410 3311/4/3411 3295/4/3409
f 3273/4/3412 3274/4/3412 3263/4/3412 3261/4/3412
f 3412/4/3413 3407/4/3413 3302/4/3413 3326/4/3413
f 3307/4/3414 3314/4/3414 3412/4/3414 3410/4/3414
f 3408/4/3415 3304/4/3415 3404/4/3415 3413/4/3415
f 3409/4/3416 3303/4/3417 3305/4/3418 3315/4/3416
f 3274/4/3419 3293/4/3419 3291/4/3419 3263/4/3419
f 3299/4/3420 3298/4/3420 3303/4/3420 3409/4/3420
f 3301/4/3421 3299/4/3421 3313/4/3421 3309/4/3421
f 3315/4/3422 3305/4/3422 3304/4/3422 3408/4/3422
f 3314/4/3423 3316/4/3423 3294/4/3423 3306/4/3423
f 3312/4/3424 3297/4/3424 3295/4/3424 3311/4/3424
f 3301/4/3425 3309/4/3425 3308/4/3425 3411/4/3425
f 3246/4/3426 3247/4/3426 3323/4/3426 3321/4/3426
f 3247/4/3427 3241/4/3427 3322/4/3427 3323/4/3427
f 3388/4/3428 3394/4/3428 3321/4/3428 3252/4/3428
f 3241/4/3429 3258/4/3429 3320/4/3429 3322/4/3429
f 3269/4/3430 3272/4/3430 3318/4/3430 3319/4/3430
f 3258/4/3431 3269/4/3431 3319/4/3431 3320/4/3431
f 3272/4/3432 3275/4/3432 3317/4/3432 3318/4/3432
f 3275/4/3433 3294/4/3433 3316/4/3433 3317/4/3433
f 3411/4/3434 3410/4/3434 3325/4/3434 3324/4/3434
f 3308/4/3435 3307/4/3435 3410/4/3435 3411/4/3435
f 3312/4/3436 3315/4/3436 3408/4/3436 3310/4/3436
f 3325/4/3437 3328/4/3437 3327/4/3437 3324/4/3437
f 3326/4/3438 3329/4/3438 3328/4/3438 3325/4/3438
f 3300/4/3439 3301/4/3439 3411/4/3439 3324/4/3439
f 3339/4/3440 3337/4/3440 3336/4/3440 3340/4/3440
f 3341/4/3441 3334/4/3441 3332/4/3441 3342/4/3441
f 3340/4/3442 3336/4/3442 3331/4/3442 3343/4/3442
f 3342/4/3443 3332/4/3443 3414/4/3443 3416/4/3443
f 3345/4/3444 3333/4/3444 3335/4/3444 3346/4/3444
f 3344/4/3445 3338/4/3445 3337/4/3445 3339/4/3445
f 3347/4/3446 3330/4/3446 3333/4/3446 3345/4/3446
f 3343/4/3447 3331/4/3447 3330/4/3447 3347/4/3447
f 3300/4/3448 3405/4/3448 3406/4/3448 3298/4/3448
f 3346/4/3449 3335/4/3449 3334/4/3449 3341/4/3449
f 3298/4/3450 3406/4/3450 3399/4/3450 3303/4/3450
f 3329/4/3451 3344/4/3451 3339/4/3451 3328/4/3451
f 3303/4/3417 3399/4/3452 3400/4/3452 3305/4/3418
f 3285/4/3453 3401/4/3453 3275/4/3453 3272/4/3453
f 3327/4/3454 3340/4/3454 3343/4/3454 3405/4/3454
f 3304/4/3455 3397/4/3455 3398/4/3455 3404/4/3455
f 3328/4/3456 3339/4/3456 3340/4/3456 3327/4/3456
f 3366/4/3457 3364/4/3457 3348/4/3457 3349/4/3457
f 3305/4/3458 3400/4/3458 3397/4/3458 3304/4/3458
f 3368/4/3459 3417/4/3459 3359/4/3459 3353/4/3459 3351/4/3459
f 3352/4/3460 3361/4/3460 3374/4/3460 3355/4/3460
f 3360/4/3461 3332/4/3461 3334/4/3461 3372/4/3461
f 3365/4/3462 3335/4/3462 3333/4/3462 3363/4/3462
f 3358/4/3463 3330/4/3463 3331/4/3463 3362/4/3463
f 3334/4/3464 3335/4/3464 3365/4/3464 3372/4/3464
f 3354/4/3465 3357/4/3466 3361/4/3466 3352/4/3467
f 3371/4/3468 3366/4/3468 3349/4/3468 3350/4/3468
f 3353/4/3469 3359/4/3470 3371/4/3470 3350/4/3471
f 3369/4/3472 3373/4/3472 3336/4/3472 3337/4/3472
f 3338/4/3473 3414/4/3473 3418/4/3473 3367/4/3473
f 3333/4/3474 3330/4/3474 3358/4/3474 3363/4/3474
f 3374/4/3475 3370/4/3475 3356/4/3475 3355/4/3475
f 3369/4/3476 3337/4/3476 3338/4/3476 3367/4/3476
f 3373/4/3477 3362/4/3477 3331/4/3477 3336/4/3477
f 3253/4/3478 3257/4/3478 3256/4/3478
f 3313/4/3479 3292/4/3479 3290/4/3479 3309/4/3479
f 3364/4/3480 3363/4/3480 3358/4/3480 3357/4/3480
f 3366/4/3481 3365/4/3481 3363/4/3481 3364/4/3481
f 3368/4/3482 3367/4/3482 3418/4/3482 3417/4/3482
f 3370/4/3483 3369/4/3483 3367/4/3483 3368/4/3483
f 3374/4/3484 3373/4/3484 3369/4/3484 3370/4/3484
f 3359/4/3485 3360/4/3485 3372/4/3485 3371/4/3485
f 3357/4/3486 3358/4/3486 3362/4/3486 3361/4/3486
f 3361/4/3487 3362/4/3487 3373/4/3487 3374/4/3487
f 3371/4/3488 3372/4/3488 3365/4/3488 3366/4/3488
f 3354/4/3489 3348/4/3489 3364/4/3489 3357/4/3489
f 3348/4/3490 3375/4/3491 3349/4/3492
f 3356/4/3493 3375/4/3494 3355/4/3495
f 3352/4/3467 3375/4/3496 3354/4/3465
f 3351/4/3497 3375/4/3494 3356/4/3493
f 3354/4/3498 3375/4/3491 3348/4/3490
f 3349/4/3492 3375/4/3491 3350/4/3499
f 3353/4/3500 3375/4/3500 3351/4/3500
f 3355/4/3501 3375/4/3501 3352/4/3501
f 3350/4/3471 3375/4/3502 3353/4/3469
f 3243/4/3503 3378/4/3503 3376/4/3503 3240/4/3503
f 3383/4/3504 3395/4/3504 3379/4/3504 3246/4/3504
f 3256/4/3505 3381/4/3505 3396/4/3505 3384/4/3505
f 3240/4/3506 3376/4/3506 3381/4/3506 3256/4/3506
f 3247/4/3507 3380/4/3507 3377/4/3507 3241/4/3507
f 3241/4/3508 3377/4/3508 3378/4/3508 3243/4/3508
f 3246/4/3509 3379/4/3509 3380/4/3509 3247/4/3509
f 3380/4/3510 3424/4/3510 3422/4/3510 3377/4/3510
f 3395/4/3511 3420/4/3511 3419/4/3511 3379/4/3511
f 3379/4/3512 3419/4/3512 3424/4/3512 3380/4/3512
f 3381/4/3513 3425/4/3513 3426/4/3513 3396/4/3513
f 3378/4/3514 3421/4/3514 3423/4/3514 3376/4/3514
f 3376/4/3515 3423/4/3515 3425/4/3515 3381/4/3515
f 3377/4/3516 3422/4/3516 3421/4/3516 3378/4/3516
f 3397/4/3517 3341/4/3517 3342/4/3517 3398/4/3517
f 3399/4/3518 3345/4/3518 3346/4/3518 3400/4/3518
f 3398/4/3519 3342/4/3519 3416/4/3519 3415/4/3519
f 3400/4/3520 3346/4/3520 3341/4/3520 3397/4/3520
f 3398/4/3521 3415/4/3521 3302/4/3521 3404/4/3521
f 3403/4/3522 3294/4/3522 3275/4/3522 3401/4/3522
f 3413/4/3523 3407/4/3523 3306/4/3523 3402/4/3523
f 3403/4/3524 3296/4/3524 3310/4/3524 3402/4/3524
f 3406/4/3525 3347/4/3525 3345/4/3525 3399/4/3525
f 3404/4/3526 3302/4/3526 3407/4/3526 3413/4/3526
f 3405/4/3527 3343/4/3527 3347/4/3527 3406/4/3527
f 3405/4/3528 3300/4/3528 3324/4/3528 3327/4/3528
f 3410/4/3529 3412/4/3529 3326/4/3529 3325/4/3529
f 3300/4/3530 3298/4/3530 3299/4/3530 3301/4/3530
f 3313/4/3410 3299/4/3410 3409/4/3410 3311/4/3411
f 3311/4/3531 3409/4/3531 3315/4/3531 3312/4/3531
f 3310/4/3532 3408/4/3532 3413/4/3532 3402/4/3532
f 3314/4/3533 3306/4/3533 3407/4/3533 3412/4/3533
f 3415/4/3534 3329/4/3534 3326/4/3534 3302/4/3534
f 3414/4/3535 3338/4/3535 3344/4/3535 3416/4/3535
f 3418/4/3536 3360/4/3536 3359/4/3536 3417/4/3536
f 3416/4/3537 3344/4/3537 3329/4/3537 3415/4/3537
f 3414/4/3538 3332/4/3538 3360/4/3538 3418/4/3538
f 3419/4/3344 3420/4/3344 3431/4/3344 3432/4/3344
f 3424/4/3344 3419/4/3344 3432/4/3344 3430/4/3344
f 3421/4/3344 3429/4/3344 3423/4/3344
f 3432/4/3344 3427/4/3344 3429/4/3344 3430/4/3344
f 3422/4/3344 3424/4/3344 3430/4/3344
f 3431/4/3344 3428/4/3344 3427/4/3344 3432/4/3344
f 3427/4/3344 3425/4/3344 3423/4/3344 3429/4/3344
f 3429/4/3344 3421/4/3344 3422/4/3344 3430/4/3344
f 3428/4/3344 3426/4/3344 3425/4/3344 3427/4/3344
